sku_name,brand,category,merchant,price_usd,discount,sold,gmv_usd,rating,reviews,month,country,marketplace,sku_name_clean,brand_clean,competitor_p25,competitor_median,competitor_p75,competitor_count
Baseus Laptop Stand 2026,Baseus,Accessories,baseus-seller-015,31.15,14.55,186,5794.81,4.65,499,2026-03-01,Philippines,Shopee,baseus laptop stand 2026,baseus,19.3525,32.84,56.6075,14
IKEA Kitchen Organizer Plus,IKEA,Home & Living,ikea-seller-003,155.68,16.34,51,7939.93,4.39,84,2026-03-01,Thailand,Shopee,ikea kitchen organizer plus,ikea,53.71,121.445,153.235,22
Oishi Crackers Mini,Oishi,Groceries,oishi-seller-002,17.35,0.0,278,4823.65,4.4,60,2026-03-01,Vietnam,Shopee,oishi crackers mini,oishi,11.4125,13.67,17.03,14
LocknLock Water Bottle Plus,LocknLock,Home & Living,locknlock-seller-038,122.92,0.6,57,7006.16,4.36,169,2026-03-01,Indonesia,Shopee,locknlock water bottle plus,locknlock,42.685,67.92500000000001,124.1525,16
Kikkoman Teriyaki Sauce Pro,Kikkoman,Groceries,kikkoman-seller-018,4.07,19.58,666,2711.19,4.65,69,2026-03-01,Malaysia,Shopee,kikkoman teriyaki sauce pro,kikkoman,11.1625,18.03,24.435,14
L'Oreal Shampoo Plus,L'Oreal,Beauty,l'oreal-seller-007,32.49,2.23,181,5881.33,4.62,14,2026-03-01,Thailand,Shopee,l oreal shampoo plus,l oreal,18.35,24.02,46.9,17
LocknLock Water Bottle Max,LocknLock,Home & Living,locknlock-seller-030,162.86,19.05,41,6677.34,4.2,22,2026-03-01,Malaysia,Lazada,locknlock water bottle max,locknlock,72.85,104.89,151.0625,12
Xiaomi Router Pro,Xiaomi,Electronics,xiaomi-seller-054,174.28,0.0,38,6622.68,4.66,93,2026-03-01,Indonesia,Shopee,xiaomi router pro,xiaomi,136.705,196.675,285.3575,14
IKEA Kitchen Organizer Standard,IKEA,Home & Living,ikea-seller-003,9.35,19.1,185,1730.37,4.86,367,2026-03-01,Philippines,Lazada,ikea kitchen organizer standard,ikea,50.21,106.07,137.275,19
L'Oreal Shampoo,L'Oreal,Beauty,l'oreal-seller-007,10.28,19.8,366,3761.45,4.38,118,2026-03-01,Philippines,Shopee,l oreal shampoo,l oreal,20.5925,29.16,41.37,14
Samsung Monitor 2026,Samsung,Electronics,samsung-seller-024,440.62,14.37,21,9252.95,4.19,135,2026-03-01,Singapore,Lazada,samsung monitor 2026,samsung,305.515,426.94,473.90999999999997,11
Maybelline Lip Tint Max,Maybelline,Beauty,maybelline-seller-005,33.51,24.52,206,6902.59,3.63,397,2026-03-01,Malaysia,Shopee,maybelline lip tint max,maybelline,21.82,37.81,41.54,13
Philips LED Bulb 2026,Philips,Home & Living,philips-seller-030,134.25,0.04,39,5235.68,4.27,362,2026-03-01,Indonesia,Shopee,philips led bulb 2026,philips,42.685,67.92500000000001,124.1525,16
IKEA Kitchen Organizer Pro,IKEA,Home & Living,ikea-seller-054,43.02,14.63,107,4603.12,4.36,274,2026-03-01,Singapore,Lazada,ikea kitchen organizer pro,ikea,42.815,88.67,118.07499999999999,11
Anker Charging Cable Pro,Anker,Accessories,anker-seller-005,64.14,17.39,121,7761.38,4.46,95,2026-03-01,Vietnam,Shopee,anker charging cable pro,anker,50.647499999999994,62.41,67.6175,8
Kikkoman Teriyaki Sauce Plus,Kikkoman,Groceries,kikkoman-seller-057,31.63,10.12,171,5409.28,4.05,89,2026-03-01,Thailand,Lazada,kikkoman teriyaki sauce plus,kikkoman,13.785,25.494999999999997,27.95,14
Nestle Coffee 2026,Nestle,Groceries,nestle-seller-048,34.03,0.0,156,5308.26,4.22,800,2026-03-01,Philippines,Lazada,nestle coffee 2026,nestle,7.0,7.98,23.59,13
LocknLock Lunch Box Plus,LocknLock,Home & Living,locknlock-seller-024,51.83,31.71,84,4354.0,4.48,213,2026-03-01,Indonesia,Lazada,locknlock lunch box plus,locknlock,89.89,106.76,129.64,17
LocknLock Water Bottle,LocknLock,Home & Living,locknlock-seller-004,174.52,2.8,51,8900.64,4.28,375,2026-03-01,Thailand,Shopee,locknlock water bottle,locknlock,53.71,121.445,153.235,22
Kikkoman Teriyaki Sauce Mini,Kikkoman,Groceries,kikkoman-seller-005,23.97,29.52,322,7716.8,4.2,75,2026-03-01,Vietnam,Shopee,kikkoman teriyaki sauce mini,kikkoman,11.4125,13.67,17.03,14
LocknLock Lunch Box Pro,LocknLock,Home & Living,locknlock-seller-036,111.21,2.22,46,5115.58,4.74,49,2026-03-01,Singapore,Lazada,locknlock lunch box pro,locknlock,42.815,88.67,118.07499999999999,11
LocknLock Lunch Box Pro,LocknLock,Home & Living,locknlock-seller-008,27.15,9.42,149,4045.0,4.83,33,2026-03-01,Vietnam,Shopee,locknlock lunch box pro,locknlock,18.14,54.84,89.36,13
Nestle Coffee Max,Nestle,Groceries,nestle-seller-057,19.55,10.35,237,4633.04,4.05,619,2026-03-01,Malaysia,Lazada,nestle coffee max,nestle,15.995000000000001,21.35,29.77,10
IKEA Kitchen Organizer Standard,IKEA,Home & Living,ikea-seller-056,148.76,14.77,39,5801.47,4.31,196,2026-03-01,Philippines,Lazada,ikea kitchen organizer standard,ikea,50.21,106.07,137.275,19
Philips LED Bulb 2026,Philips,Home & Living,philips-seller-024,102.6,2.27,45,4617.18,4.92,727,2026-03-01,Philippines,Lazada,philips led bulb 2026,philips,50.21,106.07,137.275,19
LocknLock Food Container Standard,LocknLock,Home & Living,locknlock-seller-008,50.27,5.43,99,4977.2,4.89,243,2026-03-01,Thailand,Shopee,locknlock food container standard,locknlock,53.71,121.445,153.235,22
Oishi Green Tea Mini,Oishi,Groceries,oishi-seller-006,4.7,5.83,469,2204.15,4.86,111,2026-03-01,Malaysia,Lazada,oishi green tea mini,oishi,15.995000000000001,21.35,29.77,10
Baseus USB-C Cable 2026,Baseus,Accessories,baseus-seller-043,42.29,33.76,138,5836.05,4.77,53,2026-03-01,Vietnam,Lazada,baseus usb c cable 2026,baseus,15.53,22.61,37.51,7
Maybelline Lip Tint Plus,Maybelline,Beauty,maybelline-seller-014,44.96,17.92,169,7598.54,4.39,377,2026-03-01,Singapore,Shopee,maybelline lip tint plus,maybelline,22.35,42.66,60.07,17
Innisfree Cleanser Max,Innisfree,Beauty,innisfree-seller-024,19.69,2.03,235,4627.36,4.61,235,2026-03-01,Indonesia,Shopee,innisfree cleanser max,innisfree,19.69,31.76,41.59,13
Logitech Wireless Mouse Standard,Logitech,Accessories,logitech-seller-022,68.95,12.41,100,6895.09,4.86,533,2026-03-01,Singapore,Lazada,logitech wireless mouse standard,logitech,29.88,41.3,62.44,13
IKEA Desk Lamp Standard,IKEA,Home & Living,ikea-seller-046,54.84,16.11,109,5977.52,4.73,15112,2026-03-01,Vietnam,Shopee,ikea desk lamp standard,ikea,18.14,54.84,89.36,13
Oishi Green Tea,Oishi,Groceries,oishi-seller-022,25.89,13.41,237,6136.71,4.15,24,2026-03-01,Philippines,Shopee,oishi green tea,oishi,18.82,23.37,28.439999999999998,15
Maybelline Foundation 2026,Maybelline,Beauty,maybelline-seller-035,7.02,0.0,316,2218.21,4.79,21,2026-03-01,Vietnam,Shopee,maybelline foundation 2026,maybelline,10.5625,24.810000000000002,43.7425,14
Nestle Cereal 2026,Nestle,Groceries,nestle-seller-007,28.22,9.32,187,5277.41,5.0,173,2026-03-01,Thailand,Lazada,nestle cereal 2026,nestle,13.785,25.494999999999997,27.95,14
Innisfree Moisturizer Plus,Innisfree,Beauty,innisfree-seller-056,8.38,6.79,306,2565.27,5.0,317,2026-03-01,Vietnam,Lazada,innisfree moisturizer plus,innisfree,15.89,25.869999999999997,43.81,14
Logitech Mechanical Keyboard Max,Logitech,Accessories,logitech-seller-022,63.2,0.0,95,6004.4,4.28,1089,2026-03-01,Philippines,Shopee,logitech mechanical keyboard max,logitech,19.3525,32.84,56.6075,14
Oishi Crackers Plus,Oishi,Groceries,oishi-seller-009,11.81,15.24,401,4737.46,4.11,446,2026-03-01,Vietnam,Shopee,oishi crackers plus,oishi,11.4125,13.67,17.03,14
Innisfree Clay Mask,Innisfree,Beauty,innisfree-seller-060,29.47,1.76,166,4891.61,4.47,1403,2026-03-01,Singapore,Shopee,innisfree clay mask,innisfree,22.35,42.66,60.07,17
IKEA Desk Lamp Max,IKEA,Home & Living,ikea-seller-035,78.37,2.02,62,4858.82,5.0,26,2026-03-01,Vietnam,Lazada,ikea desk lamp max,ikea,29.75,66.65,74.975,15
Oishi Snack Mix Plus,Oishi,Groceries,oishi-seller-031,14.43,30.78,386,5569.83,4.69,442,2026-03-01,Vietnam,Shopee,oishi snack mix plus,oishi,11.4125,13.67,17.03,14
Logitech Mechanical Keyboard Standard,Logitech,Accessories,logitech-seller-025,55.99,8.92,98,5487.25,4.59,328,2026-03-01,Thailand,Lazada,logitech mechanical keyboard standard,logitech,29.6825,44.790000000000006,64.955,16
Innisfree Cleanser Max,Innisfree,Beauty,innisfree-seller-051,29.78,12.57,191,5688.83,4.7,130,2026-03-01,Malaysia,Lazada,innisfree cleanser max,innisfree,19.45,29.78,41.735,15
Oishi Snack Mix 2026,Oishi,Groceries,oishi-seller-004,4.21,7.02,514,2164.44,4.48,82,2026-03-01,Indonesia,Lazada,oishi snack mix 2026,oishi,8.64,20.55,25.604999999999997,15
L'Oreal Shampoo Mini,L'Oreal,Beauty,l'oreal-seller-031,41.59,9.16,185,7694.8,4.88,848,2026-03-01,Indonesia,Shopee,l oreal shampoo mini,l oreal,19.69,31.76,41.59,13
Baseus USB-C Cable,Baseus,Accessories,baseus-seller-012,58.81,7.52,114,6704.0,4.81,308,2026-03-01,Indonesia,Shopee,baseus usb c cable,baseus,18.55,35.46,58.81,13
Nestle Coffee Mini,Nestle,Groceries,nestle-seller-016,15.0,8.48,361,5414.53,4.41,203,2026-03-01,Vietnam,Shopee,nestle coffee mini,nestle,11.4125,13.67,17.03,14
IKEA Storage Box Max,IKEA,Home & Living,ikea-seller-038,135.47,9.52,74,10024.73,4.66,126,2026-03-01,Indonesia,Shopee,ikea storage box max,ikea,42.685,67.92500000000001,124.1525,16
L'Oreal Face Wash Max,L'Oreal,Beauty,l'oreal-seller-021,30.13,8.43,173,5212.52,4.97,35,2026-03-01,Indonesia,Lazada,l oreal face wash max,l oreal,25.83,29.494999999999997,36.5725,6
Xiaomi Router Max,Xiaomi,Electronics,xiaomi-seller-020,374.64,4.82,17,6368.95,4.58,65,2026-03-01,Thailand,Lazada,xiaomi router max,xiaomi,115.575,304.92,384.46500000000003,14
Logitech Mechanical Keyboard Mini,Logitech,Accessories,logitech-seller-037,41.3,22.86,148,6112.31,4.4,189,2026-03-01,Singapore,Lazada,logitech mechanical keyboard mini,logitech,29.88,41.3,62.44,13
IKEA Kitchen Organizer Pro,IKEA,Home & Living,ikea-seller-009,18.14,0.74,167,3028.93,4.3,114,2026-03-01,Vietnam,Shopee,ikea kitchen organizer pro,ikea,18.14,54.84,89.36,13
Nestle Cereal 2026,Nestle,Groceries,nestle-seller-029,16.09,11.96,306,4922.17,4.31,140,2026-03-01,Malaysia,Shopee,nestle cereal 2026,nestle,11.1625,18.03,24.435,14
Philips Desk Fan Standard,Philips,Home & Living,philips-seller-043,106.76,24.26,56,5978.42,4.51,240,2026-03-01,Indonesia,Lazada,philips desk fan standard,philips,89.89,106.76,129.64,17
Logitech Mechanical Keyboard Standard,Logitech,Accessories,logitech-seller-057,21.77,19.87,187,4070.09,4.72,158,2026-03-01,Indonesia,Lazada,logitech mechanical keyboard standard,logitech,18.86,37.72,61.21,17
Innisfree Cleanser 2026,Innisfree,Beauty,innisfree-seller-046,46.91,5.86,122,5722.44,4.86,184,2026-03-01,Vietnam,Shopee,innisfree cleanser 2026,innisfree,10.5625,24.810000000000002,43.7425,14
Maybelline Foundation Pro,Maybelline,Beauty,maybelline-seller-058,53.57,19.81,147,7874.44,4.04,380,2026-03-01,Malaysia,Shopee,maybelline foundation pro,maybelline,21.82,37.81,41.54,13
JBL Bluetooth Speaker Standard,JBL,Electronics,jbl-seller-022,164.85,13.2,35,5769.85,4.67,1410,2026-03-01,Vietnam,Shopee,jbl bluetooth speaker standard,jbl,156.315,189.31,322.935,14
Kikkoman Teriyaki Sauce Mini,Kikkoman,Groceries,kikkoman-seller-046,27.14,23.81,250,6786.07,4.8,126,2026-03-01,Thailand,Lazada,kikkoman teriyaki sauce mini,kikkoman,13.785,25.494999999999997,27.95,14
Logitech Webcam 2026,Logitech,Accessories,logitech-seller-035,10.75,8.25,309,3321.02,3.95,753,2026-03-01,Singapore,Shopee,logitech webcam 2026,logitech,15.66,31.33,53.475,23
Philips LED Bulb Plus,Philips,Home & Living,philips-seller-009,70.44,11.56,70,4930.64,4.64,213,2026-03-01,Vietnam,Lazada,philips led bulb plus,philips,29.75,66.65,74.975,15
L'Oreal Hair Serum 2026,L'Oreal,Beauty,l'oreal-seller-044,50.34,16.98,161,8104.36,4.18,125,2026-03-01,Vietnam,Lazada,l oreal hair serum 2026,l oreal,15.89,25.869999999999997,43.81,14
Maybelline Foundation Mini,Maybelline,Beauty,maybelline-seller-048,17.73,24.33,307,5442.88,4.26,103,2026-03-01,Thailand,Shopee,maybelline foundation mini,maybelline,18.35,24.02,46.9,17
Oishi Snack Mix Standard,Oishi,Groceries,oishi-seller-012,31.41,12.54,256,8042.03,5.0,1219,2026-03-01,Thailand,Shopee,oishi snack mix standard,oishi,19.54,24.34,27.15,13
Samsung Tablet,Samsung,Electronics,samsung-seller-016,93.25,19.02,48,4475.9,4.4,98,2026-03-01,Philippines,Lazada,samsung tablet,samsung,85.88,133.575,319.66,12
Anker USB-C Hub,Anker,Accessories,anker-seller-031,38.68,17.74,159,6150.37,5.0,162,2026-03-01,Malaysia,Shopee,anker usb c hub,anker,41.05,61.52,72.8,11
JBL Earbuds,JBL,Electronics,jbl-seller-051,406.69,18.37,21,8540.4,4.45,20,2026-03-01,Thailand,Shopee,jbl earbuds,jbl,76.24,156.28,284.22,9
Baseus USB-C Cable Plus,Baseus,Accessories,baseus-seller-022,25.46,4.48,201,5116.93,4.37,41,2026-03-01,Thailand,Shopee,baseus usb c cable plus,baseus,28.575,50.675,67.18249999999999,18
Innisfree Cleanser Mini,Innisfree,Beauty,innisfree-seller-026,37.81,8.19,153,5785.11,4.26,75,2026-03-01,Malaysia,Shopee,innisfree cleanser mini,innisfree,21.82,37.81,41.54,13
Logitech Mechanical Keyboard 2026,Logitech,Accessories,logitech-seller-038,38.74,2.42,121,4688.02,5.0,154,2026-03-01,Philippines,Lazada,logitech mechanical keyboard 2026,logitech,17.98,34.06,44.21,13
Baseus Laptop Stand Pro,Baseus,Accessories,baseus-seller-047,77.89,7.04,91,7088.23,4.29,297,2026-03-01,Malaysia,Shopee,baseus laptop stand pro,baseus,41.05,61.52,72.8,11
Philips LED Bulb Plus,Philips,Home & Living,philips-seller-058,74.5,22.93,50,3724.83,5.0,110,2026-03-01,Malaysia,Lazada,philips led bulb plus,philips,72.85,104.89,151.0625,12
L'Oreal Face Wash Plus,L'Oreal,Beauty,l'oreal-seller-001,38.85,19.75,188,7304.64,4.21,163,2026-03-01,Indonesia,Shopee,l oreal face wash plus,l oreal,19.69,31.76,41.59,13
Innisfree Clay Mask Max,Innisfree,Beauty,innisfree-seller-059,14.79,0.62,242,3578.91,4.32,40,2026-03-01,Indonesia,Shopee,innisfree clay mask max,innisfree,19.69,31.76,41.59,13
Baseus Laptop Stand Mini,Baseus,Accessories,baseus-seller-020,55.95,17.23,111,6210.86,4.24,147,2026-03-01,Malaysia,Lazada,baseus laptop stand mini,baseus,38.855,52.955,59.265,10
Innisfree Cleanser Pro,Innisfree,Beauty,innisfree-seller-036,39.06,10.48,150,5858.74,4.24,28,2026-03-01,Philippines,Lazada,innisfree cleanser pro,innisfree,24.76,31.09,40.11,13
Samsung Monitor Max,Samsung,Electronics,samsung-seller-048,183.8,13.02,29,5330.24,4.42,111,2026-03-01,Thailand,Shopee,samsung monitor max,samsung,76.24,156.28,284.22,9
Samsung SSD Pro,Samsung,Electronics,samsung-seller-019,92.53,5.09,32,2960.97,4.57,54,2026-03-01,Thailand,Lazada,samsung ssd pro,samsung,115.575,304.92,384.46500000000003,14
Philips Desk Fan Pro,Philips,Home & Living,philips-seller-030,164.67,14.19,45,7410.19,4.3,78,2026-03-01,Thailand,Lazada,philips desk fan pro,philips,28.61,53.28,142.38,5
Kikkoman Teriyaki Sauce,Kikkoman,Groceries,kikkoman-seller-058,13.11,16.56,316,4142.95,4.28,17,2026-03-01,Singapore,Lazada,kikkoman teriyaki sauce,kikkoman,10.0975,15.16,31.4725,16
Anker Power Bank Max,Anker,Accessories,anker-seller-041,12.96,18.38,288,3733.02,4.15,204,2026-03-01,Philippines,Shopee,anker power bank max,anker,19.3525,32.84,56.6075,14
Logitech Webcam Pro,Logitech,Accessories,logitech-seller-015,8.81,8.92,252,2221.01,4.9,74,2026-03-01,Indonesia,Lazada,logitech webcam pro,logitech,18.86,37.72,61.21,17
Logitech Wireless Mouse Plus,Logitech,Accessories,logitech-seller-040,61.11,31.47,164,10021.51,3.93,42,2026-03-01,Thailand,Shopee,logitech wireless mouse plus,logitech,28.575,50.675,67.18249999999999,18
Samsung Tablet 2026,Samsung,Electronics,samsung-seller-046,448.25,7.17,18,8068.5,4.58,123,2026-03-01,Vietnam,Lazada,samsung tablet 2026,samsung,76.67,184.22,303.29,13
JBL Bluetooth Speaker 2026,JBL,Electronics,jbl-seller-042,81.29,16.71,56,4552.11,4.44,101,2026-03-01,Philippines,Lazada,jbl bluetooth speaker 2026,jbl,85.88,133.575,319.66,12
Anker USB-C Hub 2026,Anker,Accessories,anker-seller-052,48.41,9.39,132,6390.51,4.97,90,2026-03-01,Philippines,Shopee,anker usb c hub 2026,anker,19.3525,32.84,56.6075,14
Baseus USB-C Cable,Baseus,Accessories,baseus-seller-008,44.21,5.25,128,5658.58,4.0,151,2026-03-01,Philippines,Lazada,baseus usb c cable,baseus,17.98,34.06,44.21,13
Samsung Tablet Mini,Samsung,Electronics,samsung-seller-039,320.88,18.17,21,6738.56,4.03,585,2026-03-01,Singapore,Shopee,samsung tablet mini,samsung,276.5425,318.47,357.98,10
Philips Desk Fan Plus,Philips,Home & Living,philips-seller-054,113.78,12.66,49,5575.2,4.38,240,2026-03-01,Malaysia,Lazada,philips desk fan plus,philips,72.85,104.89,151.0625,12
Kikkoman Teriyaki Sauce Plus,Kikkoman,Groceries,kikkoman-seller-017,25.63,8.18,201,5152.55,4.72,221,2026-03-01,Indonesia,Lazada,kikkoman teriyaki sauce plus,kikkoman,8.64,20.55,25.604999999999997,15
LocknLock Lunch Box 2026,LocknLock,Home & Living,locknlock-seller-018,28.61,8.44,116,3318.47,4.4,76,2026-03-01,Thailand,Lazada,locknlock lunch box 2026,locknlock,28.61,53.28,142.38,5
L'Oreal Hair Serum Pro,L'Oreal,Beauty,l'oreal-seller-021,46.66,27.01,169,7885.05,4.28,33,2026-03-01,Singapore,Shopee,l oreal hair serum pro,l oreal,22.35,42.66,60.07,17
Oishi Green Tea Plus,Oishi,Groceries,oishi-seller-045,19.0,0.0,277,5262.57,4.61,3541,2026-03-01,Indonesia,Shopee,oishi green tea plus,oishi,18.9375,21.56,25.0425,12
Anker Charging Cable Pro,Anker,Accessories,anker-seller-035,74.0,17.81,121,8954.42,4.72,194,2026-03-01,Thailand,Shopee,anker charging cable pro,anker,28.575,50.675,67.18249999999999,18
Logitech Mechanical Keyboard Plus,Logitech,Accessories,logitech-seller-058,53.75,27.09,141,7578.07,4.61,167,2026-03-01,Singapore,Lazada,logitech mechanical keyboard plus,logitech,29.88,41.3,62.44,13
LocknLock Food Container Standard,LocknLock,Home & Living,locknlock-seller-023,24.31,20.75,133,3233.47,3.96,930,2026-03-01,Indonesia,Shopee,locknlock food container standard,locknlock,42.685,67.92500000000001,124.1525,16
Samsung Tablet Max,Samsung,Electronics,samsung-seller-035,403.81,0.0,15,6057.2,4.47,315,2026-03-01,Malaysia,Lazada,samsung tablet max,samsung,208.42499999999998,364.54999999999995,394.8175,16
Xiaomi Bluetooth Speaker Plus,Xiaomi,Electronics,xiaomi-seller-032,204.22,0.0,30,6126.58,4.46,106,2026-03-01,Indonesia,Shopee,xiaomi bluetooth speaker plus,xiaomi,136.705,196.675,285.3575,14
Maybelline Lip Tint,Maybelline,Beauty,maybelline-seller-026,55.23,0.0,135,7456.13,4.19,275,2026-03-01,Vietnam,Lazada,maybelline lip tint,maybelline,15.89,25.869999999999997,43.81,14
Xiaomi Router Mini,Xiaomi,Electronics,xiaomi-seller-002,249.68,12.47,25,6242.09,4.55,144,2026-03-01,Philippines,Shopee,xiaomi router mini,xiaomi,192.81,243.89,274.265,10
Baseus Laptop Stand 2026,Baseus,Accessories,baseus-seller-056,32.0,3.14,156,4991.73,5.0,6,2026-03-01,Singapore,Shopee,baseus laptop stand 2026,baseus,15.66,31.33,53.475,23
Anker Charging Cable Pro,Anker,Accessories,anker-seller-014,56.74,9.03,127,7206.16,4.06,58,2026-03-01,Singapore,Shopee,anker charging cable pro,anker,15.66,31.33,53.475,23
Innisfree Moisturizer,Innisfree,Beauty,innisfree-seller-054,6.77,5.82,318,2152.96,4.52,153,2026-03-01,Singapore,Lazada,innisfree moisturizer,innisfree,22.822499999999998,33.730000000000004,39.1825,12
Anker USB-C Hub Max,Anker,Accessories,anker-seller-035,65.72,15.91,84,5520.42,4.12,349,2026-03-01,Singapore,Lazada,anker usb c hub max,anker,29.88,41.3,62.44,13
Kikkoman Soy Sauce,Kikkoman,Groceries,kikkoman-seller-042,26.32,14.02,202,5317.52,5.0,44,2026-03-01,Vietnam,Lazada,kikkoman soy sauce,kikkoman,13.125,23.72,29.645,11
Oishi Green Tea Mini,Oishi,Groceries,oishi-seller-010,32.41,1.99,225,7293.11,4.87,118,2026-03-01,Vietnam,Shopee,oishi green tea mini,oishi,11.4125,13.67,17.03,14
Samsung SSD Mini,Samsung,Electronics,samsung-seller-014,156.28,0.0,33,5157.21,4.81,27,2026-03-01,Thailand,Shopee,samsung ssd mini,samsung,76.24,156.28,284.22,9
L'Oreal Face Wash Mini,L'Oreal,Beauty,l'oreal-seller-048,32.83,11.23,176,5777.68,4.36,239,2026-03-01,Singapore,Lazada,l oreal face wash mini,l oreal,22.822499999999998,33.730000000000004,39.1825,12
Nestle Coffee Mini,Nestle,Groceries,nestle-seller-002,30.99,22.77,247,7654.97,5.0,332,2026-03-01,Philippines,Shopee,nestle coffee mini,nestle,18.82,23.37,28.439999999999998,15
Samsung SSD Standard,Samsung,Electronics,samsung-seller-038,391.82,14.78,13,5093.64,4.36,58,2026-03-01,Malaysia,Lazada,samsung ssd standard,samsung,208.42499999999998,364.54999999999995,394.8175,16
Baseus Laptop Stand,Baseus,Accessories,baseus-seller-044,31.16,17.74,204,6357.1,4.39,279,2026-03-01,Philippines,Shopee,baseus laptop stand,baseus,19.3525,32.84,56.6075,14
IKEA Storage Box Mini,IKEA,Home & Living,ikea-seller-028,108.37,20.11,71,7694.51,3.91,31,2026-03-01,Indonesia,Shopee,ikea storage box mini,ikea,42.685,67.92500000000001,124.1525,16
Baseus Phone Holder Pro,Baseus,Accessories,baseus-seller-001,17.98,13.59,190,3416.27,4.05,298,2026-03-01,Philippines,Lazada,baseus phone holder pro,baseus,17.98,34.06,44.21,13
Anker Charging Cable Max,Anker,Accessories,anker-seller-058,36.77,20.43,147,5404.87,4.22,3494,2026-03-01,Singapore,Lazada,anker charging cable max,anker,29.88,41.3,62.44,13
Xiaomi Router Mini,Xiaomi,Electronics,xiaomi-seller-042,434.31,0.0,21,9120.44,4.55,67,2026-03-01,Singapore,Shopee,xiaomi router mini,xiaomi,276.5425,318.47,357.98,10
JBL Headphones Mini,JBL,Electronics,jbl-seller-018,362.2,26.17,19,6881.83,4.33,1306,2026-03-01,Malaysia,Lazada,jbl headphones mini,jbl,208.42499999999998,364.54999999999995,394.8175,16
Anker Charging Cable 2026,Anker,Accessories,anker-seller-049,61.52,19.44,127,7812.81,3.93,585,2026-03-01,Malaysia,Shopee,anker charging cable 2026,anker,41.05,61.52,72.8,11
L'Oreal Hair Serum,L'Oreal,Beauty,l'oreal-seller-021,40.12,16.88,158,6338.2,4.75,542,2026-03-01,Singapore,Lazada,l oreal hair serum,l oreal,22.822499999999998,33.730000000000004,39.1825,12
Nestle Cereal Pro,Nestle,Groceries,nestle-seller-018,9.42,11.54,343,3232.58,4.84,174,2026-03-01,Thailand,Lazada,nestle cereal pro,nestle,13.785,25.494999999999997,27.95,14
IKEA Kitchen Organizer 2026,IKEA,Home & Living,ikea-seller-006,148.9,17.45,44,6551.81,4.56,153,2026-03-01,Indonesia,Lazada,ikea kitchen organizer 2026,ikea,89.89,106.76,129.64,17
Samsung SSD Max,Samsung,Electronics,samsung-seller-031,37.85,16.01,80,3028.3,4.19,687,2026-03-01,Thailand,Lazada,samsung ssd max,samsung,115.575,304.92,384.46500000000003,14
Xiaomi Smart Band Pro,Xiaomi,Electronics,xiaomi-seller-015,180.3,13.57,38,6851.27,4.91,24,2026-03-01,Philippines,Lazada,xiaomi smart band pro,xiaomi,85.88,133.575,319.66,12
Maybelline Lip Tint Pro,Maybelline,Beauty,maybelline-seller-031,20.68,12.38,245,5066.79,4.98,65,2026-03-01,Singapore,Shopee,maybelline lip tint pro,maybelline,22.35,42.66,60.07,17
Samsung Tablet Pro,Samsung,Electronics,samsung-seller-023,270.22,23.63,22,5944.79,5.0,79,2026-03-01,Indonesia,Lazada,samsung tablet pro,samsung,84.8,203.79500000000002,286.1875,16
Innisfree Moisturizer 2026,Innisfree,Beauty,innisfree-seller-008,20.58,3.59,198,4075.14,3.87,34,2026-03-01,Philippines,Lazada,innisfree moisturizer 2026,innisfree,24.76,31.09,40.11,13
L'Oreal Face Wash Mini,L'Oreal,Beauty,l'oreal-seller-049,57.31,10.29,146,8367.62,4.53,333,2026-03-01,Philippines,Shopee,l oreal face wash mini,l oreal,20.5925,29.16,41.37,14
Oishi Crackers Plus,Oishi,Groceries,oishi-seller-018,38.49,24.97,218,8390.04,4.0,162,2026-03-01,Philippines,Shopee,oishi crackers plus,oishi,18.82,23.37,28.439999999999998,15
Logitech Mechanical Keyboard 2026,Logitech,Accessories,logitech-seller-024,19.0,21.51,210,3990.09,5.0,74,2026-03-01,Philippines,Lazada,logitech mechanical keyboard 2026,logitech,17.98,34.06,44.21,13
Baseus Phone Holder 2026,Baseus,Accessories,baseus-seller-018,65.24,6.37,94,6132.57,5.0,457,2026-03-01,Thailand,Lazada,baseus phone holder 2026,baseus,29.6825,44.790000000000006,64.955,16
LocknLock Lunch Box 2026,LocknLock,Home & Living,locknlock-seller-041,134.61,8.9,60,8076.64,4.65,221,2026-03-01,Vietnam,Shopee,locknlock lunch box 2026,locknlock,18.14,54.84,89.36,13
Baseus Laptop Stand Plus,Baseus,Accessories,baseus-seller-031,13.3,1.94,246,3271.94,4.86,47,2026-03-01,Singapore,Shopee,baseus laptop stand plus,baseus,15.66,31.33,53.475,23
Oishi Snack Mix,Oishi,Groceries,oishi-seller-031,10.93,13.79,336,3674.14,4.54,617,2026-03-01,Singapore,Lazada,oishi snack mix,oishi,10.0975,15.16,31.4725,16
JBL Bluetooth Speaker Mini,JBL,Electronics,jbl-seller-041,417.44,2.95,22,9183.67,3.98,258,2026-03-01,Vietnam,Shopee,jbl bluetooth speaker mini,jbl,156.315,189.31,322.935,14
Oishi Crackers Pro,Oishi,Groceries,oishi-seller-006,33.03,16.06,241,7959.03,4.92,603,2026-03-01,Philippines,Shopee,oishi crackers pro,oishi,18.82,23.37,28.439999999999998,15
LocknLock Lunch Box Mini,LocknLock,Home & Living,locknlock-seller-051,32.42,5.33,120,3890.1,4.31,268,2026-03-01,Thailand,Shopee,locknlock lunch box mini,locknlock,53.71,121.445,153.235,22
LocknLock Food Container Plus,LocknLock,Home & Living,locknlock-seller-020,50.33,12.37,105,5284.46,4.07,363,2026-03-01,Indonesia,Shopee,locknlock food container plus,locknlock,42.685,67.92500000000001,124.1525,16
Maybelline Lip Tint Standard,Maybelline,Beauty,maybelline-seller-040,42.93,8.79,130,5580.51,4.74,157,2026-03-01,Indonesia,Lazada,maybelline lip tint standard,maybelline,25.83,29.494999999999997,36.5725,6
Kikkoman Soy Sauce Pro,Kikkoman,Groceries,kikkoman-seller-043,31.92,13.55,206,6576.29,4.93,43,2026-03-01,Philippines,Shopee,kikkoman soy sauce pro,kikkoman,18.82,23.37,28.439999999999998,15
Oishi Crackers Standard,Oishi,Groceries,oishi-seller-011,12.91,13.02,304,3924.23,4.68,78,2026-03-01,Vietnam,Shopee,oishi crackers standard,oishi,11.4125,13.67,17.03,14
Samsung Tablet Plus,Samsung,Electronics,samsung-seller-019,184.22,11.47,28,5158.16,4.36,1418,2026-03-01,Vietnam,Lazada,samsung tablet plus,samsung,76.67,184.22,303.29,13
Maybelline Foundation Max,Maybelline,Beauty,maybelline-seller-056,13.0,19.9,324,4212.75,4.94,715,2026-03-01,Vietnam,Shopee,maybelline foundation max,maybelline,10.5625,24.810000000000002,43.7425,14
Nestle Chocolate Drink Mini,Nestle,Groceries,nestle-seller-043,9.05,11.21,430,3891.57,5.0,41,2026-03-01,Singapore,Shopee,nestle chocolate drink mini,nestle,15.190000000000001,24.075000000000003,31.917500000000004,14
Baseus USB-C Cable Max,Baseus,Accessories,baseus-seller-010,88.07,10.35,77,6781.49,4.3,66,2026-03-01,Thailand,Lazada,baseus usb c cable max,baseus,29.6825,44.790000000000006,64.955,16
Logitech Wireless Mouse,Logitech,Accessories,logitech-seller-020,43.42,15.65,160,6947.59,4.75,253,2026-03-01,Malaysia,Shopee,logitech wireless mouse,logitech,41.05,61.52,72.8,11
Xiaomi Bluetooth Speaker Max,Xiaomi,Electronics,xiaomi-seller-020,85.7,15.93,38,3256.53,4.19,139,2026-03-01,Indonesia,Lazada,xiaomi bluetooth speaker max,xiaomi,84.8,203.79500000000002,286.1875,16
Maybelline Lip Tint Plus,Maybelline,Beauty,maybelline-seller-029,26.12,0.55,154,4022.63,4.59,65,2026-03-01,Philippines,Lazada,maybelline lip tint plus,maybelline,24.76,31.09,40.11,13
Samsung Monitor Mini,Samsung,Electronics,samsung-seller-017,153.47,11.8,39,5985.19,4.49,64,2026-03-01,Vietnam,Shopee,samsung monitor mini,samsung,156.315,189.31,322.935,14
Kikkoman Soy Sauce,Kikkoman,Groceries,kikkoman-seller-044,12.38,15.4,365,4518.38,4.21,140,2026-03-01,Vietnam,Shopee,kikkoman soy sauce,kikkoman,11.4125,13.67,17.03,14
Nestle Chocolate Drink Max,Nestle,Groceries,nestle-seller-029,24.06,26.25,296,7121.91,4.24,155,2026-03-01,Malaysia,Shopee,nestle chocolate drink max,nestle,11.1625,18.03,24.435,14
LocknLock Lunch Box,LocknLock,Home & Living,locknlock-seller-032,18.96,9.75,178,3374.96,5.0,320,2026-03-01,Malaysia,Shopee,locknlock lunch box,locknlock,51.182500000000005,71.32,104.78,16
Innisfree Moisturizer Pro,Innisfree,Beauty,innisfree-seller-043,12.82,5.61,267,3423.24,5.0,228,2026-03-01,Vietnam,Lazada,innisfree moisturizer pro,innisfree,15.89,25.869999999999997,43.81,14
Innisfree Cleanser Plus,Innisfree,Beauty,innisfree-seller-019,48.82,7.72,149,7274.16,5.0,188,2026-03-01,Vietnam,Shopee,innisfree cleanser plus,innisfree,10.5625,24.810000000000002,43.7425,14
IKEA Storage Box Standard,IKEA,Home & Living,ikea-seller-021,86.3,13.64,70,6041.28,4.19,78,2026-03-01,Philippines,Lazada,ikea storage box standard,ikea,50.21,106.07,137.275,19
Anker Power Bank,Anker,Accessories,anker-seller-001,50.7,15.49,104,5272.41,4.56,171,2026-03-01,Malaysia,Lazada,anker power bank,anker,38.855,52.955,59.265,10
Xiaomi Smart Band Mini,Xiaomi,Electronics,xiaomi-seller-024,61.37,11.11,53,3252.65,4.88,423,2026-03-01,Philippines,Lazada,xiaomi smart band mini,xiaomi,85.88,133.575,319.66,12
Xiaomi Smart Band Pro,Xiaomi,Electronics,xiaomi-seller-036,178.56,20.38,32,5713.97,5.0,85,2026-03-01,Indonesia,Lazada,xiaomi smart band pro,xiaomi,84.8,203.79500000000002,286.1875,16
Samsung Monitor Standard,Samsung,Electronics,samsung-seller-002,372.17,7.42,15,5582.59,4.83,184,2026-03-01,Thailand,Lazada,samsung monitor standard,samsung,115.575,304.92,384.46500000000003,14
Nestle Chocolate Drink Standard,Nestle,Groceries,nestle-seller-036,21.94,15.17,273,5990.65,4.72,202,2026-03-01,Philippines,Shopee,nestle chocolate drink standard,nestle,18.82,23.37,28.439999999999998,15
Oishi Snack Mix Standard,Oishi,Groceries,oishi-seller-042,42.99,9.67,212,9113.5,3.97,139,2026-03-01,Singapore,Shopee,oishi snack mix standard,oishi,15.190000000000001,24.075000000000003,31.917500000000004,14
Maybelline Lip Tint Pro,Maybelline,Beauty,maybelline-seller-027,34.49,0.0,176,6071.07,4.42,38,2026-03-01,Thailand,Lazada,maybelline lip tint pro,maybelline,11.49,25.34,39.59,17
Nestle Chocolate Drink 2026,Nestle,Groceries,nestle-seller-025,31.81,6.34,158,5026.77,4.01,107,2026-03-01,Singapore,Lazada,nestle chocolate drink 2026,nestle,10.0975,15.16,31.4725,16
Anker Charging Cable Pro,Anker,Accessories,anker-seller-060,50.08,8.05,134,6710.48,4.01,88,2026-03-01,Thailand,Shopee,anker charging cable pro,anker,28.575,50.675,67.18249999999999,18
Anker Power Bank Pro,Anker,Accessories,anker-seller-054,18.86,21.78,217,4093.17,4.98,133,2026-03-01,Indonesia,Lazada,anker power bank pro,anker,18.86,37.72,61.21,17
Nestle Chocolate Drink Plus,Nestle,Groceries,nestle-seller-023,28.82,10.43,201,5793.48,4.52,141,2026-03-01,Indonesia,Lazada,nestle chocolate drink plus,nestle,8.64,20.55,25.604999999999997,15
JBL Bluetooth Speaker Max,JBL,Electronics,jbl-seller-016,42.52,3.72,62,2636.54,4.48,254,2026-03-01,Malaysia,Lazada,jbl bluetooth speaker max,jbl,208.42499999999998,364.54999999999995,394.8175,16
Nestle Coffee Pro,Nestle,Groceries,nestle-seller-048,7.12,14.77,415,2956.04,4.9,4,2026-03-01,Indonesia,Lazada,nestle coffee pro,nestle,8.64,20.55,25.604999999999997,15
Samsung Tablet 2026,Samsung,Electronics,samsung-seller-032,96.25,17.15,43,4138.68,4.65,67,2026-03-01,Singapore,Lazada,samsung tablet 2026,samsung,305.515,426.94,473.90999999999997,11
Philips Air Fryer,Philips,Home & Living,philips-seller-007,37.44,15.97,122,4568.22,4.6,229,2026-03-01,Vietnam,Shopee,philips air fryer,philips,18.14,54.84,89.36,13
LocknLock Water Bottle Max,LocknLock,Home & Living,locknlock-seller-010,166.21,12.54,56,9307.91,4.62,254,2026-03-01,Singapore,Shopee,locknlock water bottle max,locknlock,22.52,35.66,142.02,5
Anker Charging Cable Pro,Anker,Accessories,anker-seller-040,76.75,2.83,111,8519.68,4.66,60,2026-03-01,Singapore,Shopee,anker charging cable pro,anker,15.66,31.33,53.475,23
Anker Power Bank,Anker,Accessories,anker-seller-035,50.68,14.84,119,6030.45,3.96,48,2026-03-01,Philippines,Lazada,anker power bank,anker,17.98,34.06,44.21,13
Samsung SSD Mini,Samsung,Electronics,samsung-seller-005,419.14,23.01,21,8801.88,4.5,172,2026-03-01,Singapore,Lazada,samsung ssd mini,samsung,305.515,426.94,473.90999999999997,11
Kikkoman Soy Sauce Plus,Kikkoman,Groceries,kikkoman-seller-007,11.93,0.0,281,3353.73,4.24,956,2026-03-01,Thailand,Lazada,kikkoman soy sauce plus,kikkoman,13.785,25.494999999999997,27.95,14
Xiaomi Router Pro,Xiaomi,Electronics,xiaomi-seller-058,211.5,20.08,33,6979.64,4.31,2214,2026-03-01,Philippines,Shopee,xiaomi router pro,xiaomi,192.81,243.89,274.265,10
L'Oreal Hair Serum Pro,L'Oreal,Beauty,l'oreal-seller-024,29.39,11.84,202,5935.91,4.15,23,2026-03-01,Vietnam,Shopee,l oreal hair serum pro,l oreal,10.5625,24.810000000000002,43.7425,14
Kikkoman Teriyaki Sauce Mini,Kikkoman,Groceries,kikkoman-seller-044,26.94,16.51,303,8163.85,4.76,413,2026-03-01,Singapore,Shopee,kikkoman teriyaki sauce mini,kikkoman,15.190000000000001,24.075000000000003,31.917500000000004,14
Oishi Crackers,Oishi,Groceries,oishi-seller-025,8.62,15.14,430,3707.9,4.48,288,2026-03-01,Thailand,Shopee,oishi crackers,oishi,19.54,24.34,27.15,13
Samsung SSD 2026,Samsung,Electronics,samsung-seller-030,118.97,3.17,38,4520.99,4.61,788,2026-03-01,Indonesia,Shopee,samsung ssd 2026,samsung,136.705,196.675,285.3575,14
JBL Headphones Standard,JBL,Electronics,jbl-seller-058,316.98,0.0,22,6973.63,4.5,122,2026-03-01,Philippines,Lazada,jbl headphones standard,jbl,85.88,133.575,319.66,12
IKEA Desk Lamp Plus,IKEA,Home & Living,ikea-seller-023,102.95,14.56,77,7927.19,3.99,251,2026-03-01,Singapore,Lazada,ikea desk lamp plus,ikea,42.815,88.67,118.07499999999999,11
Samsung Monitor Plus,Samsung,Electronics,samsung-seller-055,336.87,12.51,22,7411.25,4.72,175,2026-03-01,Indonesia,Lazada,samsung monitor plus,samsung,84.8,203.79500000000002,286.1875,16
JBL Bluetooth Speaker 2026,JBL,Electronics,jbl-seller-025,390.27,6.7,20,7805.34,4.06,1211,2026-03-01,Malaysia,Shopee,jbl bluetooth speaker 2026,jbl,221.0,306.03999999999996,403.6875,8
LocknLock Lunch Box Pro,LocknLock,Home & Living,locknlock-seller-002,129.64,7.52,36,4667.02,5.0,54,2026-03-01,Indonesia,Lazada,locknlock lunch box pro,locknlock,89.89,106.76,129.64,17
L'Oreal Face Wash,L'Oreal,Beauty,l'oreal-seller-044,24.84,14.48,178,4420.68,4.77,243,2026-03-01,Philippines,Lazada,l oreal face wash,l oreal,24.76,31.09,40.11,13
Philips Air Fryer,Philips,Home & Living,philips-seller-058,12.91,24.99,224,2892.77,4.01,204,2026-03-01,Philippines,Shopee,philips air fryer,philips,27.830000000000002,49.81,111.39,11
LocknLock Water Bottle Max,LocknLock,Home & Living,locknlock-seller-013,80.66,25.11,74,5968.67,5.0,76,2026-03-01,Malaysia,Shopee,locknlock water bottle max,locknlock,51.182500000000005,71.32,104.78,16
Kikkoman Soy Sauce Max,Kikkoman,Groceries,kikkoman-seller-042,21.84,16.51,237,5175.86,4.16,63,2026-03-01,Indonesia,Lazada,kikkoman soy sauce max,kikkoman,8.64,20.55,25.604999999999997,15
Xiaomi Router Pro,Xiaomi,Electronics,xiaomi-seller-047,250.24,0.0,22,5505.22,4.67,403,2026-03-01,Vietnam,Lazada,xiaomi router pro,xiaomi,76.67,184.22,303.29,13
Innisfree Cleanser Plus,Innisfree,Beauty,innisfree-seller-012,23.07,27.57,234,5398.41,4.46,1178,2026-03-01,Thailand,Shopee,innisfree cleanser plus,innisfree,18.35,24.02,46.9,17
LocknLock Lunch Box Mini,LocknLock,Home & Living,locknlock-seller-059,166.74,4.63,37,6169.2,4.61,27,2026-03-01,Thailand,Shopee,locknlock lunch box mini,locknlock,53.71,121.445,153.235,22
Innisfree Moisturizer Max,Innisfree,Beauty,innisfree-seller-056,48.7,2.28,165,8035.64,4.36,27,2026-03-01,Malaysia,Shopee,innisfree moisturizer max,innisfree,21.82,37.81,41.54,13
Xiaomi Smart Band,Xiaomi,Electronics,xiaomi-seller-015,474.75,15.15,15,7121.23,4.62,102,2026-03-01,Malaysia,Shopee,xiaomi smart band,xiaomi,221.0,306.03999999999996,403.6875,8
LocknLock Water Bottle,LocknLock,Home & Living,locknlock-seller-026,117.62,4.88,62,7292.39,4.3,111,2026-03-01,Philippines,Lazada,locknlock water bottle,locknlock,50.21,106.07,137.275,19
IKEA Storage Box Pro,IKEA,Home & Living,ikea-seller-044,49.84,0.0,90,4485.63,4.69,2956,2026-03-01,Vietnam,Lazada,ikea storage box pro,ikea,29.75,66.65,74.975,15
LocknLock Lunch Box Pro,LocknLock,Home & Living,locknlock-seller-007,155.53,15.71,52,8087.72,4.4,601,2026-03-01,Philippines,Lazada,locknlock lunch box pro,locknlock,50.21,106.07,137.275,19
Xiaomi Router Mini,Xiaomi,Electronics,xiaomi-seller-021,153.86,5.95,40,6154.59,4.74,50,2026-03-01,Philippines,Shopee,xiaomi router mini,xiaomi,192.81,243.89,274.265,10
Baseus Laptop Stand Max,Baseus,Accessories,baseus-seller-020,18.48,9.6,224,4140.02,4.32,280,2026-03-01,Indonesia,Shopee,baseus laptop stand max,baseus,18.55,35.46,58.81,13
Logitech Wireless Mouse Standard,Logitech,Accessories,logitech-seller-020,16.19,10.5,191,3092.47,4.57,280,2026-03-01,Philippines,Lazada,logitech wireless mouse standard,logitech,17.98,34.06,44.21,13
Logitech Webcam 2026,Logitech,Accessories,logitech-seller-025,48.47,5.65,134,6495.05,4.74,31,2026-03-01,Singapore,Shopee,logitech webcam 2026,logitech,15.66,31.33,53.475,23
LocknLock Lunch Box Max,LocknLock,Home & Living,locknlock-seller-047,20.95,23.93,132,2765.29,4.6,99,2026-03-01,Singapore,Lazada,locknlock lunch box max,locknlock,42.815,88.67,118.07499999999999,11
Anker Power Bank Plus,Anker,Accessories,anker-seller-018,30.3,6.98,143,4333.54,4.56,61,2026-03-01,Thailand,Lazada,anker power bank plus,anker,29.6825,44.790000000000006,64.955,16
Nestle Cereal 2026,Nestle,Groceries,nestle-seller-055,18.41,19.47,266,4898.22,4.07,113,2026-03-01,Vietnam,Lazada,nestle cereal 2026,nestle,13.125,23.72,29.645,11
Maybelline Lip Tint Pro,Maybelline,Beauty,maybelline-seller-004,51.06,18.1,161,8220.04,4.54,120,2026-03-01,Malaysia,Shopee,maybelline lip tint pro,maybelline,21.82,37.81,41.54,13
Oishi Snack Mix Standard,Oishi,Groceries,oishi-seller-043,12.45,15.13,366,4556.59,4.03,184,2026-03-01,Singapore,Lazada,oishi snack mix standard,oishi,10.0975,15.16,31.4725,16
Anker USB-C Hub 2026,Anker,Accessories,anker-seller-051,12.55,28.48,309,3879.17,4.13,141,2026-03-01,Thailand,Shopee,anker usb c hub 2026,anker,28.575,50.675,67.18249999999999,18
Baseus USB-C Cable Mini,Baseus,Accessories,baseus-seller-014,35.46,0.0,156,5532.17,5.0,115,2026-03-01,Indonesia,Shopee,baseus usb c cable mini,baseus,18.55,35.46,58.81,13
Kikkoman Soy Sauce Pro,Kikkoman,Groceries,kikkoman-seller-055,22.61,8.75,229,5177.91,4.52,448,2026-03-01,Thailand,Lazada,kikkoman soy sauce pro,kikkoman,13.785,25.494999999999997,27.95,14
LocknLock Water Bottle Standard,LocknLock,Home & Living,locknlock-seller-043,166.26,24.49,48,7980.66,4.56,60,2026-03-01,Thailand,Shopee,locknlock water bottle standard,locknlock,53.71,121.445,153.235,22
Anker USB-C Hub Mini,Anker,Accessories,anker-seller-021,43.11,12.72,125,5388.43,4.63,85,2026-03-01,Vietnam,Shopee,anker usb c hub mini,anker,50.647499999999994,62.41,67.6175,8
L'Oreal Shampoo Max,L'Oreal,Beauty,l'oreal-seller-027,4.15,4.23,505,2093.62,4.97,67,2026-03-01,Vietnam,Shopee,l oreal shampoo max,l oreal,10.5625,24.810000000000002,43.7425,14
Anker Charging Cable,Anker,Accessories,anker-seller-024,18.54,6.34,229,4246.38,4.28,426,2026-03-01,Indonesia,Shopee,anker charging cable,anker,18.55,35.46,58.81,13
Samsung SSD Mini,Samsung,Electronics,samsung-seller-003,175.25,9.99,39,6834.69,5.0,289,2026-03-01,Indonesia,Shopee,samsung ssd mini,samsung,136.705,196.675,285.3575,14
Samsung SSD Standard,Samsung,Electronics,samsung-seller-031,48.6,26.39,74,3596.39,4.81,302,2026-03-01,Philippines,Lazada,samsung ssd standard,samsung,85.88,133.575,319.66,12
Anker Power Bank Plus,Anker,Accessories,anker-seller-005,35.11,0.0,143,5020.51,5.0,39,2026-03-01,Singapore,Lazada,anker power bank plus,anker,29.88,41.3,62.44,13
IKEA Desk Lamp 2026,IKEA,Home & Living,ikea-seller-018,26.92,10.68,126,3391.62,4.08,443,2026-03-01,Vietnam,Lazada,ikea desk lamp 2026,ikea,29.75,66.65,74.975,15
Samsung Tablet Pro,Samsung,Electronics,samsung-seller-030,364.47,14.26,25,9111.81,4.46,1021,2026-03-01,Indonesia,Lazada,samsung tablet pro,samsung,84.8,203.79500000000002,286.1875,16
Baseus USB-C Cable,Baseus,Accessories,baseus-seller-042,56.06,16.02,129,7231.85,4.66,153,2026-03-01,Indonesia,Lazada,baseus usb c cable,baseus,18.86,37.72,61.21,17
JBL Bluetooth Speaker Plus,JBL,Electronics,jbl-seller-022,99.12,6.79,48,4757.56,4.36,299,2026-03-01,Philippines,Shopee,jbl bluetooth speaker plus,jbl,192.81,243.89,274.265,10
Samsung SSD Pro,Samsung,Electronics,samsung-seller-028,497.44,20.6,19,9451.3,3.89,163,2026-03-01,Singapore,Lazada,samsung ssd pro,samsung,305.515,426.94,473.90999999999997,11
L'Oreal Face Wash Plus,L'Oreal,Beauty,l'oreal-seller-005,55.43,17.39,110,6097.27,4.5,34,2026-03-01,Malaysia,Lazada,l oreal face wash plus,l oreal,19.45,29.78,41.735,15
Anker USB-C Hub Max,Anker,Accessories,anker-seller-048,66.58,0.8,93,6191.87,4.8,842,2026-03-01,Vietnam,Shopee,anker usb c hub max,anker,50.647499999999994,62.41,67.6175,8
IKEA Kitchen Organizer Mini,IKEA,Home & Living,ikea-seller-036,129.55,12.12,79,10234.76,4.28,323,2026-03-01,Malaysia,Shopee,ikea kitchen organizer mini,ikea,51.182500000000005,71.32,104.78,16
JBL Headphones,JBL,Electronics,jbl-seller-028,162.84,5.44,38,6187.87,4.26,12,2026-03-01,Malaysia,Shopee,jbl headphones,jbl,221.0,306.03999999999996,403.6875,8
Maybelline Foundation Pro,Maybelline,Beauty,maybelline-seller-007,22.39,22.1,267,5977.57,4.36,3196,2026-03-01,Philippines,Shopee,maybelline foundation pro,maybelline,20.5925,29.16,41.37,14
Kikkoman Teriyaki Sauce 2026,Kikkoman,Groceries,kikkoman-seller-055,23.55,27.09,326,7678.06,5.0,467,2026-03-01,Indonesia,Shopee,kikkoman teriyaki sauce 2026,kikkoman,18.9375,21.56,25.0425,12
LocknLock Water Bottle,LocknLock,Home & Living,locknlock-seller-018,124.95,11.97,56,6997.47,4.49,86,2026-03-01,Vietnam,Lazada,locknlock water bottle,locknlock,29.75,66.65,74.975,15
Samsung Tablet Mini,Samsung,Electronics,samsung-seller-044,276.95,18.41,29,8031.62,4.4,51,2026-03-01,Indonesia,Shopee,samsung tablet mini,samsung,136.705,196.675,285.3575,14
Philips Desk Fan Pro,Philips,Home & Living,philips-seller-002,47.35,17.05,113,5350.27,4.19,1373,2026-03-01,Philippines,Shopee,philips desk fan pro,philips,27.830000000000002,49.81,111.39,11
Innisfree Moisturizer Standard,Innisfree,Beauty,innisfree-seller-012,11.44,9.57,274,3134.53,4.97,14,2026-03-01,Thailand,Lazada,innisfree moisturizer standard,innisfree,11.49,25.34,39.59,17
Logitech Webcam Max,Logitech,Accessories,logitech-seller-002,34.5,0.0,113,3898.99,4.66,124,2026-03-01,Thailand,Lazada,logitech webcam max,logitech,29.6825,44.790000000000006,64.955,16
JBL Earbuds Pro,JBL,Electronics,jbl-seller-011,384.4,15.21,24,9225.58,4.48,787,2026-03-01,Vietnam,Shopee,jbl earbuds pro,jbl,156.315,189.31,322.935,14
Maybelline Lip Tint Standard,Maybelline,Beauty,maybelline-seller-057,8.34,26.18,378,3150.87,5.0,85,2026-03-01,Malaysia,Lazada,maybelline lip tint standard,maybelline,19.45,29.78,41.735,15
Kikkoman Soy Sauce Max,Kikkoman,Groceries,kikkoman-seller-006,22.85,7.41,235,5369.45,4.67,171,2026-03-01,Vietnam,Shopee,kikkoman soy sauce max,kikkoman,11.4125,13.67,17.03,14
JBL Headphones Plus,JBL,Electronics,jbl-seller-027,139.15,5.38,28,3896.26,4.47,230,2026-03-01,Malaysia,Lazada,jbl headphones plus,jbl,208.42499999999998,364.54999999999995,394.8175,16
IKEA Storage Box Plus,IKEA,Home & Living,ikea-seller-008,75.41,11.89,78,5881.97,4.59,38,2026-03-01,Malaysia,Shopee,ikea storage box plus,ikea,51.182500000000005,71.32,104.78,16
Philips Air Fryer Standard,Philips,Home & Living,philips-seller-015,149.92,16.13,42,6296.61,4.0,78,2026-03-01,Malaysia,Lazada,philips air fryer standard,philips,72.85,104.89,151.0625,12
Logitech Mechanical Keyboard 2026,Logitech,Accessories,logitech-seller-050,22.84,31.32,234,5344.61,4.58,225,2026-03-01,Singapore,Shopee,logitech mechanical keyboard 2026,logitech,15.66,31.33,53.475,23
Innisfree Clay Mask Standard,Innisfree,Beauty,innisfree-seller-032,11.49,5.52,261,2998.07,4.62,588,2026-03-01,Thailand,Lazada,innisfree clay mask standard,innisfree,11.49,25.34,39.59,17
Oishi Snack Mix Mini,Oishi,Groceries,oishi-seller-046,29.97,13.22,176,5274.96,4.68,1304,2026-03-01,Philippines,Lazada,oishi snack mix mini,oishi,7.0,7.98,23.59,13
Anker Power Bank Standard,Anker,Accessories,anker-seller-028,45.09,19.23,130,5861.67,3.72,44,2026-03-01,Thailand,Lazada,anker power bank standard,anker,29.6825,44.790000000000006,64.955,16
Anker Power Bank Plus,Anker,Accessories,anker-seller-037,11.86,12.46,251,2977.56,4.32,138,2026-03-01,Vietnam,Lazada,anker power bank plus,anker,15.53,22.61,37.51,7
L'Oreal Hair Serum Standard,L'Oreal,Beauty,l'oreal-seller-021,20.34,4.37,180,3661.62,4.59,1042,2026-03-01,Singapore,Lazada,l oreal hair serum standard,l oreal,22.822499999999998,33.730000000000004,39.1825,12
L'Oreal Hair Serum,L'Oreal,Beauty,l'oreal-seller-007,49.37,16.09,144,7109.08,4.66,142,2026-03-01,Thailand,Lazada,l oreal hair serum,l oreal,11.49,25.34,39.59,17
LocknLock Lunch Box Standard,LocknLock,Home & Living,locknlock-seller-026,19.99,11.38,118,2358.96,4.49,6848,2026-03-01,Thailand,Lazada,locknlock lunch box standard,locknlock,28.61,53.28,142.38,5
Nestle Coffee Standard,Nestle,Groceries,nestle-seller-033,33.32,7.45,192,6396.84,3.91,188,2026-03-01,Malaysia,Lazada,nestle coffee standard,nestle,15.995000000000001,21.35,29.77,10
Philips LED Bulb,Philips,Home & Living,philips-seller-023,101.79,22.25,64,6514.71,4.57,412,2026-03-01,Philippines,Shopee,philips led bulb,philips,27.830000000000002,49.81,111.39,11
Oishi Green Tea Pro,Oishi,Groceries,oishi-seller-013,31.02,8.58,214,6639.34,4.46,265,2026-03-01,Malaysia,Shopee,oishi green tea pro,oishi,11.1625,18.03,24.435,14
Logitech Webcam Plus,Logitech,Accessories,logitech-seller-030,69.52,15.39,98,6813.07,5.0,41,2026-03-01,Thailand,Shopee,logitech webcam plus,logitech,28.575,50.675,67.18249999999999,18
Philips Desk Fan Mini,Philips,Home & Living,philips-seller-021,130.26,12.05,52,6773.65,4.64,140,2026-03-01,Indonesia,Lazada,philips desk fan mini,philips,89.89,106.76,129.64,17
Nestle Coffee Plus,Nestle,Groceries,nestle-seller-029,7.44,19.89,439,3265.75,4.97,3319,2026-03-01,Philippines,Lazada,nestle coffee plus,nestle,7.0,7.98,23.59,13
Maybelline Mascara Pro,Maybelline,Beauty,maybelline-seller-033,7.62,16.77,351,2675.65,4.64,213,2026-03-01,Philippines,Lazada,maybelline mascara pro,maybelline,24.76,31.09,40.11,13
JBL Bluetooth Speaker Standard,JBL,Electronics,jbl-seller-024,176.22,11.06,30,5286.67,3.81,71,2026-03-01,Vietnam,Lazada,jbl bluetooth speaker standard,jbl,76.67,184.22,303.29,13
Baseus Phone Holder Mini,Baseus,Accessories,baseus-seller-025,33.15,5.28,153,5071.3,4.35,90,2026-03-01,Malaysia,Shopee,baseus phone holder mini,baseus,41.05,61.52,72.8,11
Samsung Tablet 2026,Samsung,Electronics,samsung-seller-021,465.38,24.17,25,11634.44,4.9,88,2026-03-01,Singapore,Shopee,samsung tablet 2026,samsung,276.5425,318.47,357.98,10
IKEA Desk Lamp Plus,IKEA,Home & Living,ikea-seller-007,117.01,3.03,56,6552.75,4.41,278,2026-03-01,Indonesia,Lazada,ikea desk lamp plus,ikea,89.89,106.76,129.64,17
Philips LED Bulb Standard,Philips,Home & Living,philips-seller-016,110.0,27.51,86,9459.66,4.2,65,2026-03-01,Malaysia,Shopee,philips led bulb standard,philips,51.182500000000005,71.32,104.78,16
Samsung Tablet Mini,Samsung,Electronics,samsung-seller-011,330.08,18.67,23,7591.86,4.65,323,2026-03-01,Philippines,Lazada,samsung tablet mini,samsung,85.88,133.575,319.66,12
Innisfree Moisturizer,Innisfree,Beauty,innisfree-seller-022,30.16,11.04,164,4946.26,3.79,410,2026-03-01,Malaysia,Lazada,innisfree moisturizer,innisfree,19.45,29.78,41.735,15
L'Oreal Hair Serum Standard,L'Oreal,Beauty,l'oreal-seller-036,41.41,15.37,199,8240.77,4.4,365,2026-03-01,Philippines,Shopee,l oreal hair serum standard,l oreal,20.5925,29.16,41.37,14
Innisfree Cleanser,Innisfree,Beauty,innisfree-seller-043,42.22,20.69,168,7092.96,4.36,391,2026-03-01,Philippines,Lazada,innisfree cleanser,innisfree,24.76,31.09,40.11,13
L'Oreal Face Wash Max,L'Oreal,Beauty,l'oreal-seller-010,35.6,12.73,192,6835.55,3.89,104,2026-03-01,Indonesia,Shopee,l oreal face wash max,l oreal,19.69,31.76,41.59,13
Xiaomi Router Max,Xiaomi,Electronics,xiaomi-seller-006,169.44,25.68,40,6777.76,4.51,121,2026-03-01,Malaysia,Lazada,xiaomi router max,xiaomi,208.42499999999998,364.54999999999995,394.8175,16
L'Oreal Face Wash Max,L'Oreal,Beauty,l'oreal-seller-054,32.75,12.29,144,4716.65,4.67,599,2026-03-01,Malaysia,Lazada,l oreal face wash max,l oreal,19.45,29.78,41.735,15
Samsung Monitor Standard,Samsung,Electronics,samsung-seller-024,449.44,16.01,22,9887.63,4.62,493,2026-03-01,Philippines,Shopee,samsung monitor standard,samsung,192.81,243.89,274.265,10
Nestle Cereal 2026,Nestle,Groceries,nestle-seller-015,14.44,9.18,338,4880.44,4.86,195,2026-03-01,Malaysia,Shopee,nestle cereal 2026,nestle,11.1625,18.03,24.435,14
Anker USB-C Hub Mini,Anker,Accessories,anker-seller-050,62.51,17.94,109,6813.76,4.58,21,2026-03-01,Thailand,Shopee,anker usb c hub mini,anker,28.575,50.675,67.18249999999999,18
Maybelline Mascara Mini,Maybelline,Beauty,maybelline-seller-025,28.67,13.15,212,6078.67,5.0,309,2026-03-01,Indonesia,Shopee,maybelline mascara mini,maybelline,19.69,31.76,41.59,13
Kikkoman Soy Sauce Max,Kikkoman,Groceries,kikkoman-seller-029,4.25,1.44,529,2250.4,4.34,141,2026-03-01,Thailand,Shopee,kikkoman soy sauce max,kikkoman,19.54,24.34,27.15,13
Maybelline Lip Tint 2026,Maybelline,Beauty,maybelline-seller-029,52.61,0.0,104,5471.77,4.71,33,2026-03-01,Vietnam,Lazada,maybelline lip tint 2026,maybelline,15.89,25.869999999999997,43.81,14
Xiaomi Router 2026,Xiaomi,Electronics,xiaomi-seller-020,229.03,5.98,25,5725.64,4.66,741,2026-03-01,Indonesia,Lazada,xiaomi router 2026,xiaomi,84.8,203.79500000000002,286.1875,16
Maybelline Lip Tint Plus,Maybelline,Beauty,maybelline-seller-030,59.54,10.45,134,7978.3,4.24,204,2026-03-01,Singapore,Shopee,maybelline lip tint plus,maybelline,22.35,42.66,60.07,17
Philips Air Fryer 2026,Philips,Home & Living,philips-seller-053,168.95,11.51,40,6757.82,4.3,24,2026-03-01,Malaysia,Lazada,philips air fryer 2026,philips,72.85,104.89,151.0625,12
L'Oreal Face Wash Plus,L'Oreal,Beauty,l'oreal-seller-056,55.63,24.25,134,7454.64,4.87,77,2026-03-01,Thailand,Shopee,l oreal face wash plus,l oreal,18.35,24.02,46.9,17
IKEA Storage Box Standard,IKEA,Home & Living,ikea-seller-049,19.98,19.17,174,3475.91,4.46,50,2026-03-01,Malaysia,Shopee,ikea storage box standard,ikea,51.182500000000005,71.32,104.78,16
Samsung SSD,Samsung,Electronics,samsung-seller-028,89.78,8.07,46,4129.96,4.73,121,2026-03-01,Thailand,Lazada,samsung ssd,samsung,115.575,304.92,384.46500000000003,14
JBL Bluetooth Speaker Plus,JBL,Electronics,jbl-seller-004,177.41,12.15,38,6741.63,4.8,196,2026-03-01,Vietnam,Shopee,jbl bluetooth speaker plus,jbl,156.315,189.31,322.935,14
Nestle Coffee Pro,Nestle,Groceries,nestle-seller-015,32.0,6.04,181,5791.11,3.96,68,2026-03-01,Singapore,Lazada,nestle coffee pro,nestle,10.0975,15.16,31.4725,16
Baseus Phone Holder Pro,Baseus,Accessories,baseus-seller-051,9.36,3.78,252,2357.6,4.99,52,2026-03-01,Vietnam,Lazada,baseus phone holder pro,baseus,15.53,22.61,37.51,7
Anker Charging Cable Max,Anker,Accessories,anker-seller-054,68.98,6.04,116,8001.3,4.22,39,2026-03-01,Thailand,Shopee,anker charging cable max,anker,28.575,50.675,67.18249999999999,18
Samsung SSD Standard,Samsung,Electronics,samsung-seller-002,387.74,14.08,17,6591.52,4.5,392,2026-03-01,Thailand,Lazada,samsung ssd standard,samsung,115.575,304.92,384.46500000000003,14
Kikkoman Teriyaki Sauce Standard,Kikkoman,Groceries,kikkoman-seller-050,16.66,18.24,323,5381.53,4.2,878,2026-03-01,Malaysia,Shopee,kikkoman teriyaki sauce standard,kikkoman,11.1625,18.03,24.435,14
L'Oreal Shampoo 2026,L'Oreal,Beauty,l'oreal-seller-027,11.33,18.24,346,3919.44,5.0,792,2026-03-01,Malaysia,Shopee,l oreal shampoo 2026,l oreal,21.82,37.81,41.54,13
Logitech Mechanical Keyboard Mini,Logitech,Accessories,logitech-seller-035,40.08,2.53,114,4569.39,3.98,683,2026-03-01,Philippines,Lazada,logitech mechanical keyboard mini,logitech,17.98,34.06,44.21,13
Nestle Cereal Standard,Nestle,Groceries,nestle-seller-040,6.39,11.88,508,3246.79,4.74,149,2026-03-01,Vietnam,Shopee,nestle cereal standard,nestle,11.4125,13.67,17.03,14
LocknLock Water Bottle Max,LocknLock,Home & Living,locknlock-seller-043,11.99,9.11,230,2756.74,3.92,96,2026-03-01,Malaysia,Shopee,locknlock water bottle max,locknlock,51.182500000000005,71.32,104.78,16
Baseus Phone Holder Mini,Baseus,Accessories,baseus-seller-051,81.14,9.33,107,8681.78,4.96,231,2026-03-01,Vietnam,Lazada,baseus phone holder mini,baseus,15.53,22.61,37.51,7
JBL Bluetooth Speaker Max,JBL,Electronics,jbl-seller-025,189.13,0.0,32,6052.0,4.61,36,2026-03-01,Indonesia,Shopee,jbl bluetooth speaker max,jbl,136.705,196.675,285.3575,14
Anker USB-C Hub Pro,Anker,Accessories,anker-seller-016,60.37,7.66,76,4587.76,4.27,70,2026-03-01,Malaysia,Lazada,anker usb c hub pro,anker,38.855,52.955,59.265,10
Philips Air Fryer 2026,Philips,Home & Living,philips-seller-003,49.81,15.95,92,4582.65,4.89,16,2026-03-01,Philippines,Shopee,philips air fryer 2026,philips,27.830000000000002,49.81,111.39,11
Kikkoman Teriyaki Sauce Max,Kikkoman,Groceries,kikkoman-seller-031,19.07,9.71,251,4785.96,4.94,1556,2026-03-01,Malaysia,Lazada,kikkoman teriyaki sauce max,kikkoman,15.995000000000001,21.35,29.77,10
Oishi Crackers,Oishi,Groceries,oishi-seller-030,15.15,7.46,340,5152.14,4.02,198,2026-03-01,Philippines,Shopee,oishi crackers,oishi,18.82,23.37,28.439999999999998,15
Oishi Green Tea Standard,Oishi,Groceries,oishi-seller-021,31.48,8.87,178,5602.58,4.64,98,2026-03-01,Vietnam,Lazada,oishi green tea standard,oishi,13.125,23.72,29.645,11
LocknLock Food Container Standard,LocknLock,Home & Living,locknlock-seller-049,154.49,2.62,49,7570.08,4.55,237,2026-03-01,Malaysia,Lazada,locknlock food container standard,locknlock,72.85,104.89,151.0625,12
Innisfree Clay Mask,Innisfree,Beauty,innisfree-seller-042,21.74,6.77,231,5021.84,4.34,772,2026-03-01,Philippines,Shopee,innisfree clay mask,innisfree,20.5925,29.16,41.37,14
Anker Charging Cable Plus,Anker,Accessories,anker-seller-048,55.21,9.3,128,7066.83,4.7,889,2026-03-01,Malaysia,Lazada,anker charging cable plus,anker,38.855,52.955,59.265,10
L'Oreal Hair Serum Max,L'Oreal,Beauty,l'oreal-seller-032,11.59,21.07,303,3512.37,4.76,4,2026-03-01,Singapore,Lazada,l oreal hair serum max,l oreal,22.822499999999998,33.730000000000004,39.1825,12
Baseus Laptop Stand Standard,Baseus,Accessories,baseus-seller-028,8.93,10.07,245,2188.19,4.88,556,2026-03-01,Malaysia,Lazada,baseus laptop stand standard,baseus,38.855,52.955,59.265,10
LocknLock Food Container Standard,LocknLock,Home & Living,locknlock-seller-006,57.09,18.9,94,5366.32,4.88,274,2026-03-01,Indonesia,Shopee,locknlock food container standard,locknlock,42.685,67.92500000000001,124.1525,16
Innisfree Cleanser Max,Innisfree,Beauty,innisfree-seller-028,44.68,17.73,153,6836.65,4.7,72,2026-03-01,Malaysia,Lazada,innisfree cleanser max,innisfree,19.45,29.78,41.735,15
Innisfree Clay Mask Max,Innisfree,Beauty,innisfree-seller-056,46.07,20.56,123,5666.87,4.54,51,2026-03-01,Thailand,Lazada,innisfree clay mask max,innisfree,11.49,25.34,39.59,17
Maybelline Mascara Standard,Maybelline,Beauty,maybelline-seller-043,25.12,7.61,207,5199.52,4.59,126,2026-03-01,Malaysia,Lazada,maybelline mascara standard,maybelline,19.45,29.78,41.735,15
Maybelline Lip Tint Max,Maybelline,Beauty,maybelline-seller-011,45.75,13.71,147,6725.86,4.55,55,2026-03-01,Philippines,Lazada,maybelline lip tint max,maybelline,24.76,31.09,40.11,13
Philips Air Fryer Standard,Philips,Home & Living,philips-seller-009,15.43,6.32,170,2623.75,4.2,59,2026-03-01,Vietnam,Shopee,philips air fryer standard,philips,18.14,54.84,89.36,13
Innisfree Moisturizer Mini,Innisfree,Beauty,innisfree-seller-003,54.92,10.45,135,7413.73,4.46,13,2026-03-01,Vietnam,Shopee,innisfree moisturizer mini,innisfree,10.5625,24.810000000000002,43.7425,14
JBL Earbuds Plus,JBL,Electronics,jbl-seller-049,370.98,21.62,33,12242.26,4.25,221,2026-03-01,Indonesia,Shopee,jbl earbuds plus,jbl,136.705,196.675,285.3575,14
LocknLock Food Container Pro,LocknLock,Home & Living,locknlock-seller-042,88.12,21.91,73,6432.95,4.62,82,2026-03-01,Vietnam,Shopee,locknlock food container pro,locknlock,18.14,54.84,89.36,13
Logitech Webcam 2026,Logitech,Accessories,logitech-seller-032,70.19,22.96,132,9265.02,4.15,160,2026-03-01,Malaysia,Shopee,logitech webcam 2026,logitech,41.05,61.52,72.8,11
IKEA Storage Box,IKEA,Home & Living,ikea-seller-017,75.82,8.73,71,5383.53,4.37,178,2026-03-01,Indonesia,Lazada,ikea storage box,ikea,89.89,106.76,129.64,17
Kikkoman Teriyaki Sauce Max,Kikkoman,Groceries,kikkoman-seller-059,1.93,12.12,643,1238.14,4.88,42,2026-03-01,Philippines,Lazada,kikkoman teriyaki sauce max,kikkoman,7.0,7.98,23.59,13
Logitech Wireless Mouse Plus,Logitech,Accessories,logitech-seller-012,8.25,5.06,311,2567.3,4.32,103,2026-03-01,Singapore,Shopee,logitech wireless mouse plus,logitech,15.66,31.33,53.475,23
Baseus Laptop Stand Max,Baseus,Accessories,baseus-seller-023,74.96,6.69,100,7495.9,4.49,461,2026-03-01,Philippines,Lazada,baseus laptop stand max,baseus,17.98,34.06,44.21,13
Philips Air Fryer Pro,Philips,Home & Living,philips-seller-055,159.43,7.34,53,8450.02,3.7,126,2026-03-01,Philippines,Shopee,philips air fryer pro,philips,27.830000000000002,49.81,111.39,11
Maybelline Mascara Standard,Maybelline,Beauty,maybelline-seller-013,4.58,5.47,493,2257.34,4.62,161,2026-03-01,Thailand,Shopee,maybelline mascara standard,maybelline,18.35,24.02,46.9,17
Xiaomi Bluetooth Speaker Mini,Xiaomi,Electronics,xiaomi-seller-037,76.24,21.63,83,6327.57,4.5,86,2026-03-01,Thailand,Shopee,xiaomi bluetooth speaker mini,xiaomi,76.24,156.28,284.22,9
IKEA Kitchen Organizer Standard,IKEA,Home & Living,ikea-seller-005,67.71,10.32,68,4604.39,4.06,27,2026-03-01,Malaysia,Lazada,ikea kitchen organizer standard,ikea,72.85,104.89,151.0625,12
Samsung Monitor,Samsung,Electronics,samsung-seller-027,418.3,2.89,13,5437.92,4.91,135,2026-03-01,Malaysia,Lazada,samsung monitor,samsung,208.42499999999998,364.54999999999995,394.8175,16
Nestle Chocolate Drink Standard,Nestle,Groceries,nestle-seller-029,19.95,8.66,279,5566.97,5.0,392,2026-03-01,Indonesia,Shopee,nestle chocolate drink standard,nestle,18.9375,21.56,25.0425,12
Kikkoman Soy Sauce,Kikkoman,Groceries,kikkoman-seller-009,17.21,17.11,270,4647.36,4.43,306,2026-03-01,Singapore,Lazada,kikkoman soy sauce,kikkoman,10.0975,15.16,31.4725,16
Baseus USB-C Cable Pro,Baseus,Accessories,baseus-seller-011,15.25,12.95,250,3811.8,4.02,38,2026-03-01,Singapore,Shopee,baseus usb c cable pro,baseus,15.66,31.33,53.475,23
Nestle Chocolate Drink Pro,Nestle,Groceries,nestle-seller-055,19.35,18.28,272,5263.74,4.54,108,2026-03-01,Thailand,Lazada,nestle chocolate drink pro,nestle,13.785,25.494999999999997,27.95,14
Kikkoman Teriyaki Sauce 2026,Kikkoman,Groceries,kikkoman-seller-041,27.81,24.38,218,6062.38,4.47,186,2026-03-01,Vietnam,Lazada,kikkoman teriyaki sauce 2026,kikkoman,13.125,23.72,29.645,11
Philips LED Bulb Mini,Philips,Home & Living,philips-seller-038,54.6,24.39,119,6497.82,4.12,25,2026-03-01,Malaysia,Shopee,philips led bulb mini,philips,51.182500000000005,71.32,104.78,16
Philips Desk Fan Pro,Philips,Home & Living,philips-seller-054,158.65,17.42,51,8090.98,3.75,48,2026-03-01,Thailand,Shopee,philips desk fan pro,philips,53.71,121.445,153.235,22
Logitech Wireless Mouse Max,Logitech,Accessories,logitech-seller-050,21.79,0.0,216,4707.3,4.49,1089,2026-03-01,Indonesia,Shopee,logitech wireless mouse max,logitech,18.55,35.46,58.81,13
Kikkoman Teriyaki Sauce Mini,Kikkoman,Groceries,kikkoman-seller-041,34.79,12.41,172,5983.6,4.48,68,2026-03-01,Indonesia,Lazada,kikkoman teriyaki sauce mini,kikkoman,8.64,20.55,25.604999999999997,15
LocknLock Lunch Box Pro,LocknLock,Home & Living,locknlock-seller-031,32.58,16.46,120,3909.2,4.16,199,2026-03-01,Vietnam,Lazada,locknlock lunch box pro,locknlock,29.75,66.65,74.975,15
Innisfree Clay Mask Max,Innisfree,Beauty,innisfree-seller-004,22.54,18.79,199,4484.85,4.77,111,2026-03-01,Thailand,Lazada,innisfree clay mask max,innisfree,11.49,25.34,39.59,17
JBL Earbuds 2026,JBL,Electronics,jbl-seller-022,408.85,13.21,19,7768.07,4.26,1821,2026-03-01,Thailand,Lazada,jbl earbuds 2026,jbl,115.575,304.92,384.46500000000003,14
Maybelline Foundation Max,Maybelline,Beauty,maybelline-seller-056,27.17,13.8,217,5896.5,4.84,70,2026-03-01,Indonesia,Shopee,maybelline foundation max,maybelline,19.69,31.76,41.59,13
Nestle Chocolate Drink Mini,Nestle,Groceries,nestle-seller-007,14.97,9.87,322,4818.95,4.4,300,2026-03-01,Malaysia,Lazada,nestle chocolate drink mini,nestle,15.995000000000001,21.35,29.77,10
Xiaomi Bluetooth Speaker Plus,Xiaomi,Electronics,xiaomi-seller-016,443.94,14.65,23,10210.59,4.4,21,2026-03-01,Malaysia,Shopee,xiaomi bluetooth speaker plus,xiaomi,221.0,306.03999999999996,403.6875,8
Anker Charging Cable,Anker,Accessories,anker-seller-040,56.01,12.15,126,7057.48,4.33,266,2026-03-01,Thailand,Shopee,anker charging cable,anker,28.575,50.675,67.18249999999999,18
Nestle Chocolate Drink Max,Nestle,Groceries,nestle-seller-021,13.97,21.4,402,5616.94,4.63,35,2026-03-01,Singapore,Shopee,nestle chocolate drink max,nestle,15.190000000000001,24.075000000000003,31.917500000000004,14
Samsung Monitor Plus,Samsung,Electronics,samsung-seller-057,28.37,16.84,112,3176.92,4.86,86,2026-03-01,Thailand,Shopee,samsung monitor plus,samsung,76.24,156.28,284.22,9
Logitech Mechanical Keyboard Mini,Logitech,Accessories,logitech-seller-030,38.79,8.11,116,4500.14,4.27,222,2026-03-01,Malaysia,Lazada,logitech mechanical keyboard mini,logitech,38.855,52.955,59.265,10
LocknLock Water Bottle Standard,LocknLock,Home & Living,locknlock-seller-019,145.9,22.57,62,9045.78,5.0,72,2026-03-01,Thailand,Shopee,locknlock water bottle standard,locknlock,53.71,121.445,153.235,22
Maybelline Mascara,Maybelline,Beauty,maybelline-seller-007,56.12,0.0,99,5555.73,5.0,33,2026-03-01,Singapore,Lazada,maybelline mascara,maybelline,22.822499999999998,33.730000000000004,39.1825,12
Maybelline Foundation,Maybelline,Beauty,maybelline-seller-026,62.59,4.37,153,9576.66,4.41,338,2026-03-01,Singapore,Shopee,maybelline foundation,maybelline,22.35,42.66,60.07,17
Xiaomi Router Mini,Xiaomi,Electronics,xiaomi-seller-013,226.62,33.07,35,7931.69,4.27,468,2026-03-01,Malaysia,Shopee,xiaomi router mini,xiaomi,221.0,306.03999999999996,403.6875,8
Anker Power Bank Plus,Anker,Accessories,anker-seller-049,77.14,19.37,93,7174.29,4.51,909,2026-03-01,Malaysia,Lazada,anker power bank plus,anker,38.855,52.955,59.265,10
Philips Desk Fan Standard,Philips,Home & Living,philips-seller-009,89.89,3.79,42,3775.33,4.42,252,2026-03-01,Indonesia,Lazada,philips desk fan standard,philips,89.89,106.76,129.64,17
Innisfree Cleanser Pro,Innisfree,Beauty,innisfree-seller-049,42.2,13.59,137,5781.99,4.7,241,2026-03-01,Vietnam,Lazada,innisfree cleanser pro,innisfree,15.89,25.869999999999997,43.81,14
Philips Air Fryer Mini,Philips,Home & Living,philips-seller-003,120.67,15.38,58,6998.75,4.59,524,2026-03-01,Thailand,Shopee,philips air fryer mini,philips,53.71,121.445,153.235,22
Kikkoman Teriyaki Sauce,Kikkoman,Groceries,kikkoman-seller-031,3.33,8.1,643,2141.98,4.31,154,2026-03-01,Vietnam,Shopee,kikkoman teriyaki sauce,kikkoman,11.4125,13.67,17.03,14
Kikkoman Soy Sauce Pro,Kikkoman,Groceries,kikkoman-seller-060,10.16,18.56,352,3577.26,4.46,578,2026-03-01,Indonesia,Lazada,kikkoman soy sauce pro,kikkoman,8.64,20.55,25.604999999999997,15
Nestle Chocolate Drink Max,Nestle,Groceries,nestle-seller-054,23.6,15.7,244,5759.0,4.82,109,2026-03-01,Indonesia,Lazada,nestle chocolate drink max,nestle,8.64,20.55,25.604999999999997,15
Philips Desk Fan Plus,Philips,Home & Living,philips-seller-046,96.0,13.83,50,4800.12,5.0,235,2026-03-01,Malaysia,Lazada,philips desk fan plus,philips,72.85,104.89,151.0625,12
Xiaomi Bluetooth Speaker Pro,Xiaomi,Electronics,xiaomi-seller-044,276.18,0.0,24,6628.4,4.92,44,2026-03-01,Indonesia,Lazada,xiaomi bluetooth speaker pro,xiaomi,84.8,203.79500000000002,286.1875,16
LocknLock Lunch Box,LocknLock,Home & Living,locknlock-seller-045,71.58,13.26,68,4867.57,4.93,490,2026-03-01,Vietnam,Lazada,locknlock lunch box,locknlock,29.75,66.65,74.975,15
LocknLock Food Container Max,LocknLock,Home & Living,locknlock-seller-051,120.99,15.37,56,6775.51,4.84,70,2026-03-01,Philippines,Shopee,locknlock food container max,locknlock,27.830000000000002,49.81,111.39,11
Baseus Laptop Stand 2026,Baseus,Accessories,baseus-seller-034,32.22,19.5,182,5863.47,4.77,164,2026-03-01,Indonesia,Shopee,baseus laptop stand 2026,baseus,18.55,35.46,58.81,13
Kikkoman Soy Sauce Standard,Kikkoman,Groceries,kikkoman-seller-037,7.88,18.79,434,3420.13,4.45,136,2026-03-01,Philippines,Lazada,kikkoman soy sauce standard,kikkoman,7.0,7.98,23.59,13
Oishi Snack Mix Pro,Oishi,Groceries,oishi-seller-027,25.35,15.64,288,7301.3,4.82,44,2026-03-01,Philippines,Shopee,oishi snack mix pro,oishi,18.82,23.37,28.439999999999998,15
Nestle Chocolate Drink,Nestle,Groceries,nestle-seller-040,35.29,6.72,159,5610.89,4.79,245,2026-03-01,Thailand,Lazada,nestle chocolate drink,nestle,13.785,25.494999999999997,27.95,14
Kikkoman Soy Sauce Mini,Kikkoman,Groceries,kikkoman-seller-021,22.99,9.76,292,6712.22,4.16,44,2026-03-01,Singapore,Shopee,kikkoman soy sauce mini,kikkoman,15.190000000000001,24.075000000000003,31.917500000000004,14
LocknLock Food Container 2026,LocknLock,Home & Living,locknlock-seller-030,137.72,1.07,53,7298.91,4.97,203,2026-03-01,Philippines,Lazada,locknlock food container 2026,locknlock,50.21,106.07,137.275,19
LocknLock Lunch Box,LocknLock,Home & Living,locknlock-seller-056,106.63,6.88,49,5224.69,4.2,39,2026-03-01,Indonesia,Lazada,locknlock lunch box,locknlock,89.89,106.76,129.64,17
LocknLock Water Bottle 2026,LocknLock,Home & Living,locknlock-seller-018,56.45,24.27,92,5193.3,4.36,19,2026-03-01,Philippines,Lazada,locknlock water bottle 2026,locknlock,50.21,106.07,137.275,19
Nestle Cereal Max,Nestle,Groceries,nestle-seller-014,3.88,10.77,533,2066.37,5.0,587,2026-03-01,Indonesia,Lazada,nestle cereal max,nestle,8.64,20.55,25.604999999999997,15
Innisfree Moisturizer Mini,Innisfree,Beauty,innisfree-seller-060,24.76,14.08,188,4654.1,4.21,47,2026-03-01,Philippines,Lazada,innisfree moisturizer mini,innisfree,24.76,31.09,40.11,13
L'Oreal Face Wash Max,L'Oreal,Beauty,l'oreal-seller-035,6.76,12.62,367,2480.64,5.0,71,2026-03-01,Philippines,Lazada,l oreal face wash max,l oreal,24.76,31.09,40.11,13
L'Oreal Hair Serum Standard,L'Oreal,Beauty,l'oreal-seller-019,23.65,6.8,173,4091.38,4.52,26,2026-03-01,Singapore,Lazada,l oreal hair serum standard,l oreal,22.822499999999998,33.730000000000004,39.1825,12
Innisfree Cleanser Pro,Innisfree,Beauty,innisfree-seller-048,38.14,15.17,163,6216.13,4.52,185,2026-03-01,Philippines,Shopee,innisfree cleanser pro,innisfree,20.5925,29.16,41.37,14
Kikkoman Teriyaki Sauce Mini,Kikkoman,Groceries,kikkoman-seller-045,25.03,18.64,290,7259.1,4.83,37,2026-03-01,Singapore,Shopee,kikkoman teriyaki sauce mini,kikkoman,15.190000000000001,24.075000000000003,31.917500000000004,14
Baseus Phone Holder Mini,Baseus,Accessories,baseus-seller-016,31.65,0.0,157,4968.55,4.47,206,2026-03-01,Malaysia,Shopee,baseus phone holder mini,baseus,41.05,61.52,72.8,11
Maybelline Foundation Standard,Maybelline,Beauty,maybelline-seller-044,23.61,15.36,195,4604.24,4.25,125,2026-03-01,Vietnam,Lazada,maybelline foundation standard,maybelline,15.89,25.869999999999997,43.81,14
IKEA Storage Box Max,IKEA,Home & Living,ikea-seller-060,88.56,23.05,87,7704.47,4.1,339,2026-03-01,Thailand,Shopee,ikea storage box max,ikea,53.71,121.445,153.235,22
Nestle Cereal Pro,Nestle,Groceries,nestle-seller-042,10.86,16.54,332,3604.15,4.31,52,2026-03-01,Singapore,Lazada,nestle cereal pro,nestle,10.0975,15.16,31.4725,16
IKEA Kitchen Organizer Max,IKEA,Home & Living,ikea-seller-047,82.12,23.9,94,7719.25,4.35,197,2026-03-01,Vietnam,Shopee,ikea kitchen organizer max,ikea,18.14,54.84,89.36,13
Xiaomi Smart Band,Xiaomi,Electronics,xiaomi-seller-026,376.74,13.65,27,10171.96,5.0,336,2026-03-01,Vietnam,Shopee,xiaomi smart band,xiaomi,156.315,189.31,322.935,14
L'Oreal Shampoo Pro,L'Oreal,Beauty,l'oreal-seller-037,9.73,10.33,343,3338.13,4.93,2531,2026-03-01,Singapore,Shopee,l oreal shampoo pro,l oreal,22.35,42.66,60.07,17
Innisfree Moisturizer Max,Innisfree,Beauty,innisfree-seller-035,52.09,17.13,149,7761.53,5.0,60,2026-03-01,Indonesia,Shopee,innisfree moisturizer max,innisfree,19.69,31.76,41.59,13
Kikkoman Teriyaki Sauce Pro,Kikkoman,Groceries,kikkoman-seller-013,18.14,5.87,241,4371.53,4.36,416,2026-03-01,Indonesia,Lazada,kikkoman teriyaki sauce pro,kikkoman,8.64,20.55,25.604999999999997,15
Kikkoman Teriyaki Sauce Max,Kikkoman,Groceries,kikkoman-seller-017,11.29,12.03,300,3387.97,4.83,145,2026-03-01,Vietnam,Lazada,kikkoman teriyaki sauce max,kikkoman,13.125,23.72,29.645,11
Baseus Laptop Stand,Baseus,Accessories,baseus-seller-019,33.17,18.51,153,5075.18,4.45,106,2026-03-01,Philippines,Shopee,baseus laptop stand,baseus,19.3525,32.84,56.6075,14
Kikkoman Teriyaki Sauce,Kikkoman,Groceries,kikkoman-seller-028,23.21,13.32,267,6197.91,4.31,220,2026-03-01,Indonesia,Shopee,kikkoman teriyaki sauce,kikkoman,18.9375,21.56,25.0425,12
Anker Power Bank Standard,Anker,Accessories,anker-seller-012,29.77,21.96,174,5180.74,4.08,30,2026-03-01,Indonesia,Lazada,anker power bank standard,anker,18.86,37.72,61.21,17
L'Oreal Shampoo Pro,L'Oreal,Beauty,l'oreal-seller-025,18.69,1.09,214,4000.0,4.8,150,2026-03-01,Thailand,Lazada,l oreal shampoo pro,l oreal,11.49,25.34,39.59,17
Innisfree Moisturizer Mini,Innisfree,Beauty,innisfree-seller-047,25.34,35.88,232,5879.62,4.68,101,2026-03-01,Thailand,Lazada,innisfree moisturizer mini,innisfree,11.49,25.34,39.59,17
Maybelline Foundation Max,Maybelline,Beauty,maybelline-seller-016,44.48,24.73,191,8495.24,4.16,228,2026-03-01,Indonesia,Shopee,maybelline foundation max,maybelline,19.69,31.76,41.59,13
JBL Bluetooth Speaker Plus,JBL,Electronics,jbl-seller-044,309.42,9.64,26,8044.99,4.89,446,2026-03-01,Vietnam,Shopee,jbl bluetooth speaker plus,jbl,156.315,189.31,322.935,14
Baseus Laptop Stand Pro,Baseus,Accessories,baseus-seller-040,11.44,15.4,234,2675.95,4.28,105,2026-03-01,Indonesia,Lazada,baseus laptop stand pro,baseus,18.86,37.72,61.21,17
Nestle Coffee Plus,Nestle,Groceries,nestle-seller-048,20.54,7.48,277,5690.8,4.91,1819,2026-03-01,Thailand,Shopee,nestle coffee plus,nestle,19.54,24.34,27.15,13
Samsung Tablet Plus,Samsung,Electronics,samsung-seller-049,266.9,20.44,24,6405.53,4.55,31,2026-03-01,Indonesia,Lazada,samsung tablet plus,samsung,84.8,203.79500000000002,286.1875,16
Kikkoman Soy Sauce Mini,Kikkoman,Groceries,kikkoman-seller-029,20.22,12.69,288,5822.01,4.23,201,2026-03-01,Indonesia,Shopee,kikkoman soy sauce mini,kikkoman,18.9375,21.56,25.0425,12
Baseus USB-C Cable Standard,Baseus,Accessories,baseus-seller-054,52.89,1.72,98,5182.83,4.5,183,2026-03-01,Indonesia,Lazada,baseus usb c cable standard,baseus,18.86,37.72,61.21,17
Philips LED Bulb 2026,Philips,Home & Living,philips-seller-021,12.73,3.1,180,2291.94,5.0,490,2026-03-01,Indonesia,Shopee,philips led bulb 2026,philips,42.685,67.92500000000001,124.1525,16
Baseus USB-C Cable Max,Baseus,Accessories,baseus-seller-038,63.14,13.06,98,6187.38,4.68,222,2026-03-01,Indonesia,Lazada,baseus usb c cable max,baseus,18.86,37.72,61.21,17
LocknLock Water Bottle Plus,LocknLock,Home & Living,locknlock-seller-009,142.02,10.38,53,7527.13,4.27,137,2026-03-01,Singapore,Shopee,locknlock water bottle plus,locknlock,22.52,35.66,142.02,5
Samsung SSD Mini,Samsung,Electronics,samsung-seller-030,383.37,19.53,12,4600.49,4.72,156,2026-03-01,Indonesia,Lazada,samsung ssd mini,samsung,84.8,203.79500000000002,286.1875,16
Anker Charging Cable,Anker,Accessories,anker-seller-001,12.77,8.06,207,2642.85,3.89,312,2026-03-01,Philippines,Lazada,anker charging cable,anker,17.98,34.06,44.21,13
IKEA Desk Lamp Plus,IKEA,Home & Living,ikea-seller-023,64.3,7.06,88,5658.69,5.0,105,2026-03-01,Philippines,Shopee,ikea desk lamp plus,ikea,27.830000000000002,49.81,111.39,11
IKEA Desk Lamp Plus,IKEA,Home & Living,ikea-seller-003,9.87,2.9,229,2259.09,4.48,147,2026-03-01,Philippines,Shopee,ikea desk lamp plus,ikea,27.830000000000002,49.81,111.39,11
Oishi Crackers Max,Oishi,Groceries,oishi-seller-042,23.15,15.32,235,5439.73,4.81,313,2026-03-01,Malaysia,Lazada,oishi crackers max,oishi,15.995000000000001,21.35,29.77,10
JBL Earbuds Plus,JBL,Electronics,jbl-seller-006,426.94,17.58,25,10673.42,4.39,83,2026-03-01,Singapore,Lazada,jbl earbuds plus,jbl,305.515,426.94,473.90999999999997,11
L'Oreal Shampoo Mini,L'Oreal,Beauty,l'oreal-seller-026,53.07,23.53,168,8916.18,4.82,215,2026-03-01,Philippines,Shopee,l oreal shampoo mini,l oreal,20.5925,29.16,41.37,14
Oishi Green Tea Pro,Oishi,Groceries,oishi-seller-030,7.95,10.26,448,3560.82,4.25,67,2026-03-01,Indonesia,Shopee,oishi green tea pro,oishi,18.9375,21.56,25.0425,12
LocknLock Water Bottle 2026,LocknLock,Home & Living,locknlock-seller-030,43.97,10.75,72,3165.54,4.07,154,2026-03-01,Philippines,Lazada,locknlock water bottle 2026,locknlock,50.21,106.07,137.275,19
L'Oreal Face Wash,L'Oreal,Beauty,l'oreal-seller-008,25.24,20.24,249,6284.51,4.32,413,2026-03-01,Malaysia,Shopee,l oreal face wash,l oreal,21.82,37.81,41.54,13
IKEA Desk Lamp 2026,IKEA,Home & Living,ikea-seller-005,134.53,20.84,56,7533.67,4.26,71,2026-03-01,Vietnam,Lazada,ikea desk lamp 2026,ikea,29.75,66.65,74.975,15
Samsung Tablet Max,Samsung,Electronics,samsung-seller-056,297.52,2.14,29,8628.15,4.74,314,2026-03-01,Vietnam,Shopee,samsung tablet max,samsung,156.315,189.31,322.935,14
Anker Charging Cable 2026,Anker,Accessories,anker-seller-035,11.62,23.48,305,3545.09,4.39,137,2026-03-01,Vietnam,Shopee,anker charging cable 2026,anker,50.647499999999994,62.41,67.6175,8
Kikkoman Teriyaki Sauce 2026,Kikkoman,Groceries,kikkoman-seller-053,33.17,0.0,196,6501.04,4.58,108,2026-03-01,Thailand,Shopee,kikkoman teriyaki sauce 2026,kikkoman,19.54,24.34,27.15,13
Philips Desk Fan,Philips,Home & Living,philips-seller-021,152.39,9.66,45,6857.34,4.39,321,2026-03-01,Philippines,Lazada,philips desk fan,philips,50.21,106.07,137.275,19
Philips Desk Fan 2026,Philips,Home & Living,philips-seller-041,51.97,17.54,107,5560.41,5.0,315,2026-03-01,Malaysia,Shopee,philips desk fan 2026,philips,51.182500000000005,71.32,104.78,16
LocknLock Water Bottle Pro,LocknLock,Home & Living,locknlock-seller-042,106.07,20.36,65,6894.24,4.6,152,2026-03-01,Philippines,Lazada,locknlock water bottle pro,locknlock,50.21,106.07,137.275,19
LocknLock Lunch Box Plus,LocknLock,Home & Living,locknlock-seller-027,104.7,7.57,67,7014.98,4.8,179,2026-03-01,Philippines,Lazada,locknlock lunch box plus,locknlock,50.21,106.07,137.275,19
Xiaomi Router Plus,Xiaomi,Electronics,xiaomi-seller-016,272.54,19.08,24,6540.86,4.34,172,2026-03-01,Thailand,Lazada,xiaomi router plus,xiaomi,115.575,304.92,384.46500000000003,14
Nestle Coffee Mini,Nestle,Groceries,nestle-seller-027,26.49,10.72,217,5748.33,4.55,32,2026-03-01,Thailand,Lazada,nestle coffee mini,nestle,13.785,25.494999999999997,27.95,14
Xiaomi Bluetooth Speaker 2026,Xiaomi,Electronics,xiaomi-seller-022,348.5,8.12,18,6272.97,4.98,1121,2026-03-01,Singapore,Shopee,xiaomi bluetooth speaker 2026,xiaomi,276.5425,318.47,357.98,10
JBL Bluetooth Speaker Mini,JBL,Electronics,jbl-seller-047,238.1,15.79,35,8333.63,4.73,732,2026-03-01,Philippines,Shopee,jbl bluetooth speaker mini,jbl,192.81,243.89,274.265,10
Innisfree Cleanser Mini,Innisfree,Beauty,innisfree-seller-039,46.9,16.47,152,7129.42,3.66,103,2026-03-01,Thailand,Shopee,innisfree cleanser mini,innisfree,18.35,24.02,46.9,17
Kikkoman Soy Sauce Plus,Kikkoman,Groceries,kikkoman-seller-014,11.28,18.12,372,4195.01,3.94,564,2026-03-01,Vietnam,Shopee,kikkoman soy sauce plus,kikkoman,11.4125,13.67,17.03,14
Logitech Wireless Mouse Max,Logitech,Accessories,logitech-seller-008,39.05,5.93,134,5232.85,4.15,313,2026-03-01,Malaysia,Lazada,logitech wireless mouse max,logitech,38.855,52.955,59.265,10
Kikkoman Soy Sauce Plus,Kikkoman,Groceries,kikkoman-seller-059,7.98,19.97,410,3272.47,4.65,162,2026-03-01,Philippines,Lazada,kikkoman soy sauce plus,kikkoman,7.0,7.98,23.59,13
Innisfree Moisturizer Mini,Innisfree,Beauty,innisfree-seller-042,7.17,10.43,306,2193.13,4.48,60,2026-03-01,Thailand,Lazada,innisfree moisturizer mini,innisfree,11.49,25.34,39.59,17
Innisfree Cleanser Plus,Innisfree,Beauty,innisfree-seller-030,14.08,10.15,260,3660.52,3.95,85,2026-03-01,Malaysia,Lazada,innisfree cleanser plus,innisfree,19.45,29.78,41.735,15
L'Oreal Hair Serum Pro,L'Oreal,Beauty,l'oreal-seller-027,18.53,9.18,219,4058.5,4.28,31,2026-03-01,Vietnam,Lazada,l oreal hair serum pro,l oreal,15.89,25.869999999999997,43.81,14
Oishi Snack Mix Mini,Oishi,Groceries,oishi-seller-060,8.68,14.66,434,3766.8,4.86,94,2026-03-01,Vietnam,Shopee,oishi snack mix mini,oishi,11.4125,13.67,17.03,14
L'Oreal Shampoo Pro,L'Oreal,Beauty,l'oreal-seller-015,28.86,0.0,157,4530.42,4.42,213,2026-03-01,Indonesia,Lazada,l oreal shampoo pro,l oreal,25.83,29.494999999999997,36.5725,6
Samsung Tablet Max,Samsung,Electronics,samsung-seller-022,94.63,18.25,54,5109.96,4.25,144,2026-03-01,Singapore,Shopee,samsung tablet max,samsung,276.5425,318.47,357.98,10
JBL Bluetooth Speaker Max,JBL,Electronics,jbl-seller-051,382.16,6.92,19,7261.05,5.0,100,2026-03-01,Malaysia,Lazada,jbl bluetooth speaker max,jbl,208.42499999999998,364.54999999999995,394.8175,16
Kikkoman Teriyaki Sauce 2026,Kikkoman,Groceries,kikkoman-seller-059,27.54,18.45,259,7133.92,4.98,174,2026-03-01,Malaysia,Shopee,kikkoman teriyaki sauce 2026,kikkoman,11.1625,18.03,24.435,14
IKEA Desk Lamp,IKEA,Home & Living,ikea-seller-043,78.76,25.63,84,6615.95,4.99,137,2026-03-01,Indonesia,Shopee,ikea desk lamp,ikea,42.685,67.92500000000001,124.1525,16
Xiaomi Router 2026,Xiaomi,Electronics,xiaomi-seller-005,189.74,0.0,25,4743.38,4.38,224,2026-03-01,Vietnam,Shopee,xiaomi router 2026,xiaomi,156.315,189.31,322.935,14
Logitech Webcam Plus,Logitech,Accessories,logitech-seller-024,58.94,10.73,118,6955.49,4.65,24,2026-03-01,Philippines,Shopee,logitech webcam plus,logitech,19.3525,32.84,56.6075,14
Xiaomi Smart Band Mini,Xiaomi,Electronics,xiaomi-seller-036,76.67,14.33,42,3220.31,4.23,62,2026-03-01,Vietnam,Lazada,xiaomi smart band mini,xiaomi,76.67,184.22,303.29,13
Baseus Phone Holder Pro,Baseus,Accessories,baseus-seller-035,30.56,13.76,174,5317.59,4.98,80,2026-03-01,Singapore,Shopee,baseus phone holder pro,baseus,15.66,31.33,53.475,23
Philips Desk Fan Plus,Philips,Home & Living,philips-seller-052,98.53,15.75,64,6305.6,4.73,45,2026-03-01,Malaysia,Shopee,philips desk fan plus,philips,51.182500000000005,71.32,104.78,16
Baseus USB-C Cable 2026,Baseus,Accessories,baseus-seller-013,68.74,4.91,114,7836.23,4.74,648,2026-03-01,Thailand,Shopee,baseus usb c cable 2026,baseus,28.575,50.675,67.18249999999999,18
Innisfree Moisturizer Standard,Innisfree,Beauty,innisfree-seller-024,24.82,9.91,148,3673.27,4.84,143,2026-03-01,Indonesia,Lazada,innisfree moisturizer standard,innisfree,25.83,29.494999999999997,36.5725,6
IKEA Kitchen Organizer 2026,IKEA,Home & Living,ikea-seller-020,49.79,10.5,90,4481.3,3.77,11,2026-03-01,Singapore,Lazada,ikea kitchen organizer 2026,ikea,42.815,88.67,118.07499999999999,11
Logitech Mechanical Keyboard Plus,Logitech,Accessories,logitech-seller-025,49.61,0.79,110,5456.74,4.96,95,2026-03-01,Philippines,Shopee,logitech mechanical keyboard plus,logitech,19.3525,32.84,56.6075,14
Baseus USB-C Cable Max,Baseus,Accessories,baseus-seller-011,20.51,0.0,160,3282.33,4.82,192,2026-03-01,Indonesia,Lazada,baseus usb c cable max,baseus,18.86,37.72,61.21,17
Samsung Monitor Mini,Samsung,Electronics,samsung-seller-055,46.56,7.9,52,2421.26,4.97,114,2026-03-01,Vietnam,Lazada,samsung monitor mini,samsung,76.67,184.22,303.29,13
Oishi Crackers Mini,Oishi,Groceries,oishi-seller-031,16.07,14.64,320,5142.02,4.02,365,2026-03-01,Vietnam,Shopee,oishi crackers mini,oishi,11.4125,13.67,17.03,14
Baseus Laptop Stand Mini,Baseus,Accessories,baseus-seller-037,75.41,7.08,94,7088.88,4.66,86,2026-03-01,Malaysia,Shopee,baseus laptop stand mini,baseus,41.05,61.52,72.8,11
Nestle Coffee 2026,Nestle,Groceries,nestle-seller-038,20.59,17.35,321,6608.21,4.58,702,2026-03-01,Philippines,Shopee,nestle coffee 2026,nestle,18.82,23.37,28.439999999999998,15
Anker USB-C Hub Mini,Anker,Accessories,anker-seller-016,34.15,13.57,145,4951.88,4.79,25,2026-03-01,Thailand,Lazada,anker usb c hub mini,anker,29.6825,44.790000000000006,64.955,16
LocknLock Food Container,LocknLock,Home & Living,locknlock-seller-048,122.41,19.64,51,6242.94,4.86,868,2026-03-01,Indonesia,Lazada,locknlock food container,locknlock,89.89,106.76,129.64,17
Philips Air Fryer Standard,Philips,Home & Living,philips-seller-007,73.34,1.99,90,6600.94,4.39,37,2026-03-01,Thailand,Shopee,philips air fryer standard,philips,53.71,121.445,153.235,22
Anker Power Bank,Anker,Accessories,anker-seller-040,16.2,2.82,213,3450.87,4.58,4,2026-03-01,Singapore,Shopee,anker power bank,anker,15.66,31.33,53.475,23
L'Oreal Face Wash Pro,L'Oreal,Beauty,l'oreal-seller-051,38.72,18.53,169,6543.6,4.85,181,2026-03-01,Indonesia,Lazada,l oreal face wash pro,l oreal,25.83,29.494999999999997,36.5725,6
Nestle Chocolate Drink Plus,Nestle,Groceries,nestle-seller-028,4.37,25.98,602,2632.06,4.88,111,2026-03-01,Singapore,Lazada,nestle chocolate drink plus,nestle,10.0975,15.16,31.4725,16
Baseus Laptop Stand,Baseus,Accessories,baseus-seller-016,27.83,19.39,157,4368.63,4.37,82,2026-03-01,Thailand,Lazada,baseus laptop stand,baseus,29.6825,44.790000000000006,64.955,16
Anker USB-C Hub Plus,Anker,Accessories,anker-seller-046,70.11,7.44,107,7502.28,3.91,205,2026-03-01,Philippines,Shopee,anker usb c hub plus,anker,19.3525,32.84,56.6075,14
JBL Earbuds Standard,JBL,Electronics,jbl-seller-006,255.2,10.09,37,9442.45,4.59,44,2026-03-01,Philippines,Shopee,jbl earbuds standard,jbl,192.81,243.89,274.265,10
JBL Earbuds Standard,JBL,Electronics,jbl-seller-009,351.48,13.6,19,6678.11,4.64,683,2026-03-01,Vietnam,Lazada,jbl earbuds standard,jbl,76.67,184.22,303.29,13
JBL Headphones Mini,JBL,Electronics,jbl-seller-033,30.72,16.05,99,3041.34,4.61,49,2026-03-01,Vietnam,Shopee,jbl headphones mini,jbl,156.315,189.31,322.935,14
Logitech Mechanical Keyboard Mini,Logitech,Accessories,logitech-seller-006,109.09,16.82,92,10036.69,4.58,115,2026-03-01,Singapore,Shopee,logitech mechanical keyboard mini,logitech,15.66,31.33,53.475,23
Xiaomi Bluetooth Speaker Plus,Xiaomi,Electronics,xiaomi-seller-025,82.1,16.66,45,3694.31,4.53,254,2026-03-01,Indonesia,Lazada,xiaomi bluetooth speaker plus,xiaomi,84.8,203.79500000000002,286.1875,16
Philips LED Bulb Max,Philips,Home & Living,philips-seller-025,15.5,27.1,202,3130.78,4.74,29,2026-03-01,Vietnam,Shopee,philips led bulb max,philips,18.14,54.84,89.36,13
Innisfree Moisturizer Plus,Innisfree,Beauty,innisfree-seller-010,24.02,15.47,231,5549.54,3.79,100,2026-03-01,Thailand,Shopee,innisfree moisturizer plus,innisfree,18.35,24.02,46.9,17
JBL Earbuds Pro,JBL,Electronics,jbl-seller-031,145.65,0.0,34,4952.16,4.39,287,2026-03-01,Vietnam,Shopee,jbl earbuds pro,jbl,156.315,189.31,322.935,14
L'Oreal Face Wash Max,L'Oreal,Beauty,l'oreal-seller-032,43.18,0.0,109,4706.58,4.69,118,2026-03-01,Vietnam,Lazada,l oreal face wash max,l oreal,15.89,25.869999999999997,43.81,14
Xiaomi Smart Band Pro,Xiaomi,Electronics,xiaomi-seller-001,290.91,12.28,21,6109.06,3.68,67,2026-03-01,Indonesia,Shopee,xiaomi smart band pro,xiaomi,136.705,196.675,285.3575,14
LocknLock Food Container Plus,LocknLock,Home & Living,locknlock-seller-022,219.7,15.99,29,6371.38,4.5,63,2026-03-01,Singapore,Lazada,locknlock food container plus,locknlock,42.815,88.67,118.07499999999999,11
Innisfree Cleanser Max,Innisfree,Beauty,innisfree-seller-013,60.87,13.79,138,8399.63,4.8,12,2026-03-01,Singapore,Shopee,innisfree cleanser max,innisfree,22.35,42.66,60.07,17
Nestle Cereal Pro,Nestle,Groceries,nestle-seller-048,31.36,23.04,206,6459.29,4.39,104,2026-03-01,Singapore,Lazada,nestle cereal pro,nestle,10.0975,15.16,31.4725,16
IKEA Storage Box Plus,IKEA,Home & Living,ikea-seller-018,106.97,13.64,47,5027.63,4.13,92,2026-03-01,Philippines,Lazada,ikea storage box plus,ikea,50.21,106.07,137.275,19
Baseus USB-C Cable Mini,Baseus,Accessories,baseus-seller-035,10.17,9.66,236,2400.23,4.6,503,2026-03-01,Singapore,Lazada,baseus usb c cable mini,baseus,29.88,41.3,62.44,13
Samsung SSD Plus,Samsung,Electronics,samsung-seller-052,355.67,17.54,30,10670.07,4.11,1144,2026-03-01,Thailand,Shopee,samsung ssd plus,samsung,76.24,156.28,284.22,9
Samsung Monitor 2026,Samsung,Electronics,samsung-seller-041,367.08,7.98,28,10278.33,4.45,206,2026-03-01,Malaysia,Shopee,samsung monitor 2026,samsung,221.0,306.03999999999996,403.6875,8
Maybelline Mascara Max,Maybelline,Beauty,maybelline-seller-028,41.43,3.06,173,7167.34,4.48,215,2026-03-01,Malaysia,Shopee,maybelline mascara max,maybelline,21.82,37.81,41.54,13
Samsung Monitor Mini,Samsung,Electronics,samsung-seller-026,316.06,0.0,20,6321.17,4.47,133,2026-03-01,Singapore,Shopee,samsung monitor mini,samsung,276.5425,318.47,357.98,10
IKEA Storage Box Max,IKEA,Home & Living,ikea-seller-058,149.31,15.36,50,7465.45,4.25,689,2026-03-01,Indonesia,Lazada,ikea storage box max,ikea,89.89,106.76,129.64,17
Logitech Webcam Max,Logitech,Accessories,logitech-seller-023,81.32,8.21,104,8457.63,4.58,99,2026-03-01,Indonesia,Shopee,logitech webcam max,logitech,18.55,35.46,58.81,13
Philips Desk Fan Max,Philips,Home & Living,philips-seller-026,24.66,16.58,151,3724.09,4.71,15,2026-03-01,Thailand,Shopee,philips desk fan max,philips,53.71,121.445,153.235,22
Logitech Wireless Mouse Pro,Logitech,Accessories,logitech-seller-015,21.65,8.19,172,3723.99,4.26,113,2026-03-01,Malaysia,Lazada,logitech wireless mouse pro,logitech,38.855,52.955,59.265,10
JBL Earbuds Plus,JBL,Electronics,jbl-seller-050,124.18,9.14,29,3601.25,4.5,360,2026-03-01,Indonesia,Shopee,jbl earbuds plus,jbl,136.705,196.675,285.3575,14
L'Oreal Hair Serum Standard,L'Oreal,Beauty,l'oreal-seller-019,32.65,11.35,207,6759.25,4.49,154,2026-03-01,Philippines,Shopee,l oreal hair serum standard,l oreal,20.5925,29.16,41.37,14
Baseus USB-C Cable Pro,Baseus,Accessories,baseus-seller-020,9.62,23.96,337,3240.55,4.56,252,2026-03-01,Singapore,Shopee,baseus usb c cable pro,baseus,15.66,31.33,53.475,23
Kikkoman Teriyaki Sauce Pro,Kikkoman,Groceries,kikkoman-seller-031,11.07,18.24,344,3808.7,4.33,161,2026-03-01,Malaysia,Lazada,kikkoman teriyaki sauce pro,kikkoman,15.995000000000001,21.35,29.77,10
JBL Bluetooth Speaker Pro,JBL,Electronics,jbl-seller-003,347.18,6.3,17,5902.06,4.51,50,2026-03-01,Vietnam,Lazada,jbl bluetooth speaker pro,jbl,76.67,184.22,303.29,13
Anker Power Bank Standard,Anker,Accessories,anker-seller-044,12.99,5.8,255,3311.87,4.55,67,2026-03-01,Philippines,Shopee,anker power bank standard,anker,19.3525,32.84,56.6075,14
IKEA Kitchen Organizer 2026,IKEA,Home & Living,ikea-seller-022,64.03,12.88,97,6211.0,5.0,216,2026-03-01,Thailand,Shopee,ikea kitchen organizer 2026,ikea,53.71,121.445,153.235,22
Xiaomi Bluetooth Speaker Max,Xiaomi,Electronics,xiaomi-seller-012,79.59,1.24,29,2308.12,5.0,52,2026-03-01,Indonesia,Lazada,xiaomi bluetooth speaker max,xiaomi,84.8,203.79500000000002,286.1875,16
Xiaomi Router Mini,Xiaomi,Electronics,xiaomi-seller-057,184.71,16.87,38,7018.88,4.09,376,2026-03-01,Thailand,Lazada,xiaomi router mini,xiaomi,115.575,304.92,384.46500000000003,14
LocknLock Food Container Standard,LocknLock,Home & Living,locknlock-seller-046,53.28,0.57,82,4368.76,4.82,37,2026-03-01,Thailand,Lazada,locknlock food container standard,locknlock,28.61,53.28,142.38,5
Maybelline Mascara Mini,Maybelline,Beauty,maybelline-seller-007,43.84,9.35,169,7408.45,4.28,732,2026-03-01,Thailand,Shopee,maybelline mascara mini,maybelline,18.35,24.02,46.9,17
Innisfree Clay Mask Plus,Innisfree,Beauty,innisfree-seller-008,8.2,20.92,410,3363.97,4.92,194,2026-03-01,Indonesia,Shopee,innisfree clay mask plus,innisfree,19.69,31.76,41.59,13
Philips Air Fryer Mini,Philips,Home & Living,philips-seller-025,93.05,0.0,62,5769.3,4.8,15,2026-03-01,Malaysia,Lazada,philips air fryer mini,philips,72.85,104.89,151.0625,12
IKEA Storage Box Pro,IKEA,Home & Living,ikea-seller-055,155.13,16.34,40,6205.32,5.0,211,2026-03-01,Indonesia,Lazada,ikea storage box pro,ikea,89.89,106.76,129.64,17
Maybelline Lip Tint Standard,Maybelline,Beauty,maybelline-seller-044,22.35,15.61,250,5586.33,4.96,36,2026-03-01,Singapore,Shopee,maybelline lip tint standard,maybelline,22.35,42.66,60.07,17
Logitech Mechanical Keyboard Standard,Logitech,Accessories,logitech-seller-012,51.21,26.62,115,5889.28,4.87,59,2026-03-01,Thailand,Lazada,logitech mechanical keyboard standard,logitech,29.6825,44.790000000000006,64.955,16
LocknLock Food Container Mini,LocknLock,Home & Living,locknlock-seller-009,49.96,17.56,118,5895.11,4.65,45,2026-03-01,Malaysia,Shopee,locknlock food container mini,locknlock,51.182500000000005,71.32,104.78,16
Xiaomi Bluetooth Speaker Max,Xiaomi,Electronics,xiaomi-seller-035,316.21,0.0,19,6008.01,4.48,281,2026-03-01,Indonesia,Lazada,xiaomi bluetooth speaker max,xiaomi,84.8,203.79500000000002,286.1875,16
IKEA Storage Box Pro,IKEA,Home & Living,ikea-seller-009,18.92,27.29,184,3480.39,4.1,186,2026-03-01,Philippines,Shopee,ikea storage box pro,ikea,27.830000000000002,49.81,111.39,11
Samsung SSD,Samsung,Electronics,samsung-seller-023,515.39,27.61,11,5669.3,4.28,148,2026-03-01,Thailand,Lazada,samsung ssd,samsung,115.575,304.92,384.46500000000003,14
Oishi Snack Mix Mini,Oishi,Groceries,oishi-seller-033,13.07,18.18,309,4038.54,4.7,61,2026-03-01,Vietnam,Lazada,oishi snack mix mini,oishi,13.125,23.72,29.645,11
Samsung Monitor Plus,Samsung,Electronics,samsung-seller-046,327.7,13.22,31,10158.67,4.96,597,2026-03-01,Philippines,Lazada,samsung monitor plus,samsung,85.88,133.575,319.66,12
Oishi Crackers Standard,Oishi,Groceries,oishi-seller-051,2.33,6.3,621,1449.81,4.97,831,2026-03-01,Singapore,Lazada,oishi crackers standard,oishi,10.0975,15.16,31.4725,16
Anker USB-C Hub Mini,Anker,Accessories,anker-seller-019,68.42,2.04,73,4994.3,3.86,347,2026-03-01,Thailand,Lazada,anker usb c hub mini,anker,29.6825,44.790000000000006,64.955,16
Philips Air Fryer Mini,Philips,Home & Living,philips-seller-033,142.38,17.17,54,7688.43,4.47,52,2026-03-01,Thailand,Lazada,philips air fryer mini,philips,28.61,53.28,142.38,5
Maybelline Foundation Mini,Maybelline,Beauty,maybelline-seller-053,9.04,5.94,358,3236.44,4.56,103,2026-03-01,Vietnam,Shopee,maybelline foundation mini,maybelline,10.5625,24.810000000000002,43.7425,14
IKEA Storage Box Standard,IKEA,Home & Living,ikea-seller-048,17.62,19.01,144,2537.0,4.0,901,2026-03-01,Vietnam,Lazada,ikea storage box standard,ikea,29.75,66.65,74.975,15
L'Oreal Hair Serum Pro,L'Oreal,Beauty,l'oreal-seller-023,20.21,14.2,272,5497.24,4.92,165,2026-03-01,Philippines,Shopee,l oreal hair serum pro,l oreal,20.5925,29.16,41.37,14
Logitech Wireless Mouse,Logitech,Accessories,logitech-seller-048,32.73,4.44,116,3797.07,4.15,581,2026-03-01,Vietnam,Lazada,logitech wireless mouse,logitech,15.53,22.61,37.51,7
Philips Air Fryer 2026,Philips,Home & Living,philips-seller-040,30.33,17.62,129,3912.54,4.91,396,2026-03-01,Indonesia,Lazada,philips air fryer 2026,philips,89.89,106.76,129.64,17
Oishi Crackers Pro,Oishi,Groceries,oishi-seller-035,24.69,15.6,294,7259.87,5.0,43,2026-03-01,Thailand,Shopee,oishi crackers pro,oishi,19.54,24.34,27.15,13
Maybelline Foundation Pro,Maybelline,Beauty,maybelline-seller-037,13.14,6.86,262,3443.96,4.25,164,2026-03-01,Malaysia,Shopee,maybelline foundation pro,maybelline,21.82,37.81,41.54,13
Nestle Coffee Pro,Nestle,Groceries,nestle-seller-056,19.4,14.06,263,5103.33,4.94,262,2026-03-01,Malaysia,Shopee,nestle coffee pro,nestle,11.1625,18.03,24.435,14
Oishi Green Tea Max,Oishi,Groceries,oishi-seller-021,23.37,3.36,268,6264.38,4.84,197,2026-03-01,Philippines,Shopee,oishi green tea max,oishi,18.82,23.37,28.439999999999998,15
Xiaomi Router Max,Xiaomi,Electronics,xiaomi-seller-018,390.08,1.26,20,7801.55,4.07,124,2026-03-01,Thailand,Lazada,xiaomi router max,xiaomi,115.575,304.92,384.46500000000003,14
JBL Bluetooth Speaker Max,JBL,Electronics,jbl-seller-051,173.9,10.76,27,4695.41,4.82,498,2026-03-01,Philippines,Lazada,jbl bluetooth speaker max,jbl,85.88,133.575,319.66,12
Philips Air Fryer Max,Philips,Home & Living,philips-seller-060,66.65,24.72,72,4798.71,4.79,125,2026-03-01,Vietnam,Lazada,philips air fryer max,philips,29.75,66.65,74.975,15
JBL Headphones Standard,JBL,Electronics,jbl-seller-056,279.66,14.71,24,6711.77,4.49,82,2026-03-01,Malaysia,Lazada,jbl headphones standard,jbl,208.42499999999998,364.54999999999995,394.8175,16
Samsung Tablet Max,Samsung,Electronics,samsung-seller-023,280.62,0.0,27,7576.65,3.92,29,2026-03-01,Philippines,Shopee,samsung tablet max,samsung,192.81,243.89,274.265,10
Nestle Coffee Plus,Nestle,Groceries,nestle-seller-018,23.72,16.09,236,5597.16,5.0,77,2026-03-01,Vietnam,Lazada,nestle coffee plus,nestle,13.125,23.72,29.645,11
Maybelline Lip Tint 2026,Maybelline,Beauty,maybelline-seller-037,21.4,4.28,175,3744.17,4.73,61,2026-03-01,Malaysia,Lazada,maybelline lip tint 2026,maybelline,19.45,29.78,41.735,15
Logitech Wireless Mouse Max,Logitech,Accessories,logitech-seller-051,62.44,14.04,110,6868.15,3.9,447,2026-03-01,Singapore,Lazada,logitech wireless mouse max,logitech,29.88,41.3,62.44,13
Logitech Mechanical Keyboard Plus,Logitech,Accessories,logitech-seller-001,15.64,13.11,232,3627.95,4.0,56,2026-03-01,Singapore,Shopee,logitech mechanical keyboard plus,logitech,15.66,31.33,53.475,23
Kikkoman Teriyaki Sauce 2026,Kikkoman,Groceries,kikkoman-seller-056,18.85,13.38,279,5259.27,4.97,217,2026-03-01,Singapore,Shopee,kikkoman teriyaki sauce 2026,kikkoman,15.190000000000001,24.075000000000003,31.917500000000004,14
Innisfree Clay Mask Pro,Innisfree,Beauty,innisfree-seller-043,38.71,16.56,167,6464.77,4.62,131,2026-03-01,Malaysia,Shopee,innisfree clay mask pro,innisfree,21.82,37.81,41.54,13
Anker Power Bank Pro,Anker,Accessories,anker-seller-047,82.23,5.49,97,7976.11,4.51,82,2026-03-01,Philippines,Shopee,anker power bank pro,anker,19.3525,32.84,56.6075,14
Samsung SSD Max,Samsung,Electronics,samsung-seller-007,419.47,28.37,24,10067.24,4.31,91,2026-03-01,Philippines,Shopee,samsung ssd max,samsung,192.81,243.89,274.265,10
Xiaomi Smart Band Mini,Xiaomi,Electronics,xiaomi-seller-015,188.88,7.28,28,5288.73,4.47,391,2026-03-01,Vietnam,Shopee,xiaomi smart band mini,xiaomi,156.315,189.31,322.935,14
Logitech Webcam Pro,Logitech,Accessories,logitech-seller-053,9.51,15.35,286,2721.11,3.93,532,2026-03-01,Indonesia,Lazada,logitech webcam pro,logitech,18.86,37.72,61.21,17
Nestle Coffee 2026,Nestle,Groceries,nestle-seller-025,32.31,16.59,234,7560.48,4.02,1207,2026-03-01,Vietnam,Lazada,nestle coffee 2026,nestle,13.125,23.72,29.645,11
Anker Charging Cable Pro,Anker,Accessories,anker-seller-009,53.16,1.79,96,5103.51,4.1,210,2026-03-01,Vietnam,Shopee,anker charging cable pro,anker,50.647499999999994,62.41,67.6175,8
Oishi Crackers Mini,Oishi,Groceries,oishi-seller-001,29.57,13.06,241,7126.29,4.34,196,2026-03-01,Singapore,Shopee,oishi crackers mini,oishi,15.190000000000001,24.075000000000003,31.917500000000004,14
JBL Headphones 2026,JBL,Electronics,jbl-seller-041,95.54,1.96,47,4490.29,4.51,75,2026-03-01,Indonesia,Shopee,jbl headphones 2026,jbl,136.705,196.675,285.3575,14
Samsung Tablet Plus,Samsung,Electronics,samsung-seller-056,186.58,13.51,25,4664.61,4.3,150,2026-03-01,Philippines,Shopee,samsung tablet plus,samsung,192.81,243.89,274.265,10
Logitech Wireless Mouse Mini,Logitech,Accessories,logitech-seller-047,50.43,20.19,149,7513.92,4.61,29,2026-03-01,Thailand,Shopee,logitech wireless mouse mini,logitech,28.575,50.675,67.18249999999999,18
JBL Bluetooth Speaker 2026,JBL,Electronics,jbl-seller-018,505.15,18.57,12,6061.75,3.98,171,2026-03-01,Singapore,Lazada,jbl bluetooth speaker 2026,jbl,305.515,426.94,473.90999999999997,11
Kikkoman Teriyaki Sauce,Kikkoman,Groceries,kikkoman-seller-045,22.49,23.09,302,6792.6,4.44,6,2026-03-01,Philippines,Shopee,kikkoman teriyaki sauce,kikkoman,18.82,23.37,28.439999999999998,15
Kikkoman Soy Sauce Max,Kikkoman,Groceries,kikkoman-seller-026,13.18,16.06,308,4060.42,4.23,578,2026-03-01,Vietnam,Lazada,kikkoman soy sauce max,kikkoman,13.125,23.72,29.645,11
Nestle Cereal Standard,Nestle,Groceries,nestle-seller-016,5.57,7.72,526,2931.26,4.73,1513,2026-03-01,Malaysia,Shopee,nestle cereal standard,nestle,11.1625,18.03,24.435,14
IKEA Storage Box Pro,IKEA,Home & Living,ikea-seller-009,21.81,1.5,156,3403.09,4.73,97,2026-03-01,Singapore,Shopee,ikea storage box pro,ikea,22.52,35.66,142.02,5
Maybelline Lip Tint 2026,Maybelline,Beauty,maybelline-seller-049,30.75,11.51,160,4920.73,4.73,78,2026-03-01,Singapore,Lazada,maybelline lip tint 2026,maybelline,22.822499999999998,33.730000000000004,39.1825,12
Baseus USB-C Cable Standard,Baseus,Accessories,baseus-seller-017,50.21,14.26,113,5673.62,4.67,208,2026-03-01,Singapore,Shopee,baseus usb c cable standard,baseus,15.66,31.33,53.475,23
Anker Power Bank Pro,Anker,Accessories,anker-seller-041,18.85,0.0,210,3957.91,4.73,7,2026-03-01,Thailand,Shopee,anker power bank pro,anker,28.575,50.675,67.18249999999999,18
Samsung Monitor Standard,Samsung,Electronics,samsung-seller-041,91.87,2.65,37,3399.14,3.63,79,2026-03-01,Philippines,Lazada,samsung monitor standard,samsung,85.88,133.575,319.66,12
L'Oreal Hair Serum Standard,L'Oreal,Beauty,l'oreal-seller-033,31.76,2.09,168,5335.21,5.0,1005,2026-03-01,Indonesia,Shopee,l oreal hair serum standard,l oreal,19.69,31.76,41.59,13
LocknLock Food Container Mini,LocknLock,Home & Living,locknlock-seller-041,13.55,7.01,200,2709.64,3.98,249,2026-03-01,Thailand,Shopee,locknlock food container mini,locknlock,53.71,121.445,153.235,22
Maybelline Foundation Max,Maybelline,Beauty,maybelline-seller-055,47.6,23.73,166,7901.64,4.16,142,2026-03-01,Philippines,Shopee,maybelline foundation max,maybelline,20.5925,29.16,41.37,14
Oishi Snack Mix Standard,Oishi,Groceries,oishi-seller-030,19.54,12.96,292,5704.61,4.55,112,2026-03-01,Thailand,Shopee,oishi snack mix standard,oishi,19.54,24.34,27.15,13
Maybelline Lip Tint Max,Maybelline,Beauty,maybelline-seller-048,5.28,12.98,448,2363.63,4.51,31,2026-03-01,Indonesia,Shopee,maybelline lip tint max,maybelline,19.69,31.76,41.59,13
Baseus USB-C Cable Max,Baseus,Accessories,baseus-seller-001,50.92,0.0,122,6211.65,4.54,157,2026-03-01,Thailand,Shopee,baseus usb c cable max,baseus,28.575,50.675,67.18249999999999,18
Maybelline Lip Tint,Maybelline,Beauty,maybelline-seller-053,34.98,22.5,173,6051.46,4.66,187,2026-03-01,Thailand,Lazada,maybelline lip tint,maybelline,11.49,25.34,39.59,17
Nestle Coffee Max,Nestle,Groceries,nestle-seller-050,10.44,6.01,325,3392.98,4.73,16,2026-03-01,Philippines,Lazada,nestle coffee max,nestle,7.0,7.98,23.59,13
Anker Charging Cable Pro,Anker,Accessories,anker-seller-034,53.39,1.65,115,6139.95,4.31,49,2026-03-01,Malaysia,Shopee,anker charging cable pro,anker,41.05,61.52,72.8,11
Philips LED Bulb Plus,Philips,Home & Living,philips-seller-030,11.25,21.46,200,2249.59,4.51,492,2026-03-01,Vietnam,Lazada,philips led bulb plus,philips,29.75,66.65,74.975,15
Anker Power Bank 2026,Anker,Accessories,anker-seller-024,49.96,20.06,111,5545.05,4.67,112,2026-03-01,Indonesia,Lazada,anker power bank 2026,anker,18.86,37.72,61.21,17
Baseus Phone Holder Max,Baseus,Accessories,baseus-seller-008,16.87,21.2,226,3812.7,4.15,369,2026-03-01,Thailand,Lazada,baseus phone holder max,baseus,29.6825,44.790000000000006,64.955,16
Logitech Wireless Mouse Standard,Logitech,Accessories,logitech-seller-031,27.2,8.68,208,5656.94,4.56,169,2026-03-01,Thailand,Shopee,logitech wireless mouse standard,logitech,28.575,50.675,67.18249999999999,18
Oishi Green Tea Mini,Oishi,Groceries,oishi-seller-052,30.43,20.44,193,5873.35,4.52,244,2026-03-01,Malaysia,Lazada,oishi green tea mini,oishi,15.995000000000001,21.35,29.77,10
Nestle Coffee Plus,Nestle,Groceries,nestle-seller-059,23.59,14.81,227,5354.81,3.86,157,2026-03-01,Philippines,Lazada,nestle coffee plus,nestle,7.0,7.98,23.59,13
L'Oreal Face Wash Pro,L'Oreal,Beauty,l'oreal-seller-008,40.76,0.66,124,5053.99,4.26,68,2026-03-01,Philippines,Lazada,l oreal face wash pro,l oreal,24.76,31.09,40.11,13
Oishi Crackers Standard,Oishi,Groceries,oishi-seller-026,29.52,14.96,241,7115.49,4.51,257,2026-03-01,Indonesia,Shopee,oishi crackers standard,oishi,18.9375,21.56,25.0425,12
Innisfree Moisturizer Standard,Innisfree,Beauty,innisfree-seller-036,28.13,8.37,186,5232.18,4.9,73,2026-03-01,Vietnam,Lazada,innisfree moisturizer standard,innisfree,15.89,25.869999999999997,43.81,14
L'Oreal Hair Serum Mini,L'Oreal,Beauty,l'oreal-seller-051,60.74,16.41,170,10325.26,4.71,55,2026-03-01,Singapore,Shopee,l oreal hair serum mini,l oreal,22.35,42.66,60.07,17
JBL Headphones Plus,JBL,Electronics,jbl-seller-050,204.14,12.07,30,6124.3,4.18,153,2026-03-01,Malaysia,Shopee,jbl headphones plus,jbl,221.0,306.03999999999996,403.6875,8
Oishi Snack Mix Standard,Oishi,Groceries,oishi-seller-015,34.81,1.94,232,8076.39,4.81,301,2026-03-01,Thailand,Shopee,oishi snack mix standard,oishi,19.54,24.34,27.15,13
Anker USB-C Hub,Anker,Accessories,anker-seller-043,68.93,6.22,81,5583.28,4.85,590,2026-03-01,Indonesia,Lazada,anker usb c hub,anker,18.86,37.72,61.21,17
Logitech Webcam 2026,Logitech,Accessories,logitech-seller-027,22.88,10.8,163,3729.95,4.97,134,2026-03-01,Singapore,Lazada,logitech webcam 2026,logitech,29.88,41.3,62.44,13
Kikkoman Teriyaki Sauce Standard,Kikkoman,Groceries,kikkoman-seller-003,32.7,13.69,237,7749.35,4.58,1297,2026-03-01,Singapore,Shopee,kikkoman teriyaki sauce standard,kikkoman,15.190000000000001,24.075000000000003,31.917500000000004,14
Innisfree Cleanser Standard,Innisfree,Beauty,innisfree-seller-038,50.21,18.72,131,6577.79,4.98,527,2026-03-01,Thailand,Lazada,innisfree cleanser standard,innisfree,11.49,25.34,39.59,17
Xiaomi Router Mini,Xiaomi,Electronics,xiaomi-seller-004,327.44,4.57,26,8513.54,4.58,185,2026-03-01,Vietnam,Shopee,xiaomi router mini,xiaomi,156.315,189.31,322.935,14
Nestle Cereal,Nestle,Groceries,nestle-seller-021,12.42,14.46,361,4482.98,4.37,751,2026-03-01,Singapore,Shopee,nestle cereal,nestle,15.190000000000001,24.075000000000003,31.917500000000004,14
Innisfree Moisturizer 2026,Innisfree,Beauty,innisfree-seller-005,38.87,13.77,150,5830.7,4.07,32,2026-03-01,Singapore,Lazada,innisfree moisturizer 2026,innisfree,22.822499999999998,33.730000000000004,39.1825,12
IKEA Desk Lamp Standard,IKEA,Home & Living,ikea-seller-011,191.08,30.46,59,11273.94,4.49,130,2026-03-01,Thailand,Shopee,ikea desk lamp standard,ikea,53.71,121.445,153.235,22
Innisfree Clay Mask Mini,Innisfree,Beauty,innisfree-seller-023,34.63,8.94,157,5436.83,4.73,82,2026-03-01,Singapore,Lazada,innisfree clay mask mini,innisfree,22.822499999999998,33.730000000000004,39.1825,12
Innisfree Moisturizer,Innisfree,Beauty,innisfree-seller-008,30.48,5.37,155,4723.71,3.84,176,2026-03-01,Thailand,Lazada,innisfree moisturizer,innisfree,11.49,25.34,39.59,17
Maybelline Lip Tint Mini,Maybelline,Beauty,maybelline-seller-003,19.29,8.73,232,4476.11,4.72,335,2026-03-01,Vietnam,Shopee,maybelline lip tint mini,maybelline,10.5625,24.810000000000002,43.7425,14
Oishi Crackers 2026,Oishi,Groceries,oishi-seller-023,4.51,13.34,503,2270.99,4.2,119,2026-03-01,Thailand,Lazada,oishi crackers 2026,oishi,13.785,25.494999999999997,27.95,14
Innisfree Clay Mask Standard,Innisfree,Beauty,innisfree-seller-026,31.94,18.46,223,7123.54,4.51,86,2026-03-01,Singapore,Shopee,innisfree clay mask standard,innisfree,22.35,42.66,60.07,17
Anker USB-C Hub,Anker,Accessories,anker-seller-051,48.21,28.34,168,8098.75,4.65,144,2026-03-01,Singapore,Shopee,anker usb c hub,anker,15.66,31.33,53.475,23
Logitech Wireless Mouse 2026,Logitech,Accessories,logitech-seller-013,48.79,7.5,143,6976.64,4.05,79,2026-03-01,Thailand,Shopee,logitech wireless mouse 2026,logitech,28.575,50.675,67.18249999999999,18
Baseus Phone Holder Pro,Baseus,Accessories,baseus-seller-059,77.69,5.92,80,6214.87,3.93,261,2026-03-01,Singapore,Lazada,baseus phone holder pro,baseus,29.88,41.3,62.44,13
Logitech Webcam Plus,Logitech,Accessories,logitech-seller-052,70.73,19.33,144,10184.67,4.3,102,2026-03-01,Vietnam,Shopee,logitech webcam plus,logitech,50.647499999999994,62.41,67.6175,8
L'Oreal Shampoo Plus,L'Oreal,Beauty,l'oreal-seller-004,18.35,2.62,221,4055.6,4.71,76,2026-03-01,Thailand,Shopee,l oreal shampoo plus,l oreal,18.35,24.02,46.9,17
JBL Bluetooth Speaker Plus,JBL,Electronics,jbl-seller-044,83.93,8.26,60,5036.05,4.27,164,2026-03-01,Thailand,Lazada,jbl bluetooth speaker plus,jbl,115.575,304.92,384.46500000000003,14
L'Oreal Shampoo Pro,L'Oreal,Beauty,l'oreal-seller-018,60.07,10.07,157,9430.82,4.55,100,2026-03-01,Singapore,Shopee,l oreal shampoo pro,l oreal,22.35,42.66,60.07,17
Baseus Phone Holder Mini,Baseus,Accessories,baseus-seller-016,83.82,4.87,92,7711.9,4.25,25,2026-03-01,Singapore,Shopee,baseus phone holder mini,baseus,15.66,31.33,53.475,23
JBL Headphones Plus,JBL,Electronics,jbl-seller-004,87.41,16.11,53,4632.58,4.56,13,2026-03-01,Philippines,Lazada,jbl headphones plus,jbl,85.88,133.575,319.66,12
Xiaomi Bluetooth Speaker 2026,Xiaomi,Electronics,xiaomi-seller-042,303.29,2.44,19,5762.53,4.47,60,2026-03-01,Vietnam,Lazada,xiaomi bluetooth speaker 2026,xiaomi,76.67,184.22,303.29,13
IKEA Storage Box,IKEA,Home & Living,ikea-seller-046,46.22,11.01,127,5870.3,4.41,35,2026-03-01,Indonesia,Shopee,ikea storage box,ikea,42.685,67.92500000000001,124.1525,16
LocknLock Food Container Mini,LocknLock,Home & Living,locknlock-seller-033,141.95,7.48,38,5394.03,4.97,25,2026-03-01,Malaysia,Lazada,locknlock food container mini,locknlock,72.85,104.89,151.0625,12
L'Oreal Shampoo Pro,L'Oreal,Beauty,l'oreal-seller-039,58.69,15.85,115,6749.53,4.48,78,2026-03-01,Malaysia,Lazada,l oreal shampoo pro,l oreal,19.45,29.78,41.735,15
L'Oreal Hair Serum Mini,L'Oreal,Beauty,l'oreal-seller-023,23.6,3.33,195,4601.05,4.39,612,2026-03-01,Thailand,Shopee,l oreal hair serum mini,l oreal,18.35,24.02,46.9,17
Oishi Green Tea Max,Oishi,Groceries,oishi-seller-016,10.21,1.03,366,3737.86,5.0,400,2026-03-01,Indonesia,Shopee,oishi green tea max,oishi,18.9375,21.56,25.0425,12
Kikkoman Teriyaki Sauce Pro,Kikkoman,Groceries,kikkoman-seller-060,10.07,10.84,424,4270.28,4.44,388,2026-03-01,Malaysia,Shopee,kikkoman teriyaki sauce pro,kikkoman,11.1625,18.03,24.435,14
Kikkoman Teriyaki Sauce,Kikkoman,Groceries,kikkoman-seller-048,25.02,10.79,256,6405.12,4.06,301,2026-03-01,Thailand,Shopee,kikkoman teriyaki sauce,kikkoman,19.54,24.34,27.15,13
IKEA Kitchen Organizer Max,IKEA,Home & Living,ikea-seller-023,29.38,9.89,103,3026.62,4.18,140,2026-03-01,Philippines,Lazada,ikea kitchen organizer max,ikea,50.21,106.07,137.275,19
IKEA Storage Box Mini,IKEA,Home & Living,ikea-seller-020,32.08,25.23,145,4652.21,4.6,490,2026-03-01,Indonesia,Shopee,ikea storage box mini,ikea,42.685,67.92500000000001,124.1525,16
Logitech Wireless Mouse 2026,Logitech,Accessories,logitech-seller-039,18.66,16.77,189,3527.07,5.0,67,2026-03-01,Thailand,Lazada,logitech wireless mouse 2026,logitech,29.6825,44.790000000000006,64.955,16
LocknLock Water Bottle Pro,LocknLock,Home & Living,locknlock-seller-059,134.84,13.94,57,7685.87,4.01,117,2026-03-01,Thailand,Shopee,locknlock water bottle pro,locknlock,53.71,121.445,153.235,22
Nestle Chocolate Drink 2026,Nestle,Groceries,nestle-seller-059,30.92,0.0,214,6617.72,4.79,109,2026-03-01,Indonesia,Shopee,nestle chocolate drink 2026,nestle,18.9375,21.56,25.0425,12
Logitech Webcam Max,Logitech,Accessories,logitech-seller-059,63.84,0.0,109,6958.24,4.41,493,2026-03-01,Malaysia,Shopee,logitech webcam max,logitech,41.05,61.52,72.8,11
LocknLock Water Bottle Pro,LocknLock,Home & Living,locknlock-seller-046,132.03,20.75,67,8845.94,4.51,74,2026-03-01,Thailand,Shopee,locknlock water bottle pro,locknlock,53.71,121.445,153.235,22
IKEA Storage Box Pro,IKEA,Home & Living,ikea-seller-021,136.83,0.75,44,6020.36,4.76,61,2026-03-01,Philippines,Lazada,ikea storage box pro,ikea,50.21,106.07,137.275,19
Samsung Monitor Max,Samsung,Electronics,samsung-seller-021,153.59,25.32,54,8293.67,4.24,6,2026-03-01,Thailand,Shopee,samsung monitor max,samsung,76.24,156.28,284.22,9
Kikkoman Soy Sauce Plus,Kikkoman,Groceries,kikkoman-seller-020,25.63,0.0,199,5101.06,4.46,99,2026-03-01,Thailand,Lazada,kikkoman soy sauce plus,kikkoman,13.785,25.494999999999997,27.95,14
Oishi Crackers Standard,Oishi,Groceries,oishi-seller-045,21.16,6.23,229,4845.82,5.0,327,2026-03-01,Philippines,Lazada,oishi crackers standard,oishi,7.0,7.98,23.59,13
IKEA Desk Lamp Mini,IKEA,Home & Living,ikea-seller-021,99.48,5.82,51,5073.67,4.68,649,2026-03-01,Indonesia,Lazada,ikea desk lamp mini,ikea,89.89,106.76,129.64,17
IKEA Storage Box 2026,IKEA,Home & Living,ikea-seller-022,141.73,9.04,64,9070.66,4.58,124,2026-03-01,Indonesia,Shopee,ikea storage box 2026,ikea,42.685,67.92500000000001,124.1525,16
Nestle Cereal 2026,Nestle,Groceries,nestle-seller-041,17.05,5.33,286,4876.9,5.0,294,2026-03-01,Philippines,Shopee,nestle cereal 2026,nestle,18.82,23.37,28.439999999999998,15
Xiaomi Bluetooth Speaker 2026,Xiaomi,Electronics,xiaomi-seller-016,44.84,0.0,57,2555.93,4.69,426,2026-03-01,Vietnam,Lazada,xiaomi bluetooth speaker 2026,xiaomi,76.67,184.22,303.29,13
Innisfree Clay Mask Max,Innisfree,Beauty,innisfree-seller-001,41.25,18.15,174,7177.63,4.34,229,2026-03-01,Philippines,Shopee,innisfree clay mask max,innisfree,20.5925,29.16,41.37,14
Samsung Monitor 2026,Samsung,Electronics,samsung-seller-057,241.59,14.77,27,6522.99,5.0,24,2026-03-01,Vietnam,Lazada,samsung monitor 2026,samsung,76.67,184.22,303.29,13
JBL Headphones Plus,JBL,Electronics,jbl-seller-007,422.94,25.12,18,7612.89,5.0,38,2026-03-01,Singapore,Lazada,jbl headphones plus,jbl,305.515,426.94,473.90999999999997,11
Nestle Coffee,Nestle,Groceries,nestle-seller-055,10.05,16.06,443,4452.28,4.51,55,2026-03-01,Singapore,Shopee,nestle coffee,nestle,15.190000000000001,24.075000000000003,31.917500000000004,14
Anker Charging Cable Standard,Anker,Accessories,anker-seller-005,22.61,18.01,189,4273.08,3.83,153,2026-03-01,Vietnam,Lazada,anker charging cable standard,anker,15.53,22.61,37.51,7
Xiaomi Router Standard,Xiaomi,Electronics,xiaomi-seller-036,245.0,10.14,34,8330.13,4.56,107,2026-03-01,Malaysia,Shopee,xiaomi router standard,xiaomi,221.0,306.03999999999996,403.6875,8
Philips Air Fryer Max,Philips,Home & Living,philips-seller-002,21.01,15.78,137,2878.58,4.07,302,2026-03-01,Vietnam,Lazada,philips air fryer max,philips,29.75,66.65,74.975,15
LocknLock Water Bottle Standard,LocknLock,Home & Living,locknlock-seller-007,22.52,7.12,124,2792.09,5.0,153,2026-03-01,Singapore,Shopee,locknlock water bottle standard,locknlock,22.52,35.66,142.02,5
Nestle Chocolate Drink Mini,Nestle,Groceries,nestle-seller-047,6.07,7.37,501,3042.79,4.38,342,2026-03-01,Malaysia,Shopee,nestle chocolate drink mini,nestle,11.1625,18.03,24.435,14
Innisfree Clay Mask Standard,Innisfree,Beauty,innisfree-seller-004,31.09,26.75,167,5192.39,4.12,38,2026-03-01,Philippines,Lazada,innisfree clay mask standard,innisfree,24.76,31.09,40.11,13
Oishi Snack Mix Standard,Oishi,Groceries,oishi-seller-028,7.39,18.42,419,3094.32,4.85,27,2026-03-01,Singapore,Lazada,oishi snack mix standard,oishi,10.0975,15.16,31.4725,16
LocknLock Water Bottle Standard,LocknLock,Home & Living,locknlock-seller-002,114.04,2.76,51,5816.2,4.86,143,2026-03-01,Vietnam,Lazada,locknlock water bottle standard,locknlock,29.75,66.65,74.975,15
L'Oreal Hair Serum,L'Oreal,Beauty,l'oreal-seller-008,18.75,8.68,229,4294.78,4.8,4348,2026-03-01,Thailand,Shopee,l oreal hair serum,l oreal,18.35,24.02,46.9,17
JBL Headphones Pro,JBL,Electronics,jbl-seller-006,499.45,0.0,22,10987.93,4.63,77,2026-03-01,Malaysia,Lazada,jbl headphones pro,jbl,208.42499999999998,364.54999999999995,394.8175,16
Nestle Cereal Pro,Nestle,Groceries,nestle-seller-012,7.0,15.59,431,3015.15,4.89,111,2026-03-01,Philippines,Lazada,nestle cereal pro,nestle,7.0,7.98,23.59,13
Innisfree Moisturizer Pro,Innisfree,Beauty,innisfree-seller-015,42.66,5.86,152,6484.15,4.82,574,2026-03-01,Singapore,Shopee,innisfree moisturizer pro,innisfree,22.35,42.66,60.07,17
Kikkoman Soy Sauce Standard,Kikkoman,Groceries,kikkoman-seller-043,24.56,10.84,255,6262.14,4.39,169,2026-03-01,Malaysia,Shopee,kikkoman soy sauce standard,kikkoman,11.1625,18.03,24.435,14
IKEA Kitchen Organizer Standard,IKEA,Home & Living,ikea-seller-054,30.68,9.11,108,3313.88,4.41,867,2026-03-01,Malaysia,Lazada,ikea kitchen organizer standard,ikea,72.85,104.89,151.0625,12
Philips Air Fryer Mini,Philips,Home & Living,philips-seller-057,18.08,10.21,137,2476.61,4.85,163,2026-03-01,Singapore,Lazada,philips air fryer mini,philips,42.815,88.67,118.07499999999999,11
L'Oreal Hair Serum,L'Oreal,Beauty,l'oreal-seller-046,11.4,15.34,273,3112.9,4.75,120,2026-03-01,Thailand,Lazada,l oreal hair serum,l oreal,11.49,25.34,39.59,17
Anker USB-C Hub 2026,Anker,Accessories,anker-seller-014,60.68,7.28,113,6857.17,4.5,161,2026-03-01,Vietnam,Shopee,anker usb c hub 2026,anker,50.647499999999994,62.41,67.6175,8
Anker USB-C Hub Max,Anker,Accessories,anker-seller-028,32.7,8.05,152,4969.68,4.92,118,2026-03-01,Thailand,Shopee,anker usb c hub max,anker,28.575,50.675,67.18249999999999,18
LocknLock Food Container Max,LocknLock,Home & Living,locknlock-seller-059,144.84,0.0,44,6372.96,5.0,94,2026-03-01,Thailand,Shopee,locknlock food container max,locknlock,53.71,121.445,153.235,22
Samsung Monitor Mini,Samsung,Electronics,samsung-seller-021,137.72,11.21,28,3856.28,4.14,19,2026-03-01,Vietnam,Shopee,samsung monitor mini,samsung,156.315,189.31,322.935,14
Baseus Phone Holder Mini,Baseus,Accessories,baseus-seller-034,75.42,3.24,87,6561.4,4.24,1284,2026-03-01,Malaysia,Lazada,baseus phone holder mini,baseus,38.855,52.955,59.265,10
Xiaomi Smart Band Mini,Xiaomi,Electronics,xiaomi-seller-038,287.98,12.79,26,7487.56,4.6,141,2026-03-01,Singapore,Shopee,xiaomi smart band mini,xiaomi,276.5425,318.47,357.98,10
Baseus USB-C Cable,Baseus,Accessories,baseus-seller-019,73.97,25.11,120,8876.98,4.68,215,2026-03-01,Indonesia,Shopee,baseus usb c cable,baseus,18.55,35.46,58.81,13
JBL Earbuds Max,JBL,Electronics,jbl-seller-032,170.72,11.72,38,6487.45,3.78,723,2026-03-01,Indonesia,Lazada,jbl earbuds max,jbl,84.8,203.79500000000002,286.1875,16
Logitech Mechanical Keyboard Plus,Logitech,Accessories,logitech-seller-010,61.21,12.67,94,5753.37,4.55,263,2026-03-01,Indonesia,Lazada,logitech mechanical keyboard plus,logitech,18.86,37.72,61.21,17
Anker Charging Cable Max,Anker,Accessories,anker-seller-016,61.81,7.17,103,6366.89,4.41,62,2026-03-01,Indonesia,Lazada,anker charging cable max,anker,18.86,37.72,61.21,17
Innisfree Clay Mask Pro,Innisfree,Beauty,innisfree-seller-053,15.01,4.27,209,3136.84,4.49,267,2026-03-01,Vietnam,Lazada,innisfree clay mask pro,innisfree,15.89,25.869999999999997,43.81,14
Innisfree Cleanser Max,Innisfree,Beauty,innisfree-seller-007,26.18,19.86,198,5184.58,4.52,39,2026-03-01,Malaysia,Lazada,innisfree cleanser max,innisfree,19.45,29.78,41.735,15
Maybelline Foundation,Maybelline,Beauty,maybelline-seller-053,5.78,14.11,467,2698.24,5.0,8,2026-03-01,Thailand,Shopee,maybelline foundation,maybelline,18.35,24.02,46.9,17
Samsung Tablet Standard,Samsung,Electronics,samsung-seller-013,404.2,17.88,31,12530.13,4.79,184,2026-03-01,Malaysia,Lazada,samsung tablet standard,samsung,208.42499999999998,364.54999999999995,394.8175,16
Samsung Monitor,Samsung,Electronics,samsung-seller-034,272.73,3.28,17,4636.39,4.21,46,2026-03-01,Singapore,Shopee,samsung monitor,samsung,276.5425,318.47,357.98,10
IKEA Desk Lamp Pro,IKEA,Home & Living,ikea-seller-046,67.23,12.59,106,7126.73,4.35,108,2026-03-01,Malaysia,Shopee,ikea desk lamp pro,ikea,51.182500000000005,71.32,104.78,16
Kikkoman Soy Sauce 2026,Kikkoman,Groceries,kikkoman-seller-013,20.08,16.47,244,4898.93,5.0,83,2026-03-01,Indonesia,Lazada,kikkoman soy sauce 2026,kikkoman,8.64,20.55,25.604999999999997,15
Oishi Snack Mix Standard,Oishi,Groceries,oishi-seller-059,18.55,9.32,286,5306.27,5.0,141,2026-03-01,Thailand,Shopee,oishi snack mix standard,oishi,19.54,24.34,27.15,13
Innisfree Moisturizer Mini,Innisfree,Beauty,innisfree-seller-026,41.54,12.07,183,7601.04,4.0,754,2026-03-01,Malaysia,Shopee,innisfree moisturizer mini,innisfree,21.82,37.81,41.54,13
Logitech Mechanical Keyboard Plus,Logitech,Accessories,logitech-seller-039,32.51,0.0,164,5331.32,4.52,908,2026-03-01,Philippines,Shopee,logitech mechanical keyboard plus,logitech,19.3525,32.84,56.6075,14
Samsung Tablet Pro,Samsung,Electronics,samsung-seller-023,199.91,17.59,31,6197.11,4.56,23,2026-03-01,Singapore,Shopee,samsung tablet pro,samsung,276.5425,318.47,357.98,10
Anker USB-C Hub Plus,Anker,Accessories,anker-seller-004,44.49,16.73,138,6140.25,4.58,261,2026-03-01,Thailand,Lazada,anker usb c hub plus,anker,29.6825,44.790000000000006,64.955,16
Kikkoman Soy Sauce Max,Kikkoman,Groceries,kikkoman-seller-014,22.02,20.28,275,6056.42,4.26,820,2026-03-01,Thailand,Shopee,kikkoman soy sauce max,kikkoman,19.54,24.34,27.15,13
IKEA Kitchen Organizer Standard,IKEA,Home & Living,ikea-seller-031,67.9,16.37,72,4888.68,4.29,33,2026-03-01,Malaysia,Lazada,ikea kitchen organizer standard,ikea,72.85,104.89,151.0625,12
IKEA Desk Lamp Pro,IKEA,Home & Living,ikea-seller-039,83.64,19.44,77,6439.98,4.5,79,2026-03-01,Thailand,Shopee,ikea desk lamp pro,ikea,53.71,121.445,153.235,22
JBL Earbuds Plus,JBL,Electronics,jbl-seller-017,222.07,7.31,21,4663.5,4.09,11,2026-03-01,Malaysia,Lazada,jbl earbuds plus,jbl,208.42499999999998,364.54999999999995,394.8175,16
Maybelline Lip Tint,Maybelline,Beauty,maybelline-seller-040,39.59,13.63,151,5978.06,4.39,185,2026-03-01,Thailand,Lazada,maybelline lip tint,maybelline,11.49,25.34,39.59,17
Baseus Phone Holder,Baseus,Accessories,baseus-seller-054,26.29,21.64,241,6335.51,4.4,98,2026-03-01,Singapore,Shopee,baseus phone holder,baseus,15.66,31.33,53.475,23
Maybelline Mascara Plus,Maybelline,Beauty,maybelline-seller-005,16.06,0.0,199,3195.1,4.18,172,2026-03-01,Malaysia,Lazada,maybelline mascara plus,maybelline,19.45,29.78,41.735,15
Innisfree Moisturizer Max,Innisfree,Beauty,innisfree-seller-046,17.5,6.25,207,3622.78,4.35,33,2026-03-01,Malaysia,Lazada,innisfree moisturizer max,innisfree,19.45,29.78,41.735,15
Oishi Crackers,Oishi,Groceries,oishi-seller-016,32.18,17.86,191,6145.57,4.48,84,2026-03-01,Philippines,Lazada,oishi crackers,oishi,7.0,7.98,23.59,13
Maybelline Mascara Max,Maybelline,Beauty,maybelline-seller-002,44.02,12.85,132,5810.74,5.0,42,2026-03-01,Vietnam,Lazada,maybelline mascara max,maybelline,15.89,25.869999999999997,43.81,14
Innisfree Moisturizer Plus,Innisfree,Beauty,innisfree-seller-025,40.11,11.14,153,6137.41,4.98,40,2026-03-01,Philippines,Lazada,innisfree moisturizer plus,innisfree,24.76,31.09,40.11,13
Philips Desk Fan,Philips,Home & Living,philips-seller-013,127.83,0.0,57,7286.24,4.88,553,2026-03-01,Philippines,Shopee,philips desk fan,philips,27.830000000000002,49.81,111.39,11
Philips Air Fryer Max,Philips,Home & Living,philips-seller-023,157.35,6.84,50,7867.56,3.97,271,2026-03-01,Malaysia,Shopee,philips air fryer max,philips,51.182500000000005,71.32,104.78,16
Kikkoman Soy Sauce Pro,Kikkoman,Groceries,kikkoman-seller-007,20.55,19.64,222,4562.23,4.66,2284,2026-03-01,Indonesia,Lazada,kikkoman soy sauce pro,kikkoman,8.64,20.55,25.604999999999997,15
Maybelline Lip Tint,Maybelline,Beauty,maybelline-seller-059,33.19,7.51,176,5841.44,3.84,157,2026-03-01,Singapore,Shopee,maybelline lip tint,maybelline,22.35,42.66,60.07,17
Logitech Mechanical Keyboard 2026,Logitech,Accessories,logitech-seller-048,15.72,14.54,222,3489.98,4.78,298,2026-03-01,Thailand,Lazada,logitech mechanical keyboard 2026,logitech,29.6825,44.790000000000006,64.955,16
Innisfree Moisturizer Mini,Innisfree,Beauty,innisfree-seller-019,38.79,21.56,161,6245.75,4.34,1840,2026-03-01,Malaysia,Lazada,innisfree moisturizer mini,innisfree,19.45,29.78,41.735,15
Xiaomi Router Mini,Xiaomi,Electronics,xiaomi-seller-038,361.14,5.56,16,5778.22,4.69,16,2026-03-01,Singapore,Shopee,xiaomi router mini,xiaomi,276.5425,318.47,357.98,10
Xiaomi Router Standard,Xiaomi,Electronics,xiaomi-seller-056,288.16,28.34,34,9797.45,4.65,58,2026-03-01,Indonesia,Shopee,xiaomi router standard,xiaomi,136.705,196.675,285.3575,14
LocknLock Food Container Standard,LocknLock,Home & Living,locknlock-seller-056,24.53,7.07,120,2943.01,4.75,124,2026-03-01,Philippines,Lazada,locknlock food container standard,locknlock,50.21,106.07,137.275,19
Nestle Cereal Mini,Nestle,Groceries,nestle-seller-058,27.15,7.74,232,6299.91,4.84,29,2026-03-01,Thailand,Shopee,nestle cereal mini,nestle,19.54,24.34,27.15,13
Maybelline Mascara,Maybelline,Beauty,maybelline-seller-006,67.29,16.09,121,8141.74,5.0,724,2026-03-01,Singapore,Shopee,maybelline mascara,maybelline,22.35,42.66,60.07,17
Nestle Chocolate Drink Standard,Nestle,Groceries,nestle-seller-001,41.92,18.78,190,7964.25,4.51,93,2026-03-01,Singapore,Lazada,nestle chocolate drink standard,nestle,10.0975,15.16,31.4725,16
Oishi Crackers,Oishi,Groceries,oishi-seller-011,20.93,6.92,235,4918.41,4.82,138,2026-03-01,Singapore,Lazada,oishi crackers,oishi,10.0975,15.16,31.4725,16
Kikkoman Teriyaki Sauce Max,Kikkoman,Groceries,kikkoman-seller-028,23.12,0.0,253,5850.48,5.0,40,2026-03-01,Singapore,Shopee,kikkoman teriyaki sauce max,kikkoman,15.190000000000001,24.075000000000003,31.917500000000004,14
JBL Bluetooth Speaker Standard,JBL,Electronics,jbl-seller-035,160.82,9.0,33,5307.09,4.44,169,2026-03-01,Singapore,Lazada,jbl bluetooth speaker standard,jbl,305.515,426.94,473.90999999999997,11
Anker Power Bank 2026,Anker,Accessories,anker-seller-002,64.86,0.0,96,6227.02,4.63,75,2026-03-01,Thailand,Lazada,anker power bank 2026,anker,29.6825,44.790000000000006,64.955,16
Oishi Crackers Pro,Oishi,Groceries,oishi-seller-020,16.47,0.0,284,4676.46,4.48,610,2026-03-01,Philippines,Shopee,oishi crackers pro,oishi,18.82,23.37,28.439999999999998,15
Samsung Tablet Pro,Samsung,Electronics,samsung-seller-011,68.98,23.97,60,4138.84,4.38,81,2026-03-01,Thailand,Shopee,samsung tablet pro,samsung,76.24,156.28,284.22,9
Innisfree Moisturizer Max,Innisfree,Beauty,innisfree-seller-034,34.24,7.25,176,6026.06,4.36,488,2026-03-01,Vietnam,Shopee,innisfree moisturizer max,innisfree,10.5625,24.810000000000002,43.7425,14
Samsung SSD Pro,Samsung,Electronics,samsung-seller-058,149.43,26.79,32,4781.87,4.85,599,2026-03-01,Indonesia,Lazada,samsung ssd pro,samsung,84.8,203.79500000000002,286.1875,16
Oishi Snack Mix Standard,Oishi,Groceries,oishi-seller-015,7.81,5.56,338,2641.36,4.15,259,2026-03-01,Singapore,Lazada,oishi snack mix standard,oishi,10.0975,15.16,31.4725,16
Kikkoman Soy Sauce Mini,Kikkoman,Groceries,kikkoman-seller-033,24.34,16.35,243,5914.16,4.85,275,2026-03-01,Thailand,Shopee,kikkoman soy sauce mini,kikkoman,19.54,24.34,27.15,13
Maybelline Lip Tint,Maybelline,Beauty,maybelline-seller-003,52.96,1.05,123,6514.46,4.62,134,2026-03-01,Thailand,Shopee,maybelline lip tint,maybelline,18.35,24.02,46.9,17
Philips LED Bulb Mini,Philips,Home & Living,philips-seller-004,42.61,0.0,81,3451.3,4.7,74,2026-03-01,Singapore,Lazada,philips led bulb mini,philips,42.815,88.67,118.07499999999999,11
Logitech Webcam Standard,Logitech,Accessories,logitech-seller-027,15.42,17.4,267,4115.83,4.72,51,2026-03-01,Philippines,Shopee,logitech webcam standard,logitech,19.3525,32.84,56.6075,14
Baseus Laptop Stand Plus,Baseus,Accessories,baseus-seller-045,29.88,2.45,137,4093.97,4.21,29,2026-03-01,Singapore,Lazada,baseus laptop stand plus,baseus,29.88,41.3,62.44,13
Anker Charging Cable Max,Anker,Accessories,anker-seller-007,79.79,9.65,118,9415.45,4.65,60,2026-03-01,Thailand,Shopee,anker charging cable max,anker,28.575,50.675,67.18249999999999,18
Philips Desk Fan 2026,Philips,Home & Living,philips-seller-027,165.21,11.44,36,5947.42,4.13,528,2026-03-01,Philippines,Lazada,philips desk fan 2026,philips,50.21,106.07,137.275,19
L'Oreal Shampoo Plus,L'Oreal,Beauty,l'oreal-seller-013,9.75,9.17,323,3148.54,4.15,284,2026-03-01,Vietnam,Shopee,l oreal shampoo plus,l oreal,10.5625,24.810000000000002,43.7425,14
Maybelline Mascara Pro,Maybelline,Beauty,maybelline-seller-046,47.19,20.59,179,8446.72,4.72,1790,2026-03-01,Indonesia,Shopee,maybelline mascara pro,maybelline,19.69,31.76,41.59,13
Oishi Crackers Plus,Oishi,Groceries,oishi-seller-059,30.24,11.12,204,6169.85,4.98,201,2026-03-01,Singapore,Lazada,oishi crackers plus,oishi,10.0975,15.16,31.4725,16
L'Oreal Shampoo Standard,L'Oreal,Beauty,l'oreal-seller-043,59.57,6.9,128,7625.24,4.63,103,2026-03-01,Thailand,Lazada,l oreal shampoo standard,l oreal,11.49,25.34,39.59,17
Philips Air Fryer 2026,Philips,Home & Living,philips-seller-006,90.49,0.0,71,6424.69,4.92,58,2026-03-01,Vietnam,Shopee,philips air fryer 2026,philips,18.14,54.84,89.36,13
Anker Power Bank 2026,Anker,Accessories,anker-seller-030,10.89,10.15,280,3049.71,5.0,406,2026-03-01,Indonesia,Shopee,anker power bank 2026,anker,18.55,35.46,58.81,13
Xiaomi Smart Band,Xiaomi,Electronics,xiaomi-seller-012,42.74,0.59,53,2265.27,4.65,102,2026-03-01,Malaysia,Lazada,xiaomi smart band,xiaomi,208.42499999999998,364.54999999999995,394.8175,16
Maybelline Foundation Plus,Maybelline,Beauty,maybelline-seller-048,22.96,13.75,187,4293.21,4.83,74,2026-03-01,Vietnam,Lazada,maybelline foundation plus,maybelline,15.89,25.869999999999997,43.81,14
Logitech Wireless Mouse Max,Logitech,Accessories,logitech-seller-042,77.48,18.87,100,7748.0,4.41,217,2026-03-01,Vietnam,Shopee,logitech wireless mouse max,logitech,50.647499999999994,62.41,67.6175,8
Innisfree Cleanser Pro,Innisfree,Beauty,innisfree-seller-057,10.11,7.32,287,2900.27,4.29,113,2026-03-01,Thailand,Lazada,innisfree cleanser pro,innisfree,11.49,25.34,39.59,17
Innisfree Clay Mask Standard,Innisfree,Beauty,innisfree-seller-026,12.28,10.62,319,3917.67,4.8,174,2026-03-01,Philippines,Shopee,innisfree clay mask standard,innisfree,20.5925,29.16,41.37,14
Innisfree Cleanser,Innisfree,Beauty,innisfree-seller-031,35.69,19.35,169,6031.81,4.39,40,2026-03-01,Singapore,Lazada,innisfree cleanser,innisfree,22.822499999999998,33.730000000000004,39.1825,12
Logitech Webcam Max,Logitech,Accessories,logitech-seller-004,40.75,12.08,148,6031.06,5.0,130,2026-03-01,Singapore,Shopee,logitech webcam max,logitech,15.66,31.33,53.475,23
Samsung Monitor,Samsung,Electronics,samsung-seller-037,284.22,19.5,28,7958.17,5.0,716,2026-03-01,Thailand,Shopee,samsung monitor,samsung,76.24,156.28,284.22,9
Kikkoman Teriyaki Sauce,Kikkoman,Groceries,kikkoman-seller-023,4.85,6.64,459,2224.12,4.24,588,2026-03-01,Philippines,Lazada,kikkoman teriyaki sauce,kikkoman,7.0,7.98,23.59,13
Nestle Cereal Standard,Nestle,Groceries,nestle-seller-057,36.28,7.9,207,7509.37,4.57,102,2026-03-01,Indonesia,Shopee,nestle cereal standard,nestle,18.9375,21.56,25.0425,12
Logitech Mechanical Keyboard Max,Logitech,Accessories,logitech-seller-021,9.2,7.31,242,2226.41,5.0,90,2026-03-01,Singapore,Lazada,logitech mechanical keyboard max,logitech,29.88,41.3,62.44,13
Maybelline Lip Tint Max,Maybelline,Beauty,maybelline-seller-045,32.24,6.14,183,5900.34,4.93,247,2026-03-01,Vietnam,Shopee,maybelline lip tint max,maybelline,10.5625,24.810000000000002,43.7425,14
Samsung Tablet 2026,Samsung,Electronics,samsung-seller-031,360.11,27.59,29,10443.15,4.04,138,2026-03-01,Indonesia,Shopee,samsung tablet 2026,samsung,136.705,196.675,285.3575,14
Kikkoman Soy Sauce Standard,Kikkoman,Groceries,kikkoman-seller-042,30.55,0.0,188,5743.63,4.83,173,2026-03-01,Malaysia,Lazada,kikkoman soy sauce standard,kikkoman,15.995000000000001,21.35,29.77,10
Xiaomi Smart Band,Xiaomi,Electronics,xiaomi-seller-032,337.3,33.11,21,7083.4,4.49,28,2026-03-01,Thailand,Lazada,xiaomi smart band,xiaomi,115.575,304.92,384.46500000000003,14
Innisfree Clay Mask Mini,Innisfree,Beauty,innisfree-seller-015,21.82,16.99,232,5061.85,4.8,1970,2026-03-01,Malaysia,Shopee,innisfree clay mask mini,innisfree,21.82,37.81,41.54,13
Xiaomi Smart Band Plus,Xiaomi,Electronics,xiaomi-seller-029,59.92,28.86,55,3295.83,4.31,338,2026-03-01,Indonesia,Lazada,xiaomi smart band plus,xiaomi,84.8,203.79500000000002,286.1875,16
Anker Charging Cable Pro,Anker,Accessories,anker-seller-008,68.0,25.32,98,6664.26,4.25,154,2026-03-01,Indonesia,Lazada,anker charging cable pro,anker,18.86,37.72,61.21,17
Anker Charging Cable Standard,Anker,Accessories,anker-seller-036,15.68,17.85,270,4234.79,4.88,357,2026-03-01,Singapore,Shopee,anker charging cable standard,anker,15.66,31.33,53.475,23
Baseus Phone Holder Max,Baseus,Accessories,baseus-seller-020,67.89,7.39,115,7807.7,5.0,64,2026-03-01,Indonesia,Shopee,baseus phone holder max,baseus,18.55,35.46,58.81,13
JBL Earbuds,JBL,Electronics,jbl-seller-004,115.33,0.0,48,5536.01,4.11,33,2026-03-01,Indonesia,Shopee,jbl earbuds,jbl,136.705,196.675,285.3575,14
Maybelline Lip Tint Mini,Maybelline,Beauty,maybelline-seller-031,13.15,22.18,272,3578.1,4.59,84,2026-03-01,Thailand,Lazada,maybelline lip tint mini,maybelline,11.49,25.34,39.59,17
Xiaomi Smart Band,Xiaomi,Electronics,xiaomi-seller-043,344.5,21.95,26,8956.99,4.51,300,2026-03-01,Philippines,Lazada,xiaomi smart band,xiaomi,85.88,133.575,319.66,12
Innisfree Cleanser,Innisfree,Beauty,innisfree-seller-019,49.31,16.74,155,7642.45,4.69,227,2026-03-01,Thailand,Shopee,innisfree cleanser,innisfree,18.35,24.02,46.9,17
Logitech Wireless Mouse Plus,Logitech,Accessories,logitech-seller-009,9.4,2.58,204,1916.91,5.0,479,2026-03-01,Indonesia,Lazada,logitech wireless mouse plus,logitech,18.86,37.72,61.21,17
Anker Power Bank 2026,Anker,Accessories,anker-seller-013,7.53,12.89,293,2206.45,4.9,276,2026-03-01,Philippines,Lazada,anker power bank 2026,anker,17.98,34.06,44.21,13
Nestle Coffee Max,Nestle,Groceries,nestle-seller-022,4.4,27.97,545,2395.43,4.52,998,2026-03-01,Vietnam,Lazada,nestle coffee max,nestle,13.125,23.72,29.645,11
Baseus Phone Holder Mini,Baseus,Accessories,baseus-seller-008,19.2,19.66,203,3897.25,4.27,154,2026-03-01,Vietnam,Lazada,baseus phone holder mini,baseus,15.53,22.61,37.51,7
Philips LED Bulb Plus,Philips,Home & Living,philips-seller-001,124.94,13.03,51,6371.83,4.36,234,2026-03-01,Singapore,Lazada,philips led bulb plus,philips,42.815,88.67,118.07499999999999,11
LocknLock Lunch Box Plus,LocknLock,Home & Living,locknlock-seller-060,22.65,9.95,168,3805.28,4.47,91,2026-03-01,Indonesia,Shopee,locknlock lunch box plus,locknlock,42.685,67.92500000000001,124.1525,16
IKEA Kitchen Organizer,IKEA,Home & Living,ikea-seller-009,115.03,5.5,53,6096.37,4.96,73,2026-03-01,Indonesia,Shopee,ikea kitchen organizer,ikea,42.685,67.92500000000001,124.1525,16
Philips Air Fryer Mini,Philips,Home & Living,philips-seller-057,46.24,15.07,88,4069.47,4.2,200,2026-03-01,Vietnam,Lazada,philips air fryer mini,philips,29.75,66.65,74.975,15
Philips LED Bulb Pro,Philips,Home & Living,philips-seller-026,136.3,14.12,62,8450.43,5.0,153,2026-03-01,Singapore,Lazada,philips led bulb pro,philips,42.815,88.67,118.07499999999999,11
Xiaomi Smart Band Plus,Xiaomi,Electronics,xiaomi-seller-039,366.9,18.26,20,7337.96,4.54,628,2026-03-01,Malaysia,Lazada,xiaomi smart band plus,xiaomi,208.42499999999998,364.54999999999995,394.8175,16
LocknLock Lunch Box Max,LocknLock,Home & Living,locknlock-seller-060,134.38,21.33,54,7256.66,4.51,12,2026-03-01,Philippines,Lazada,locknlock lunch box max,locknlock,50.21,106.07,137.275,19
Oishi Crackers Max,Oishi,Groceries,oishi-seller-019,22.9,10.64,310,7100.12,4.46,91,2026-03-01,Indonesia,Shopee,oishi crackers max,oishi,18.9375,21.56,25.0425,12
Kikkoman Soy Sauce Mini,Kikkoman,Groceries,kikkoman-seller-035,6.57,8.91,412,2708.43,4.53,126,2026-03-01,Philippines,Lazada,kikkoman soy sauce mini,kikkoman,7.0,7.98,23.59,13
Anker Power Bank Plus,Anker,Accessories,anker-seller-038,34.06,11.54,127,4326.03,4.06,63,2026-03-01,Philippines,Lazada,anker power bank plus,anker,17.98,34.06,44.21,13
LocknLock Food Container,LocknLock,Home & Living,locknlock-seller-001,124.96,4.56,53,6622.73,4.53,99,2026-03-01,Indonesia,Lazada,locknlock food container,locknlock,89.89,106.76,129.64,17
Anker USB-C Hub Standard,Anker,Accessories,anker-seller-043,48.29,5.57,125,6036.18,4.66,110,2026-03-01,Indonesia,Shopee,anker usb c hub standard,anker,18.55,35.46,58.81,13
L'Oreal Hair Serum Max,L'Oreal,Beauty,l'oreal-seller-017,20.23,1.37,229,4633.54,4.79,116,2026-03-01,Vietnam,Shopee,l oreal hair serum max,l oreal,10.5625,24.810000000000002,43.7425,14
L'Oreal Face Wash Standard,L'Oreal,Beauty,l'oreal-seller-023,44.4,2.51,152,6748.2,4.76,312,2026-03-01,Thailand,Shopee,l oreal face wash standard,l oreal,18.35,24.02,46.9,17
Philips Desk Fan Mini,Philips,Home & Living,philips-seller-056,35.66,0.41,91,3244.87,4.64,1013,2026-03-01,Singapore,Shopee,philips desk fan mini,philips,22.52,35.66,142.02,5
Kikkoman Teriyaki Sauce Max,Kikkoman,Groceries,kikkoman-seller-043,5.91,10.87,435,2569.68,4.96,280,2026-03-01,Thailand,Lazada,kikkoman teriyaki sauce max,kikkoman,13.785,25.494999999999997,27.95,14
JBL Headphones Pro,JBL,Electronics,jbl-seller-036,72.77,15.14,51,3711.43,4.57,32,2026-03-01,Vietnam,Lazada,jbl headphones pro,jbl,76.67,184.22,303.29,13
L'Oreal Face Wash,L'Oreal,Beauty,l'oreal-seller-050,57.44,30.75,151,8672.84,4.85,463,2026-03-01,Vietnam,Shopee,l oreal face wash,l oreal,10.5625,24.810000000000002,43.7425,14
Maybelline Lip Tint Max,Maybelline,Beauty,maybelline-seller-039,13.45,5.37,290,3901.88,4.07,63,2026-03-01,Singapore,Shopee,maybelline lip tint max,maybelline,22.35,42.66,60.07,17
Innisfree Clay Mask Max,Innisfree,Beauty,innisfree-seller-005,57.16,7.82,141,8058.93,5.0,759,2026-03-01,Thailand,Shopee,innisfree clay mask max,innisfree,18.35,24.02,46.9,17
IKEA Storage Box Standard,IKEA,Home & Living,ikea-seller-028,42.42,0.0,130,5514.42,4.44,111,2026-03-01,Thailand,Shopee,ikea storage box standard,ikea,53.71,121.445,153.235,22
Oishi Crackers,Oishi,Groceries,oishi-seller-017,27.79,19.74,229,6363.21,4.9,771,2026-03-01,Malaysia,Lazada,oishi crackers,oishi,15.995000000000001,21.35,29.77,10
Samsung SSD Standard,Samsung,Electronics,samsung-seller-010,124.17,16.0,36,4470.18,4.62,89,2026-03-01,Vietnam,Lazada,samsung ssd standard,samsung,76.67,184.22,303.29,13
Philips Air Fryer Plus,Philips,Home & Living,philips-seller-051,103.04,2.25,62,6388.46,4.35,127,2026-03-01,Malaysia,Shopee,philips air fryer plus,philips,51.182500000000005,71.32,104.78,16
Baseus Laptop Stand Mini,Baseus,Accessories,baseus-seller-015,37.72,6.71,119,4488.96,4.4,233,2026-03-01,Indonesia,Lazada,baseus laptop stand mini,baseus,18.86,37.72,61.21,17
IKEA Storage Box Mini,IKEA,Home & Living,ikea-seller-035,33.96,19.43,116,3939.56,4.38,37,2026-03-01,Thailand,Shopee,ikea storage box mini,ikea,53.71,121.445,153.235,22
L'Oreal Shampoo Max,L'Oreal,Beauty,l'oreal-seller-022,13.94,0.0,253,3527.6,4.59,414,2026-03-01,Singapore,Shopee,l oreal shampoo max,l oreal,22.35,42.66,60.07,17
L'Oreal Face Wash Mini,L'Oreal,Beauty,l'oreal-seller-031,53.94,22.34,143,7712.89,5.0,214,2026-03-01,Malaysia,Lazada,l oreal face wash mini,l oreal,19.45,29.78,41.735,15
Baseus Laptop Stand Plus,Baseus,Accessories,baseus-seller-016,18.55,19.06,226,4192.9,4.52,53,2026-03-01,Indonesia,Shopee,baseus laptop stand plus,baseus,18.55,35.46,58.81,13
Baseus Laptop Stand Plus,Baseus,Accessories,baseus-seller-059,8.09,0.0,326,2637.63,5.0,570,2026-03-01,Philippines,Shopee,baseus laptop stand plus,baseus,19.3525,32.84,56.6075,14
Maybelline Lip Tint Pro,Maybelline,Beauty,maybelline-seller-002,10.0,13.51,272,2719.03,4.69,148,2026-03-01,Vietnam,Lazada,maybelline lip tint pro,maybelline,15.89,25.869999999999997,43.81,14
Philips Air Fryer Plus,Philips,Home & Living,philips-seller-003,105.66,10.35,56,5916.9,4.58,61,2026-03-01,Indonesia,Lazada,philips air fryer plus,philips,89.89,106.76,129.64,17
Maybelline Mascara Standard,Maybelline,Beauty,maybelline-seller-011,19.05,8.77,254,4838.2,4.72,85,2026-03-01,Malaysia,Shopee,maybelline mascara standard,maybelline,21.82,37.81,41.54,13
Logitech Webcam Max,Logitech,Accessories,logitech-seller-050,57.95,0.89,99,5737.08,4.48,529,2026-03-01,Indonesia,Shopee,logitech webcam max,logitech,18.55,35.46,58.81,13
Logitech Webcam,Logitech,Accessories,logitech-seller-045,84.74,8.86,66,5592.93,4.44,402,2026-03-01,Thailand,Lazada,logitech webcam,logitech,29.6825,44.790000000000006,64.955,16
Baseus Phone Holder 2026,Baseus,Accessories,baseus-seller-002,28.66,23.62,162,4642.81,5.0,134,2026-03-01,Philippines,Lazada,baseus phone holder 2026,baseus,17.98,34.06,44.21,13
Logitech Wireless Mouse Standard,Logitech,Accessories,logitech-seller-012,43.11,0.0,109,4698.86,4.37,583,2026-03-01,Singapore,Lazada,logitech wireless mouse standard,logitech,29.88,41.3,62.44,13
IKEA Storage Box Plus,IKEA,Home & Living,ikea-seller-025,51.59,10.82,103,5314.14,4.75,1056,2026-03-01,Malaysia,Shopee,ikea storage box plus,ikea,51.182500000000005,71.32,104.78,16
JBL Bluetooth Speaker Plus,JBL,Electronics,jbl-seller-044,450.38,17.01,17,7656.43,4.32,113,2026-03-01,Singapore,Lazada,jbl bluetooth speaker plus,jbl,305.515,426.94,473.90999999999997,11
IKEA Kitchen Organizer Mini,IKEA,Home & Living,ikea-seller-003,16.95,36.9,203,3440.77,4.83,53,2026-03-01,Vietnam,Shopee,ikea kitchen organizer mini,ikea,18.14,54.84,89.36,13
Maybelline Mascara Pro,Maybelline,Beauty,maybelline-seller-051,25.67,5.36,224,5751.18,5.0,700,2026-03-01,Philippines,Shopee,maybelline mascara pro,maybelline,20.5925,29.16,41.37,14
IKEA Storage Box,IKEA,Home & Living,ikea-seller-060,21.93,17.87,138,3026.69,4.55,111,2026-03-01,Philippines,Lazada,ikea storage box,ikea,50.21,106.07,137.275,19
Samsung SSD Plus,Samsung,Electronics,samsung-seller-011,505.22,13.51,16,8083.59,3.99,115,2026-03-01,Singapore,Lazada,samsung ssd plus,samsung,305.515,426.94,473.90999999999997,11
Kikkoman Teriyaki Sauce,Kikkoman,Groceries,kikkoman-seller-052,18.75,8.48,305,5718.39,5.0,151,2026-03-01,Indonesia,Shopee,kikkoman teriyaki sauce,kikkoman,18.9375,21.56,25.0425,12
Nestle Chocolate Drink,Nestle,Groceries,nestle-seller-056,32.15,19.21,192,6172.76,4.39,153,2026-03-01,Indonesia,Lazada,nestle chocolate drink,nestle,8.64,20.55,25.604999999999997,15
Baseus Phone Holder 2026,Baseus,Accessories,baseus-seller-008,60.39,15.07,87,5254.08,4.72,19,2026-03-01,Philippines,Lazada,baseus phone holder 2026,baseus,17.98,34.06,44.21,13
Philips Air Fryer Mini,Philips,Home & Living,philips-seller-036,121.88,0.0,64,7800.39,4.32,15,2026-03-01,Vietnam,Shopee,philips air fryer mini,philips,18.14,54.84,89.36,13
Kikkoman Teriyaki Sauce 2026,Kikkoman,Groceries,kikkoman-seller-027,31.98,9.83,188,6012.79,4.12,38,2026-03-01,Vietnam,Lazada,kikkoman teriyaki sauce 2026,kikkoman,13.125,23.72,29.645,11
Oishi Green Tea Mini,Oishi,Groceries,oishi-seller-054,3.89,8.88,617,2403.02,4.11,87,2026-03-01,Philippines,Shopee,oishi green tea mini,oishi,18.82,23.37,28.439999999999998,15
Logitech Webcam,Logitech,Accessories,logitech-seller-037,76.14,24.86,97,7385.97,4.54,209,2026-03-01,Malaysia,Shopee,logitech webcam,logitech,41.05,61.52,72.8,11
IKEA Storage Box Max,IKEA,Home & Living,ikea-seller-005,69.83,19.12,91,6354.67,5.0,324,2026-03-01,Vietnam,Lazada,ikea storage box max,ikea,29.75,66.65,74.975,15
Kikkoman Teriyaki Sauce Pro,Kikkoman,Groceries,kikkoman-seller-023,20.1,23.82,303,6090.93,4.2,174,2026-03-01,Malaysia,Shopee,kikkoman teriyaki sauce pro,kikkoman,11.1625,18.03,24.435,14
Anker Power Bank Standard,Anker,Accessories,anker-seller-058,27.12,8.61,181,4908.44,4.72,155,2026-03-01,Thailand,Shopee,anker power bank standard,anker,28.575,50.675,67.18249999999999,18
JBL Earbuds Mini,JBL,Electronics,jbl-seller-043,233.27,6.35,21,4898.64,4.06,1147,2026-03-01,Thailand,Lazada,jbl earbuds mini,jbl,115.575,304.92,384.46500000000003,14
Philips Air Fryer,Philips,Home & Living,philips-seller-021,167.23,7.2,55,9197.65,4.57,66,2026-03-01,Malaysia,Shopee,philips air fryer,philips,51.182500000000005,71.32,104.78,16
Anker USB-C Hub,Anker,Accessories,anker-seller-015,84.02,12.62,102,8570.43,4.69,189,2026-03-01,Singapore,Shopee,anker usb c hub,anker,15.66,31.33,53.475,23
Innisfree Clay Mask Max,Innisfree,Beauty,innisfree-seller-047,31.87,4.04,152,4844.13,5.0,99,2026-03-01,Philippines,Lazada,innisfree clay mask max,innisfree,24.76,31.09,40.11,13
JBL Earbuds,JBL,Electronics,jbl-seller-020,221.42,7.28,24,5314.02,4.0,395,2026-03-01,Malaysia,Lazada,jbl earbuds,jbl,208.42499999999998,364.54999999999995,394.8175,16
Kikkoman Soy Sauce,Kikkoman,Groceries,kikkoman-seller-018,40.6,4.5,167,6780.33,4.32,308,2026-03-01,Singapore,Shopee,kikkoman soy sauce,kikkoman,15.190000000000001,24.075000000000003,31.917500000000004,14
Maybelline Lip Tint Standard,Maybelline,Beauty,maybelline-seller-047,4.75,12.78,531,2519.71,4.7,408,2026-03-01,Thailand,Shopee,maybelline lip tint standard,maybelline,18.35,24.02,46.9,17
Philips LED Bulb,Philips,Home & Living,philips-seller-038,89.36,8.39,63,5629.59,4.39,75,2026-03-01,Vietnam,Shopee,philips led bulb,philips,18.14,54.84,89.36,13
IKEA Desk Lamp Mini,IKEA,Home & Living,ikea-seller-017,37.97,8.74,112,4252.36,4.87,172,2026-03-01,Indonesia,Lazada,ikea desk lamp mini,ikea,89.89,106.76,129.64,17
Nestle Cereal 2026,Nestle,Groceries,nestle-seller-058,4.59,2.59,458,2103.66,4.51,486,2026-03-01,Indonesia,Lazada,nestle cereal 2026,nestle,8.64,20.55,25.604999999999997,15
Nestle Chocolate Drink Mini,Nestle,Groceries,nestle-seller-006,25.58,11.91,197,5039.1,4.6,4923,2026-03-01,Indonesia,Lazada,nestle chocolate drink mini,nestle,8.64,20.55,25.604999999999997,15
IKEA Kitchen Organizer 2026,IKEA,Home & Living,ikea-seller-055,88.67,17.2,83,7360.01,4.24,800,2026-03-01,Singapore,Lazada,ikea kitchen organizer 2026,ikea,42.815,88.67,118.07499999999999,11
IKEA Storage Box 2026,IKEA,Home & Living,ikea-seller-012,56.27,1.81,92,5176.52,4.4,44,2026-03-01,Indonesia,Shopee,ikea storage box 2026,ikea,42.685,67.92500000000001,124.1525,16
JBL Bluetooth Speaker 2026,JBL,Electronics,jbl-seller-049,205.72,0.0,26,5348.81,4.71,194,2026-03-01,Indonesia,Shopee,jbl bluetooth speaker 2026,jbl,136.705,196.675,285.3575,14
Anker Charging Cable 2026,Anker,Accessories,anker-seller-003,57.44,13.71,126,7237.76,4.23,1184,2026-03-01,Singapore,Shopee,anker charging cable 2026,anker,15.66,31.33,53.475,23
LocknLock Food Container Plus,LocknLock,Home & Living,locknlock-seller-059,36.74,23.51,146,5363.39,4.24,23,2026-03-01,Philippines,Shopee,locknlock food container plus,locknlock,27.830000000000002,49.81,111.39,11
Baseus Laptop Stand Standard,Baseus,Accessories,baseus-seller-046,31.33,7.92,169,5294.12,4.6,374,2026-03-01,Singapore,Shopee,baseus laptop stand standard,baseus,15.66,31.33,53.475,23
Maybelline Lip Tint Mini,Maybelline,Beauty,maybelline-seller-012,21.94,23.11,210,4608.4,4.8,159,2026-03-01,Indonesia,Lazada,maybelline lip tint mini,maybelline,25.83,29.494999999999997,36.5725,6
Maybelline Lip Tint,Maybelline,Beauty,maybelline-seller-005,54.1,7.94,118,6383.37,4.37,35,2026-03-01,Singapore,Lazada,maybelline lip tint,maybelline,22.822499999999998,33.730000000000004,39.1825,12
Xiaomi Router Plus,Xiaomi,Electronics,xiaomi-seller-023,67.95,0.0,39,2650.24,5.0,181,2026-03-01,Indonesia,Lazada,xiaomi router plus,xiaomi,84.8,203.79500000000002,286.1875,16
Samsung SSD Mini,Samsung,Electronics,samsung-seller-057,380.25,16.05,22,8365.6,4.18,109,2026-03-01,Malaysia,Lazada,samsung ssd mini,samsung,208.42499999999998,364.54999999999995,394.8175,16
Oishi Green Tea Mini,Oishi,Groceries,oishi-seller-042,25.36,9.85,210,5325.45,4.27,181,2026-03-01,Thailand,Lazada,oishi green tea mini,oishi,13.785,25.494999999999997,27.95,14
Oishi Green Tea Pro,Oishi,Groceries,oishi-seller-039,31.4,11.89,257,8070.33,4.34,22,2026-03-01,Malaysia,Shopee,oishi green tea pro,oishi,11.1625,18.03,24.435,14
Nestle Cereal Max,Nestle,Groceries,nestle-seller-008,24.09,18.53,281,6769.19,4.36,66,2026-03-01,Philippines,Shopee,nestle cereal max,nestle,18.82,23.37,28.439999999999998,15
Xiaomi Router 2026,Xiaomi,Electronics,xiaomi-seller-042,191.89,6.09,25,4797.23,3.98,1680,2026-03-01,Singapore,Lazada,xiaomi router 2026,xiaomi,305.515,426.94,473.90999999999997,11
Oishi Green Tea Mini,Oishi,Groceries,oishi-seller-038,36.43,21.36,214,7795.66,4.32,258,2026-03-01,Singapore,Shopee,oishi green tea mini,oishi,15.190000000000001,24.075000000000003,31.917500000000004,14
IKEA Kitchen Organizer 2026,IKEA,Home & Living,ikea-seller-004,122.22,17.79,68,8310.75,5.0,3312,2026-03-01,Thailand,Shopee,ikea kitchen organizer 2026,ikea,53.71,121.445,153.235,22
Kikkoman Teriyaki Sauce Mini,Kikkoman,Groceries,kikkoman-seller-037,34.7,3.26,145,5031.96,4.76,12,2026-03-01,Thailand,Lazada,kikkoman teriyaki sauce mini,kikkoman,13.785,25.494999999999997,27.95,14
L'Oreal Shampoo Plus,L'Oreal,Beauty,l'oreal-seller-039,16.56,16.8,298,4936.15,5.0,244,2026-03-01,Philippines,Shopee,l oreal shampoo plus,l oreal,20.5925,29.16,41.37,14
Oishi Snack Mix Mini,Oishi,Groceries,oishi-seller-010,37.02,0.0,151,5590.31,4.31,789,2026-03-01,Singapore,Lazada,oishi snack mix mini,oishi,10.0975,15.16,31.4725,16
Philips Desk Fan Pro,Philips,Home & Living,philips-seller-011,127.85,18.07,51,6520.27,4.79,207,2026-03-01,Indonesia,Shopee,philips desk fan pro,philips,42.685,67.92500000000001,124.1525,16
Samsung Tablet Standard,Samsung,Electronics,samsung-seller-015,337.12,14.06,20,6742.4,4.26,121,2026-04-01,Philippines,Lazada,samsung tablet standard,samsung,144.9275,225.20499999999998,331.09000000000003,26
Oishi Green Tea 2026,Oishi,Groceries,oishi-seller-034,13.97,21.87,311,4345.24,4.27,186,2026-04-01,Singapore,Lazada,oishi green tea 2026,oishi,7.1,13.97,30.245,11
Kikkoman Soy Sauce 2026,Kikkoman,Groceries,kikkoman-seller-031,31.92,22.97,213,6798.6,4.21,86,2026-04-01,Indonesia,Lazada,kikkoman soy sauce 2026,kikkoman,8.790000000000001,15.085,23.88,8
Philips LED Bulb Standard,Philips,Home & Living,philips-seller-031,8.99,13.68,257,2309.26,4.62,146,2026-04-01,Indonesia,Shopee,philips led bulb standard,philips,53.182500000000005,92.315,120.7775,14
Philips LED Bulb,Philips,Home & Living,philips-seller-044,141.11,6.42,42,5926.56,3.91,282,2026-04-01,Philippines,Shopee,philips led bulb,philips,55.33,114.77,125.54,17
LocknLock Food Container,LocknLock,Home & Living,locknlock-seller-003,78.7,21.55,61,4800.48,4.28,81,2026-04-01,Philippines,Lazada,locknlock food container,locknlock,47.79,70.94,112.47,13
Nestle Cereal Pro,Nestle,Groceries,nestle-seller-038,29.45,9.56,214,6302.91,4.29,99,2026-04-01,Philippines,Lazada,nestle cereal pro,nestle,12.06,20.37,26.03,11
Xiaomi Bluetooth Speaker Plus,Xiaomi,Electronics,xiaomi-seller-050,83.75,7.51,50,4187.29,4.43,1107,2026-04-01,Philippines,Shopee,xiaomi bluetooth speaker plus,xiaomi,79.115,162.70999999999998,219.89,16
Maybelline Lip Tint Plus,Maybelline,Beauty,maybelline-seller-017,33.78,4.7,181,6114.56,4.69,227,2026-04-01,Thailand,Shopee,maybelline lip tint plus,maybelline,32.565,39.69,46.95,10
Baseus Phone Holder Standard,Baseus,Accessories,baseus-seller-034,25.97,4.76,215,5584.62,3.92,106,2026-04-01,Thailand,Shopee,baseus phone holder standard,baseus,34.805,68.69,79.66499999999999,15
Kikkoman Teriyaki Sauce Plus,Kikkoman,Groceries,kikkoman-seller-024,4.95,12.33,476,2358.26,4.47,100,2026-04-01,Vietnam,Lazada,kikkoman teriyaki sauce plus,kikkoman,9.8175,14.379999999999999,23.295,18
Samsung Tablet Pro,Samsung,Electronics,samsung-seller-017,350.87,24.71,32,11227.97,4.12,38,2026-04-01,Vietnam,Shopee,samsung tablet pro,samsung,106.94,159.4,286.125,11
LocknLock Lunch Box Pro,LocknLock,Home & Living,locknlock-seller-044,9.47,23.53,246,2328.67,4.42,80,2026-04-01,Indonesia,Lazada,locknlock lunch box pro,locknlock,71.62,88.91,119.465,7
Samsung Tablet Plus,Samsung,Electronics,samsung-seller-012,493.58,0.0,14,6910.15,4.76,76,2026-04-01,Singapore,Shopee,samsung tablet plus,samsung,81.13,245.5,350.865,11
Innisfree Cleanser Pro,Innisfree,Beauty,innisfree-seller-050,41.87,10.79,126,5276.03,4.56,51,2026-04-01,Malaysia,Lazada,innisfree cleanser pro,innisfree,17.525000000000002,28.17,42.207499999999996,14
Kikkoman Soy Sauce Max,Kikkoman,Groceries,kikkoman-seller-015,20.37,0.0,240,4888.19,4.31,180,2026-04-01,Philippines,Lazada,kikkoman soy sauce max,kikkoman,12.06,20.37,26.03,11
Logitech Webcam Plus,Logitech,Accessories,logitech-seller-051,9.98,0.19,284,2834.58,4.71,109,2026-04-01,Singapore,Shopee,logitech webcam plus,logitech,34.295,53.8,78.235,11
Nestle Chocolate Drink Standard,Nestle,Groceries,nestle-seller-052,28.33,14.49,256,7251.5,4.13,92,2026-04-01,Malaysia,Shopee,nestle chocolate drink standard,nestle,17.182499999999997,22.865000000000002,30.43,10
Samsung Monitor Standard,Samsung,Electronics,samsung-seller-005,242.81,6.21,28,6798.79,4.87,90,2026-04-01,Vietnam,Shopee,samsung monitor standard,samsung,106.94,159.4,286.125,11
L'Oreal Face Wash Standard,L'Oreal,Beauty,l'oreal-seller-047,13.32,19.01,320,4262.12,4.3,321,2026-04-01,Malaysia,Shopee,l oreal face wash standard,l oreal,14.785,26.75,42.754999999999995,15
Philips Desk Fan Pro,Philips,Home & Living,philips-seller-046,172.14,8.83,38,6541.48,3.48,377,2026-04-01,Singapore,Lazada,philips desk fan pro,philips,53.24,98.44,172.14,13
Kikkoman Teriyaki Sauce Plus,Kikkoman,Groceries,kikkoman-seller-001,28.5,0.0,209,5956.31,4.31,70,2026-04-01,Indonesia,Shopee,kikkoman teriyaki sauce plus,kikkoman,15.4875,22.479999999999997,24.615,14
Oishi Crackers Mini,Oishi,Groceries,oishi-seller-034,10.35,14.88,332,3435.53,3.64,79,2026-04-01,Thailand,Lazada,oishi crackers mini,oishi,13.08,16.34,29.01,17
IKEA Kitchen Organizer Standard,IKEA,Home & Living,ikea-seller-024,36.76,10.22,138,5072.61,4.08,1238,2026-04-01,Philippines,Shopee,ikea kitchen organizer standard,ikea,55.33,114.77,125.54,17
Oishi Snack Mix,Oishi,Groceries,oishi-seller-026,10.91,21.12,443,4832.73,4.51,83,2026-04-01,Thailand,Shopee,oishi snack mix,oishi,8.635,15.62,26.814999999999998,11
Samsung SSD Mini,Samsung,Electronics,samsung-seller-001,290.13,9.78,32,9284.2,4.19,116,2026-04-01,Malaysia,Lazada,samsung ssd mini,samsung,117.225,214.85,296.595,20
Baseus Laptop Stand Max,Baseus,Accessories,baseus-seller-054,29.74,24.7,217,6454.2,4.89,73,2026-04-01,Philippines,Shopee,baseus laptop stand max,baseus,18.205,38.7,57.4075,14
Innisfree Clay Mask Mini,Innisfree,Beauty,innisfree-seller-013,6.93,15.05,386,2675.25,4.42,81,2026-04-01,Indonesia,Lazada,innisfree clay mask mini,innisfree,14.915,21.92,34.74,14
IKEA Storage Box 2026,IKEA,Home & Living,ikea-seller-027,122.11,1.68,50,6105.33,4.77,11,2026-04-01,Singapore,Lazada,ikea storage box 2026,ikea,53.24,98.44,172.14,13
IKEA Kitchen Organizer Pro,IKEA,Home & Living,ikea-seller-022,121.62,17.96,60,7297.11,4.6,248,2026-04-01,Indonesia,Shopee,ikea kitchen organizer pro,ikea,53.182500000000005,92.315,120.7775,14
Philips Air Fryer Max,Philips,Home & Living,philips-seller-029,152.28,2.33,43,6548.13,4.06,125,2026-04-01,Vietnam,Lazada,philips air fryer max,philips,36.775,72.83500000000001,138.975,14
Nestle Cereal Max,Nestle,Groceries,nestle-seller-030,16.14,24.8,319,5148.73,4.8,281,2026-04-01,Singapore,Lazada,nestle cereal max,nestle,7.1,13.97,30.245,11
Xiaomi Bluetooth Speaker Standard,Xiaomi,Electronics,xiaomi-seller-025,109.46,12.5,44,4816.15,4.65,209,2026-04-01,Indonesia,Shopee,xiaomi bluetooth speaker standard,xiaomi,90.44,253.53,317.4,17
Nestle Cereal Pro,Nestle,Groceries,nestle-seller-034,17.39,10.87,324,5634.29,4.6,355,2026-04-01,Philippines,Shopee,nestle cereal pro,nestle,7.845000000000001,13.34,23.33,15
L'Oreal Hair Serum Standard,L'Oreal,Beauty,l'oreal-seller-026,20.08,12.89,267,5360.06,4.7,89,2026-04-01,Indonesia,Shopee,l oreal hair serum standard,l oreal,26.12,28.18,37.05,11
Baseus USB-C Cable Plus,Baseus,Accessories,baseus-seller-021,32.24,6.71,127,4094.52,4.81,70,2026-04-01,Philippines,Lazada,baseus usb c cable plus,baseus,31.35,49.355000000000004,69.3025,20
LocknLock Water Bottle Max,LocknLock,Home & Living,locknlock-seller-044,84.56,16.33,85,7187.19,4.47,68,2026-04-01,Malaysia,Shopee,locknlock water bottle max,locknlock,30.2425,42.25,76.165,6
Oishi Crackers 2026,Oishi,Groceries,oishi-seller-056,29.73,32.01,242,7194.27,4.18,97,2026-04-01,Thailand,Lazada,oishi crackers 2026,oishi,13.08,16.34,29.01,17
Oishi Green Tea,Oishi,Groceries,oishi-seller-040,19.74,29.09,341,6732.67,4.37,356,2026-04-01,Malaysia,Shopee,oishi green tea,oishi,17.182499999999997,22.865000000000002,30.43,10
Logitech Wireless Mouse Max,Logitech,Accessories,logitech-seller-043,54.57,22.62,163,8895.06,4.21,241,2026-04-01,Malaysia,Shopee,logitech wireless mouse max,logitech,27.97,38.81,60.3575,18
IKEA Storage Box Pro,IKEA,Home & Living,ikea-seller-040,159.11,11.71,52,8273.52,4.82,157,2026-04-01,Singapore,Shopee,ikea storage box pro,ikea,73.4575,107.11,153.76000000000002,14
LocknLock Food Container 2026,LocknLock,Home & Living,locknlock-seller-049,25.67,17.98,132,3388.75,4.56,339,2026-04-01,Malaysia,Lazada,locknlock food container 2026,locknlock,45.269999999999996,71.96,94.965,11
Xiaomi Router 2026,Xiaomi,Electronics,xiaomi-seller-004,74.84,12.74,42,3143.4,4.12,146,2026-04-01,Indonesia,Lazada,xiaomi router 2026,xiaomi,86.70750000000001,175.93,291.9875,22
Samsung SSD Mini,Samsung,Electronics,samsung-seller-023,190.0,13.55,30,5700.06,4.08,151,2026-04-01,Indonesia,Lazada,samsung ssd mini,samsung,86.70750000000001,175.93,291.9875,22
Xiaomi Router Mini,Xiaomi,Electronics,xiaomi-seller-030,300.87,21.74,29,8725.19,4.42,904,2026-04-01,Singapore,Shopee,xiaomi router mini,xiaomi,81.13,245.5,350.865,11
Baseus USB-C Cable Plus,Baseus,Accessories,baseus-seller-038,8.33,24.32,344,2866.8,4.36,109,2026-04-01,Malaysia,Shopee,baseus usb c cable plus,baseus,27.97,38.81,60.3575,18
Maybelline Foundation 2026,Maybelline,Beauty,maybelline-seller-036,38.1,4.92,110,4191.34,4.96,217,2026-04-01,Vietnam,Lazada,maybelline foundation 2026,maybelline,13.477500000000001,31.494999999999997,45.557500000000005,16
Innisfree Cleanser Pro,Innisfree,Beauty,innisfree-seller-024,51.32,15.67,175,8981.35,4.48,131,2026-04-01,Malaysia,Shopee,innisfree cleanser pro,innisfree,14.785,26.75,42.754999999999995,15
Xiaomi Bluetooth Speaker Max,Xiaomi,Electronics,xiaomi-seller-049,339.76,18.15,29,9853.13,4.58,28,2026-04-01,Thailand,Lazada,xiaomi bluetooth speaker max,xiaomi,109.14,299.55,349.145,15
JBL Earbuds 2026,JBL,Electronics,jbl-seller-037,57.52,26.13,62,3566.45,4.91,165,2026-04-01,Malaysia,Lazada,jbl earbuds 2026,jbl,117.225,214.85,296.595,20
Baseus Laptop Stand,Baseus,Accessories,baseus-seller-016,10.82,2.53,272,2943.27,4.52,182,2026-04-01,Thailand,Shopee,baseus laptop stand,baseus,34.805,68.69,79.66499999999999,15
Xiaomi Smart Band,Xiaomi,Electronics,xiaomi-seller-048,103.44,11.22,44,4551.3,4.66,465,2026-04-01,Indonesia,Lazada,xiaomi smart band,xiaomi,86.70750000000001,175.93,291.9875,22
Logitech Mechanical Keyboard Plus,Logitech,Accessories,logitech-seller-009,81.28,8.24,88,7152.65,4.62,129,2026-04-01,Thailand,Lazada,logitech mechanical keyboard plus,logitech,31.4525,51.605000000000004,61.36,18
JBL Earbuds Mini,JBL,Electronics,jbl-seller-055,140.93,3.94,28,3946.03,4.43,195,2026-04-01,Philippines,Lazada,jbl earbuds mini,jbl,144.9275,225.20499999999998,331.09000000000003,26
Xiaomi Router 2026,Xiaomi,Electronics,xiaomi-seller-004,201.79,8.82,31,6255.49,5.0,291,2026-04-01,Indonesia,Shopee,xiaomi router 2026,xiaomi,90.44,253.53,317.4,17
Samsung SSD Plus,Samsung,Electronics,samsung-seller-048,330.41,12.66,18,5947.35,4.5,574,2026-04-01,Thailand,Lazada,samsung ssd plus,samsung,109.14,299.55,349.145,15
Innisfree Cleanser Mini,Innisfree,Beauty,innisfree-seller-060,28.85,18.99,194,5597.27,4.41,198,2026-04-01,Malaysia,Lazada,innisfree cleanser mini,innisfree,17.525000000000002,28.17,42.207499999999996,14
Anker USB-C Hub Pro,Anker,Accessories,anker-seller-056,42.7,0.51,112,4782.53,4.79,350,2026-04-01,Malaysia,Lazada,anker usb c hub pro,anker,26.74,45.61,54.92,9
Philips Desk Fan Max,Philips,Home & Living,philips-seller-035,93.57,28.56,72,6736.68,5.0,2,2026-04-01,Philippines,Shopee,philips desk fan max,philips,55.33,114.77,125.54,17
Innisfree Cleanser Mini,Innisfree,Beauty,innisfree-seller-032,33.86,8.01,153,5179.88,4.22,98,2026-04-01,Thailand,Lazada,innisfree cleanser mini,innisfree,26.8,29.83,33.545,11
Anker Power Bank Pro,Anker,Accessories,anker-seller-030,72.45,6.1,95,6882.38,3.95,28,2026-04-01,Philippines,Lazada,anker power bank pro,anker,31.35,49.355000000000004,69.3025,20
Kikkoman Teriyaki Sauce Plus,Kikkoman,Groceries,kikkoman-seller-041,7.75,0.0,426,3303.21,4.67,42,2026-04-01,Philippines,Shopee,kikkoman teriyaki sauce plus,kikkoman,7.845000000000001,13.34,23.33,15
Logitech Wireless Mouse Pro,Logitech,Accessories,logitech-seller-015,69.3,8.99,88,6097.98,4.77,101,2026-04-01,Indonesia,Lazada,logitech wireless mouse pro,logitech,34.17,44.72,54.65,13
Maybelline Foundation Mini,Maybelline,Beauty,maybelline-seller-042,27.49,7.17,173,4755.25,4.43,12,2026-04-01,Malaysia,Lazada,maybelline foundation mini,maybelline,17.525000000000002,28.17,42.207499999999996,14
JBL Headphones Mini,JBL,Electronics,jbl-seller-034,417.39,9.89,23,9599.99,3.92,204,2026-04-01,Singapore,Lazada,jbl headphones mini,jbl,222.64,328.485,391.44,12
Oishi Green Tea 2026,Oishi,Groceries,oishi-seller-047,36.74,9.91,145,5326.76,4.74,15,2026-04-01,Singapore,Lazada,oishi green tea 2026,oishi,7.1,13.97,30.245,11
Logitech Wireless Mouse Plus,Logitech,Accessories,logitech-seller-007,54.17,9.04,86,4658.3,4.75,42,2026-04-01,Thailand,Lazada,logitech wireless mouse plus,logitech,31.4525,51.605000000000004,61.36,18
Samsung SSD Standard,Samsung,Electronics,samsung-seller-050,158.52,10.16,41,6499.32,4.6,139,2026-04-01,Vietnam,Shopee,samsung ssd standard,samsung,106.94,159.4,286.125,11
Anker Power Bank 2026,Anker,Accessories,anker-seller-006,45.14,17.73,154,6952.25,4.62,99,2026-04-01,Singapore,Shopee,anker power bank 2026,anker,34.295,53.8,78.235,11
L'Oreal Shampoo Max,L'Oreal,Beauty,l'oreal-seller-019,6.99,4.06,326,2277.53,4.56,25,2026-04-01,Philippines,Lazada,l oreal shampoo max,l oreal,14.325,27.92,40.269999999999996,11
Kikkoman Soy Sauce Standard,Kikkoman,Groceries,kikkoman-seller-003,42.59,18.04,209,8902.27,4.11,143,2026-04-01,Singapore,Shopee,kikkoman soy sauce standard,kikkoman,24.235,27.73,35.86,8
Innisfree Moisturizer,Innisfree,Beauty,innisfree-seller-035,36.4,3.66,154,5605.63,4.75,99,2026-04-01,Philippines,Lazada,innisfree moisturizer,innisfree,14.325,27.92,40.269999999999996,11
Kikkoman Soy Sauce Mini,Kikkoman,Groceries,kikkoman-seller-039,24.8,14.06,230,5705.07,4.34,118,2026-04-01,Malaysia,Lazada,kikkoman soy sauce mini,kikkoman,23.015,26.015,31.715,10
Philips Desk Fan Mini,Philips,Home & Living,philips-seller-020,190.35,0.0,24,4568.32,5.0,121,2026-04-01,Singapore,Lazada,philips desk fan mini,philips,53.24,98.44,172.14,13
IKEA Desk Lamp Plus,IKEA,Home & Living,ikea-seller-020,39.29,16.81,100,3928.65,4.06,229,2026-04-01,Malaysia,Lazada,ikea desk lamp plus,ikea,45.269999999999996,71.96,94.965,11
L'Oreal Hair Serum Standard,L'Oreal,Beauty,l'oreal-seller-001,17.03,28.79,270,4597.22,4.5,301,2026-04-01,Malaysia,Lazada,l oreal hair serum standard,l oreal,17.525000000000002,28.17,42.207499999999996,14
Innisfree Moisturizer Mini,Innisfree,Beauty,innisfree-seller-001,28.18,0.0,217,6115.7,5.0,108,2026-04-01,Indonesia,Shopee,innisfree moisturizer mini,innisfree,26.12,28.18,37.05,11
JBL Bluetooth Speaker,JBL,Electronics,jbl-seller-028,55.56,9.93,61,3389.3,4.73,68,2026-04-01,Philippines,Lazada,jbl bluetooth speaker,jbl,144.9275,225.20499999999998,331.09000000000003,26
Baseus Laptop Stand 2026,Baseus,Accessories,baseus-seller-027,47.13,21.53,154,7257.92,4.51,8,2026-04-01,Malaysia,Shopee,baseus laptop stand 2026,baseus,27.97,38.81,60.3575,18
Xiaomi Smart Band Max,Xiaomi,Electronics,xiaomi-seller-048,427.7,23.54,14,5987.8,4.63,54,2026-04-01,Indonesia,Lazada,xiaomi smart band max,xiaomi,86.70750000000001,175.93,291.9875,22
Xiaomi Bluetooth Speaker Standard,Xiaomi,Electronics,xiaomi-seller-028,285.0,0.0,21,5984.99,4.5,53,2026-04-01,Philippines,Lazada,xiaomi bluetooth speaker standard,xiaomi,144.9275,225.20499999999998,331.09000000000003,26
Philips Desk Fan Max,Philips,Home & Living,philips-seller-018,55.33,0.0,95,5256.53,4.51,154,2026-04-01,Philippines,Shopee,philips desk fan max,philips,55.33,114.77,125.54,17
Xiaomi Smart Band 2026,Xiaomi,Electronics,xiaomi-seller-009,151.29,17.33,33,4992.52,4.79,1242,2026-04-01,Malaysia,Lazada,xiaomi smart band 2026,xiaomi,117.225,214.85,296.595,20
Samsung Monitor Pro,Samsung,Electronics,samsung-seller-045,124.17,2.43,36,4470.1,4.03,11,2026-04-01,Malaysia,Shopee,samsung monitor pro,samsung,158.71,175.85,292.3,17
Nestle Coffee 2026,Nestle,Groceries,nestle-seller-004,14.89,15.32,303,4512.13,4.24,315,2026-04-01,Indonesia,Lazada,nestle coffee 2026,nestle,8.790000000000001,15.085,23.88,8
Oishi Snack Mix Pro,Oishi,Groceries,oishi-seller-009,12.63,7.86,369,4661.34,4.44,69,2026-04-01,Indonesia,Shopee,oishi snack mix pro,oishi,15.4875,22.479999999999997,24.615,14
Logitech Wireless Mouse 2026,Logitech,Accessories,logitech-seller-001,24.59,10.57,150,3688.85,4.49,192,2026-04-01,Philippines,Lazada,logitech wireless mouse 2026,logitech,31.35,49.355000000000004,69.3025,20
Innisfree Moisturizer,Innisfree,Beauty,innisfree-seller-052,12.27,13.67,319,3914.84,4.68,49,2026-04-01,Singapore,Shopee,innisfree moisturizer,innisfree,18.285,30.27,37.714999999999996,8
Samsung SSD Pro,Samsung,Electronics,samsung-seller-006,342.99,1.85,18,6173.91,4.58,43,2026-04-01,Singapore,Lazada,samsung ssd pro,samsung,222.64,328.485,391.44,12
Innisfree Clay Mask Mini,Innisfree,Beauty,innisfree-seller-031,32.16,25.38,220,7074.74,4.29,54,2026-04-01,Thailand,Shopee,innisfree clay mask mini,innisfree,32.565,39.69,46.95,10
Innisfree Clay Mask Standard,Innisfree,Beauty,innisfree-seller-050,47.09,0.42,149,7016.09,4.94,93,2026-04-01,Thailand,Shopee,innisfree clay mask standard,innisfree,32.565,39.69,46.95,10
JBL Bluetooth Speaker Max,JBL,Electronics,jbl-seller-003,169.19,20.73,43,7275.1,4.53,7,2026-04-01,Philippines,Shopee,jbl bluetooth speaker max,jbl,79.115,162.70999999999998,219.89,16
Baseus Phone Holder 2026,Baseus,Accessories,baseus-seller-031,62.53,6.6,94,5877.4,4.49,39,2026-04-01,Thailand,Lazada,baseus phone holder 2026,baseus,31.4525,51.605000000000004,61.36,18
L'Oreal Face Wash Max,L'Oreal,Beauty,l'oreal-seller-003,49.45,11.31,112,5538.76,4.99,241,2026-04-01,Singapore,Lazada,l oreal face wash max,l oreal,31.064999999999998,51.18,58.44,12
Innisfree Cleanser Pro,Innisfree,Beauty,innisfree-seller-013,23.34,13.68,244,5694.34,4.41,265,2026-04-01,Philippines,Shopee,innisfree cleanser pro,innisfree,18.2,27.58,35.63,9
Oishi Green Tea Max,Oishi,Groceries,oishi-seller-028,31.98,12.66,238,7610.3,3.94,52,2026-04-01,Malaysia,Shopee,oishi green tea max,oishi,17.182499999999997,22.865000000000002,30.43,10
Nestle Chocolate Drink Standard,Nestle,Groceries,nestle-seller-026,31.13,4.82,208,6475.6,4.35,409,2026-04-01,Malaysia,Shopee,nestle chocolate drink standard,nestle,17.182499999999997,22.865000000000002,30.43,10
Baseus Phone Holder Plus,Baseus,Accessories,baseus-seller-045,10.67,0.0,262,2794.65,5.0,252,2026-04-01,Thailand,Shopee,baseus phone holder plus,baseus,34.805,68.69,79.66499999999999,15
L'Oreal Shampoo 2026,L'Oreal,Beauty,l'oreal-seller-032,38.41,17.66,169,6491.04,4.43,116,2026-04-01,Indonesia,Shopee,l oreal shampoo 2026,l oreal,26.12,28.18,37.05,11
Logitech Mechanical Keyboard Max,Logitech,Accessories,logitech-seller-010,44.74,18.67,122,5458.84,4.34,601,2026-04-01,Vietnam,Lazada,logitech mechanical keyboard max,logitech,48.480000000000004,55.075,62.019999999999996,12
Nestle Coffee Pro,Nestle,Groceries,nestle-seller-036,8.51,6.81,426,3623.58,4.8,78,2026-04-01,Philippines,Shopee,nestle coffee pro,nestle,7.845000000000001,13.34,23.33,15
Samsung SSD Standard,Samsung,Electronics,samsung-seller-045,210.64,28.84,32,6740.53,4.56,28,2026-04-01,Philippines,Lazada,samsung ssd standard,samsung,144.9275,225.20499999999998,331.09000000000003,26
Nestle Coffee Plus,Nestle,Groceries,nestle-seller-046,30.39,14.61,222,6745.53,4.55,1300,2026-04-01,Singapore,Lazada,nestle coffee plus,nestle,7.1,13.97,30.245,11
Philips Air Fryer 2026,Philips,Home & Living,philips-seller-037,21.29,0.0,120,2554.64,4.71,68,2026-04-01,Singapore,Lazada,philips air fryer 2026,philips,53.24,98.44,172.14,13
Maybelline Foundation Pro,Maybelline,Beauty,maybelline-seller-056,57.24,21.7,135,7726.87,4.58,42,2026-04-01,Thailand,Lazada,maybelline foundation pro,maybelline,26.8,29.83,33.545,11
Baseus USB-C Cable Plus,Baseus,Accessories,baseus-seller-019,54.1,12.33,137,7412.36,4.7,92,2026-04-01,Indonesia,Shopee,baseus usb c cable plus,baseus,19.685,37.67,56.75,15
Xiaomi Router Mini,Xiaomi,Electronics,xiaomi-seller-025,83.23,2.21,52,4328.08,4.66,33,2026-04-01,Malaysia,Lazada,xiaomi router mini,xiaomi,117.225,214.85,296.595,20
Baseus Laptop Stand,Baseus,Accessories,baseus-seller-040,58.3,2.64,108,6296.06,4.16,69,2026-04-01,Philippines,Shopee,baseus laptop stand,baseus,18.205,38.7,57.4075,14
Baseus Phone Holder,Baseus,Accessories,baseus-seller-025,67.44,7.37,89,6002.58,3.88,76,2026-04-01,Thailand,Lazada,baseus phone holder,baseus,31.4525,51.605000000000004,61.36,18
IKEA Kitchen Organizer Pro,IKEA,Home & Living,ikea-seller-021,101.59,5.11,63,6400.23,5.0,187,2026-04-01,Thailand,Lazada,ikea kitchen organizer pro,ikea,58.5525,111.28999999999999,145.91,12
Logitech Webcam Max,Logitech,Accessories,logitech-seller-005,88.87,25.27,67,5954.12,3.98,474,2026-04-01,Singapore,Lazada,logitech webcam max,logitech,32.195,54.19,72.345,11
Oishi Green Tea Standard,Oishi,Groceries,oishi-seller-032,19.29,7.3,271,5226.35,3.98,89,2026-04-01,Vietnam,Shopee,oishi green tea standard,oishi,12.254999999999999,15.1,20.215,11
Baseus Phone Holder,Baseus,Accessories,baseus-seller-025,43.64,3.81,121,5280.11,4.3,178,2026-04-01,Thailand,Shopee,baseus phone holder,baseus,34.805,68.69,79.66499999999999,15
Philips Desk Fan Mini,Philips,Home & Living,philips-seller-017,141.79,18.54,49,6947.83,4.88,640,2026-04-01,Philippines,Lazada,philips desk fan mini,philips,47.79,70.94,112.47,13
Kikkoman Soy Sauce Standard,Kikkoman,Groceries,kikkoman-seller-060,3.62,16.53,551,1996.09,3.77,149,2026-04-01,Vietnam,Lazada,kikkoman soy sauce standard,kikkoman,9.8175,14.379999999999999,23.295,18
Anker Power Bank Standard,Anker,Accessories,anker-seller-024,57.85,18.84,124,7173.73,4.67,898,2026-04-01,Thailand,Lazada,anker power bank standard,anker,31.4525,51.605000000000004,61.36,18
Maybelline Mascara,Maybelline,Beauty,maybelline-seller-040,33.0,15.84,165,5445.82,5.0,306,2026-04-01,Indonesia,Lazada,maybelline mascara,maybelline,14.915,21.92,34.74,14
Anker USB-C Hub 2026,Anker,Accessories,anker-seller-034,60.54,20.78,110,6659.19,4.85,81,2026-04-01,Malaysia,Shopee,anker usb c hub 2026,anker,27.97,38.81,60.3575,18
Kikkoman Teriyaki Sauce 2026,Kikkoman,Groceries,kikkoman-seller-013,11.04,13.13,415,4581.5,4.26,1193,2026-04-01,Vietnam,Shopee,kikkoman teriyaki sauce 2026,kikkoman,12.254999999999999,15.1,20.215,11
Philips LED Bulb Mini,Philips,Home & Living,philips-seller-048,43.26,22.69,121,5233.98,5.0,217,2026-04-01,Indonesia,Shopee,philips led bulb mini,philips,53.182500000000005,92.315,120.7775,14
Baseus Phone Holder Pro,Baseus,Accessories,baseus-seller-044,7.33,6.74,323,2368.55,4.28,132,2026-04-01,Indonesia,Lazada,baseus phone holder pro,baseus,34.17,44.72,54.65,13
Logitech Wireless Mouse Mini,Logitech,Accessories,logitech-seller-026,93.28,11.68,92,8581.73,4.81,166,2026-04-01,Singapore,Lazada,logitech wireless mouse mini,logitech,32.195,54.19,72.345,11
Kikkoman Teriyaki Sauce Pro,Kikkoman,Groceries,kikkoman-seller-058,5.25,11.02,435,2284.9,5.0,3133,2026-04-01,Indonesia,Lazada,kikkoman teriyaki sauce pro,kikkoman,8.790000000000001,15.085,23.88,8
Innisfree Cleanser Plus,Innisfree,Beauty,innisfree-seller-053,47.56,6.26,128,6087.04,4.34,195,2026-04-01,Malaysia,Lazada,innisfree cleanser plus,innisfree,17.525000000000002,28.17,42.207499999999996,14
IKEA Kitchen Organizer Mini,IKEA,Home & Living,ikea-seller-014,117.77,0.0,51,6006.27,4.14,227,2026-04-01,Philippines,Lazada,ikea kitchen organizer mini,ikea,47.79,70.94,112.47,13
Innisfree Moisturizer Plus,Innisfree,Beauty,innisfree-seller-001,48.29,5.02,114,5505.29,4.48,43,2026-04-01,Singapore,Lazada,innisfree moisturizer plus,innisfree,31.064999999999998,51.18,58.44,12
Maybelline Mascara Mini,Maybelline,Beauty,maybelline-seller-009,18.2,2.14,252,4585.93,4.48,58,2026-04-01,Philippines,Shopee,maybelline mascara mini,maybelline,18.2,27.58,35.63,9
L'Oreal Shampoo,L'Oreal,Beauty,l'oreal-seller-021,34.6,0.36,170,5882.16,4.66,76,2026-04-01,Malaysia,Shopee,l oreal shampoo,l oreal,14.785,26.75,42.754999999999995,15
Philips Desk Fan Mini,Philips,Home & Living,philips-seller-060,41.74,2.08,84,3506.03,4.56,152,2026-04-01,Vietnam,Lazada,philips desk fan mini,philips,36.775,72.83500000000001,138.975,14
Logitech Mechanical Keyboard Pro,Logitech,Accessories,logitech-seller-010,7.94,17.47,366,2905.77,4.76,113,2026-04-01,Indonesia,Shopee,logitech mechanical keyboard pro,logitech,19.685,37.67,56.75,15
Maybelline Mascara 2026,Maybelline,Beauty,maybelline-seller-017,29.83,18.92,170,5071.91,4.38,70,2026-04-01,Thailand,Lazada,maybelline mascara 2026,maybelline,26.8,29.83,33.545,11
LocknLock Lunch Box 2026,LocknLock,Home & Living,locknlock-seller-047,29.15,15.59,130,3789.05,4.49,49,2026-04-01,Malaysia,Shopee,locknlock lunch box 2026,locknlock,30.2425,42.25,76.165,6
Xiaomi Bluetooth Speaker,Xiaomi,Electronics,xiaomi-seller-058,113.66,19.12,46,5228.31,4.09,17,2026-04-01,Vietnam,Lazada,xiaomi bluetooth speaker,xiaomi,198.93,264.24,384.37,13
Philips Air Fryer Standard,Philips,Home & Living,philips-seller-047,137.81,15.51,52,7166.02,4.24,173,2026-04-01,Philippines,Shopee,philips air fryer standard,philips,55.33,114.77,125.54,17
Logitech Mechanical Keyboard Pro,Logitech,Accessories,logitech-seller-057,24.41,4.49,169,4125.43,4.22,927,2026-04-01,Indonesia,Lazada,logitech mechanical keyboard pro,logitech,34.17,44.72,54.65,13
Logitech Webcam Max,Logitech,Accessories,logitech-seller-055,47.15,6.01,120,5658.36,4.7,602,2026-04-01,Singapore,Lazada,logitech webcam max,logitech,32.195,54.19,72.345,11
Xiaomi Bluetooth Speaker Mini,Xiaomi,Electronics,xiaomi-seller-003,78.24,17.36,59,4616.17,4.54,15,2026-04-01,Indonesia,Shopee,xiaomi bluetooth speaker mini,xiaomi,90.44,253.53,317.4,17
Maybelline Lip Tint 2026,Maybelline,Beauty,maybelline-seller-010,15.89,9.13,270,4289.85,4.36,39,2026-04-01,Malaysia,Shopee,maybelline lip tint 2026,maybelline,14.785,26.75,42.754999999999995,15
Samsung Tablet Mini,Samsung,Electronics,samsung-seller-006,384.37,19.79,19,7302.97,5.0,298,2026-04-01,Vietnam,Lazada,samsung tablet mini,samsung,198.93,264.24,384.37,13
Innisfree Clay Mask 2026,Innisfree,Beauty,innisfree-seller-022,6.5,6.72,316,2054.48,4.89,172,2026-04-01,Thailand,Lazada,innisfree clay mask 2026,innisfree,26.8,29.83,33.545,11
Philips LED Bulb Mini,Philips,Home & Living,philips-seller-026,35.12,4.58,95,3335.96,4.17,102,2026-04-01,Vietnam,Lazada,philips led bulb mini,philips,36.775,72.83500000000001,138.975,14
Samsung Monitor,Samsung,Electronics,samsung-seller-045,241.09,11.74,26,6268.27,4.52,1416,2026-04-01,Malaysia,Shopee,samsung monitor,samsung,158.71,175.85,292.3,17
Samsung SSD Plus,Samsung,Electronics,samsung-seller-026,265.21,5.0,27,7160.7,4.39,693,2026-04-01,Thailand,Shopee,samsung ssd plus,samsung,173.70999999999998,290.11,390.29,15
Philips Desk Fan Mini,Philips,Home & Living,philips-seller-016,67.95,12.42,73,4960.33,4.29,228,2026-04-01,Philippines,Shopee,philips desk fan mini,philips,55.33,114.77,125.54,17
Innisfree Moisturizer Max,Innisfree,Beauty,innisfree-seller-060,35.98,16.5,210,7556.0,4.78,86,2026-04-01,Thailand,Shopee,innisfree moisturizer max,innisfree,32.565,39.69,46.95,10
Baseus Laptop Stand Plus,Baseus,Accessories,baseus-seller-024,18.53,17.14,228,4225.72,3.96,496,2026-04-01,Indonesia,Shopee,baseus laptop stand plus,baseus,19.685,37.67,56.75,15
Innisfree Cleanser Max,Innisfree,Beauty,innisfree-seller-002,26.75,20.74,240,6419.16,3.77,91,2026-04-01,Malaysia,Shopee,innisfree cleanser max,innisfree,14.785,26.75,42.754999999999995,15
Maybelline Foundation Mini,Maybelline,Beauty,maybelline-seller-010,11.75,9.35,356,4182.54,5.0,375,2026-04-01,Malaysia,Shopee,maybelline foundation mini,maybelline,14.785,26.75,42.754999999999995,15
Oishi Crackers Pro,Oishi,Groceries,oishi-seller-010,41.53,6.88,207,8596.26,5.0,228,2026-04-01,Singapore,Shopee,oishi crackers pro,oishi,24.235,27.73,35.86,8
Baseus USB-C Cable 2026,Baseus,Accessories,baseus-seller-040,8.69,17.93,355,3084.52,4.52,40,2026-04-01,Philippines,Shopee,baseus usb c cable 2026,baseus,18.205,38.7,57.4075,14
Anker Power Bank,Anker,Accessories,anker-seller-008,27.23,8.35,169,4601.2,4.19,245,2026-04-01,Thailand,Lazada,anker power bank,anker,31.4525,51.605000000000004,61.36,18
Xiaomi Bluetooth Speaker 2026,Xiaomi,Electronics,xiaomi-seller-048,93.9,13.49,37,3474.38,4.87,504,2026-04-01,Malaysia,Lazada,xiaomi bluetooth speaker 2026,xiaomi,117.225,214.85,296.595,20
Kikkoman Teriyaki Sauce Mini,Kikkoman,Groceries,kikkoman-seller-031,23.13,0.35,244,5643.24,4.78,329,2026-04-01,Indonesia,Shopee,kikkoman teriyaki sauce mini,kikkoman,15.4875,22.479999999999997,24.615,14
Anker Power Bank Max,Anker,Accessories,anker-seller-034,59.4,17.43,113,6712.0,4.22,38,2026-04-01,Indonesia,Shopee,anker power bank max,anker,19.685,37.67,56.75,15
Oishi Snack Mix 2026,Oishi,Groceries,oishi-seller-051,9.57,11.23,361,3452.97,4.66,76,2026-04-01,Vietnam,Lazada,oishi snack mix 2026,oishi,9.8175,14.379999999999999,23.295,18
Anker Power Bank Standard,Anker,Accessories,anker-seller-005,64.19,19.83,110,7061.09,4.27,415,2026-04-01,Philippines,Lazada,anker power bank standard,anker,31.35,49.355000000000004,69.3025,20
L'Oreal Shampoo Pro,L'Oreal,Beauty,l'oreal-seller-056,67.97,5.71,111,7544.24,4.79,40,2026-04-01,Singapore,Lazada,l oreal shampoo pro,l oreal,31.064999999999998,51.18,58.44,12
Nestle Chocolate Drink Max,Nestle,Groceries,nestle-seller-007,24.41,11.15,234,5711.55,4.98,147,2026-04-01,Philippines,Lazada,nestle chocolate drink max,nestle,12.06,20.37,26.03,11
Philips LED Bulb 2026,Philips,Home & Living,philips-seller-013,48.71,9.25,92,4480.97,4.6,23,2026-04-01,Malaysia,Lazada,philips led bulb 2026,philips,45.269999999999996,71.96,94.965,11
Philips LED Bulb Standard,Philips,Home & Living,philips-seller-016,97.86,9.69,51,4990.8,4.51,164,2026-04-01,Indonesia,Lazada,philips led bulb standard,philips,71.62,88.91,119.465,7
Innisfree Moisturizer Max,Innisfree,Beauty,innisfree-seller-011,20.1,26.46,216,4340.82,4.65,74,2026-04-01,Indonesia,Lazada,innisfree moisturizer max,innisfree,14.915,21.92,34.74,14
Innisfree Cleanser Pro,Innisfree,Beauty,innisfree-seller-016,12.99,12.61,253,3287.04,4.4,683,2026-04-01,Vietnam,Lazada,innisfree cleanser pro,innisfree,13.477500000000001,31.494999999999997,45.557500000000005,16
Baseus Laptop Stand Plus,Baseus,Accessories,baseus-seller-057,47.17,18.58,116,5471.68,4.55,98,2026-04-01,Indonesia,Lazada,baseus laptop stand plus,baseus,34.17,44.72,54.65,13
Oishi Snack Mix Plus,Oishi,Groceries,oishi-seller-043,17.78,0.01,249,4426.58,4.86,572,2026-04-01,Vietnam,Lazada,oishi snack mix plus,oishi,9.8175,14.379999999999999,23.295,18
Samsung Tablet Mini,Samsung,Electronics,samsung-seller-056,255.63,21.46,25,6390.65,3.86,124,2026-04-01,Thailand,Shopee,samsung tablet mini,samsung,173.70999999999998,290.11,390.29,15
Xiaomi Router 2026,Xiaomi,Electronics,xiaomi-seller-028,77.15,22.2,64,4937.42,4.49,554,2026-04-01,Philippines,Shopee,xiaomi router 2026,xiaomi,79.115,162.70999999999998,219.89,16
Samsung SSD 2026,Samsung,Electronics,samsung-seller-042,60.84,1.3,52,3163.65,4.99,222,2026-04-01,Malaysia,Lazada,samsung ssd 2026,samsung,117.225,214.85,296.595,20
Nestle Chocolate Drink Max,Nestle,Groceries,nestle-seller-058,20.39,18.04,305,6219.45,3.87,147,2026-04-01,Thailand,Shopee,nestle chocolate drink max,nestle,8.635,15.62,26.814999999999998,11
Xiaomi Router Mini,Xiaomi,Electronics,xiaomi-seller-059,305.51,7.8,27,8248.83,3.91,202,2026-04-01,Indonesia,Shopee,xiaomi router mini,xiaomi,90.44,253.53,317.4,17
Baseus Phone Holder Max,Baseus,Accessories,baseus-seller-008,55.01,16.03,115,6326.29,4.73,738,2026-04-01,Thailand,Lazada,baseus phone holder max,baseus,31.4525,51.605000000000004,61.36,18
Kikkoman Soy Sauce,Kikkoman,Groceries,kikkoman-seller-021,15.74,16.27,298,4689.19,4.32,95,2026-04-01,Thailand,Lazada,kikkoman soy sauce,kikkoman,13.08,16.34,29.01,17
Innisfree Cleanser,Innisfree,Beauty,innisfree-seller-058,29.52,10.17,169,4988.05,4.15,55,2026-04-01,Singapore,Lazada,innisfree cleanser,innisfree,31.064999999999998,51.18,58.44,12
Oishi Green Tea 2026,Oishi,Groceries,oishi-seller-012,5.71,5.12,394,2251.16,4.05,20,2026-04-01,Philippines,Lazada,oishi green tea 2026,oishi,12.06,20.37,26.03,11
Philips Desk Fan 2026,Philips,Home & Living,philips-seller-039,72.04,1.28,60,4322.29,4.6,100,2026-04-01,Vietnam,Lazada,philips desk fan 2026,philips,36.775,72.83500000000001,138.975,14
Anker USB-C Hub Max,Anker,Accessories,anker-seller-050,68.69,23.32,117,8036.89,4.88,27,2026-04-01,Thailand,Shopee,anker usb c hub max,anker,34.805,68.69,79.66499999999999,15
Philips Air Fryer Max,Philips,Home & Living,philips-seller-042,137.71,8.31,65,8951.38,3.76,222,2026-04-01,Singapore,Shopee,philips air fryer max,philips,73.4575,107.11,153.76000000000002,14
JBL Earbuds 2026,JBL,Electronics,jbl-seller-011,165.38,2.04,31,5126.73,4.95,36,2026-04-01,Malaysia,Shopee,jbl earbuds 2026,jbl,158.71,175.85,292.3,17
Anker USB-C Hub Pro,Anker,Accessories,anker-seller-027,10.97,1.84,278,3050.14,4.49,304,2026-04-01,Thailand,Shopee,anker usb c hub pro,anker,34.805,68.69,79.66499999999999,15
Oishi Green Tea Plus,Oishi,Groceries,oishi-seller-056,6.36,9.23,522,3320.81,4.44,98,2026-04-01,Thailand,Shopee,oishi green tea plus,oishi,8.635,15.62,26.814999999999998,11
Innisfree Clay Mask Plus,Innisfree,Beauty,innisfree-seller-026,31.47,0.0,139,4374.95,3.91,310,2026-04-01,Indonesia,Lazada,innisfree clay mask plus,innisfree,14.915,21.92,34.74,14
Innisfree Cleanser Max,Innisfree,Beauty,innisfree-seller-037,47.35,18.03,123,5823.56,3.83,366,2026-04-01,Vietnam,Lazada,innisfree cleanser max,innisfree,13.477500000000001,31.494999999999997,45.557500000000005,16
IKEA Storage Box Plus,IKEA,Home & Living,ikea-seller-053,82.78,0.74,56,4635.94,4.69,724,2026-04-01,Indonesia,Shopee,ikea storage box plus,ikea,53.182500000000005,92.315,120.7775,14
Philips Air Fryer Max,Philips,Home & Living,philips-seller-003,119.88,21.78,72,8631.31,4.72,58,2026-04-01,Vietnam,Shopee,philips air fryer max,philips,30.745,85.29,123.395,15
Philips LED Bulb 2026,Philips,Home & Living,philips-seller-019,74.75,2.32,74,5531.71,4.7,28,2026-04-01,Indonesia,Lazada,philips led bulb 2026,philips,71.62,88.91,119.465,7
Innisfree Moisturizer 2026,Innisfree,Beauty,innisfree-seller-028,56.67,26.29,146,8273.73,4.4,306,2026-04-01,Singapore,Lazada,innisfree moisturizer 2026,innisfree,31.064999999999998,51.18,58.44,12
IKEA Storage Box,IKEA,Home & Living,ikea-seller-042,33.52,23.4,133,4457.69,5.0,427,2026-04-01,Malaysia,Shopee,ikea storage box,ikea,30.2425,42.25,76.165,6
IKEA Desk Lamp,IKEA,Home & Living,ikea-seller-038,23.97,32.32,174,4170.07,4.57,1141,2026-04-01,Singapore,Shopee,ikea desk lamp,ikea,73.4575,107.11,153.76000000000002,14
JBL Earbuds Plus,JBL,Electronics,jbl-seller-002,35.54,18.46,93,3305.1,4.94,208,2026-04-01,Philippines,Shopee,jbl earbuds plus,jbl,79.115,162.70999999999998,219.89,16
Philips LED Bulb Plus,Philips,Home & Living,philips-seller-006,20.92,12.09,121,2531.42,4.39,189,2026-04-01,Thailand,Lazada,philips led bulb plus,philips,58.5525,111.28999999999999,145.91,12
Kikkoman Soy Sauce Standard,Kikkoman,Groceries,kikkoman-seller-008,34.68,22.04,209,7248.47,4.31,397,2026-04-01,Malaysia,Lazada,kikkoman soy sauce standard,kikkoman,23.015,26.015,31.715,10
L'Oreal Face Wash Max,L'Oreal,Beauty,l'oreal-seller-025,5.86,8.06,365,2140.34,4.23,17,2026-04-01,Philippines,Lazada,l oreal face wash max,l oreal,14.325,27.92,40.269999999999996,11
Samsung Monitor Standard,Samsung,Electronics,samsung-seller-050,142.37,9.05,48,6833.9,4.0,55,2026-04-01,Philippines,Shopee,samsung monitor standard,samsung,79.115,162.70999999999998,219.89,16
Philips LED Bulb 2026,Philips,Home & Living,philips-seller-056,131.77,11.88,47,6193.36,4.21,325,2026-04-01,Thailand,Lazada,philips led bulb 2026,philips,58.5525,111.28999999999999,145.91,12
Anker Charging Cable Pro,Anker,Accessories,anker-seller-047,69.15,20.9,132,9128.44,4.79,798,2026-04-01,Thailand,Shopee,anker charging cable pro,anker,34.805,68.69,79.66499999999999,15
Oishi Green Tea 2026,Oishi,Groceries,oishi-seller-001,36.32,11.53,190,6901.48,3.5,40,2026-04-01,Singapore,Lazada,oishi green tea 2026,oishi,7.1,13.97,30.245,11
Anker Charging Cable,Anker,Accessories,anker-seller-032,44.67,1.43,119,5316.09,5.0,84,2026-04-01,Indonesia,Lazada,anker charging cable,anker,34.17,44.72,54.65,13
LocknLock Water Bottle 2026,LocknLock,Home & Living,locknlock-seller-038,118.25,13.77,64,7568.0,4.15,46,2026-04-01,Indonesia,Shopee,locknlock water bottle 2026,locknlock,53.182500000000005,92.315,120.7775,14
JBL Earbuds Standard,JBL,Electronics,jbl-seller-039,91.18,13.96,45,4102.98,4.46,23,2026-04-01,Philippines,Lazada,jbl earbuds standard,jbl,144.9275,225.20499999999998,331.09000000000003,26
Kikkoman Teriyaki Sauce Mini,Kikkoman,Groceries,kikkoman-seller-041,16.77,22.13,368,6171.84,3.84,33,2026-04-01,Indonesia,Shopee,kikkoman teriyaki sauce mini,kikkoman,15.4875,22.479999999999997,24.615,14
Logitech Wireless Mouse Standard,Logitech,Accessories,logitech-seller-042,32.01,7.14,165,5282.47,3.93,1198,2026-04-01,Indonesia,Shopee,logitech wireless mouse standard,logitech,19.685,37.67,56.75,15
Oishi Crackers Mini,Oishi,Groceries,oishi-seller-054,23.73,17.22,276,6548.7,4.71,146,2026-04-01,Malaysia,Shopee,oishi crackers mini,oishi,17.182499999999997,22.865000000000002,30.43,10
L'Oreal Shampoo Standard,L'Oreal,Beauty,l'oreal-seller-027,7.75,13.63,342,2651.22,4.79,471,2026-04-01,Indonesia,Lazada,l oreal shampoo standard,l oreal,14.915,21.92,34.74,14
Maybelline Lip Tint Max,Maybelline,Beauty,maybelline-seller-045,49.68,16.81,164,8148.03,4.6,345,2026-04-01,Thailand,Shopee,maybelline lip tint max,maybelline,32.565,39.69,46.95,10
Samsung Tablet Pro,Samsung,Electronics,samsung-seller-060,90.44,13.54,51,4612.22,4.68,141,2026-04-01,Indonesia,Shopee,samsung tablet pro,samsung,90.44,253.53,317.4,17
Innisfree Moisturizer Plus,Innisfree,Beauty,innisfree-seller-053,12.2,15.29,320,3904.58,4.63,38,2026-04-01,Vietnam,Shopee,innisfree moisturizer plus,innisfree,12.77,20.09,29.78,11
IKEA Storage Box Plus,IKEA,Home & Living,ikea-seller-009,9.45,5.9,174,1644.27,4.28,92,2026-04-01,Vietnam,Lazada,ikea storage box plus,ikea,36.775,72.83500000000001,138.975,14
Maybelline Foundation Mini,Maybelline,Beauty,maybelline-seller-014,7.09,0.0,305,2161.15,4.56,129,2026-04-01,Vietnam,Lazada,maybelline foundation mini,maybelline,13.477500000000001,31.494999999999997,45.557500000000005,16
IKEA Desk Lamp Mini,IKEA,Home & Living,ikea-seller-047,36.83,26.39,137,5046.39,4.74,48,2026-04-01,Philippines,Shopee,ikea desk lamp mini,ikea,55.33,114.77,125.54,17
Samsung Tablet Mini,Samsung,Electronics,samsung-seller-060,79.77,20.68,60,4786.37,4.67,65,2026-04-01,Philippines,Shopee,samsung tablet mini,samsung,79.115,162.70999999999998,219.89,16
Samsung Monitor Pro,Samsung,Electronics,samsung-seller-034,77.73,24.29,48,3731.0,4.51,212,2026-04-01,Philippines,Lazada,samsung monitor pro,samsung,144.9275,225.20499999999998,331.09000000000003,26
Kikkoman Teriyaki Sauce Mini,Kikkoman,Groceries,kikkoman-seller-047,32.39,0.0,161,5214.98,3.89,185,2026-04-01,Indonesia,Lazada,kikkoman teriyaki sauce mini,kikkoman,8.790000000000001,15.085,23.88,8
Xiaomi Router 2026,Xiaomi,Electronics,xiaomi-seller-046,101.79,17.62,55,5598.39,4.63,66,2026-04-01,Philippines,Lazada,xiaomi router 2026,xiaomi,144.9275,225.20499999999998,331.09000000000003,26
Logitech Wireless Mouse Plus,Logitech,Accessories,logitech-seller-041,59.81,13.4,112,6698.22,4.0,163,2026-04-01,Malaysia,Shopee,logitech wireless mouse plus,logitech,27.97,38.81,60.3575,18
LocknLock Food Container Standard,LocknLock,Home & Living,locknlock-seller-022,30.21,11.59,120,3624.66,4.56,176,2026-04-01,Vietnam,Shopee,locknlock food container standard,locknlock,30.745,85.29,123.395,15
Baseus USB-C Cable Max,Baseus,Accessories,baseus-seller-019,35.26,4.27,144,5076.79,4.82,184,2026-04-01,Malaysia,Shopee,baseus usb c cable max,baseus,27.97,38.81,60.3575,18
Innisfree Cleanser Mini,Innisfree,Beauty,innisfree-seller-021,41.54,21.02,184,7642.85,4.15,55,2026-04-01,Malaysia,Shopee,innisfree cleanser mini,innisfree,14.785,26.75,42.754999999999995,15
Innisfree Moisturizer Max,Innisfree,Beauty,innisfree-seller-037,24.67,9.96,236,5822.2,4.98,8,2026-04-01,Vietnam,Shopee,innisfree moisturizer max,innisfree,12.77,20.09,29.78,11
Oishi Snack Mix,Oishi,Groceries,oishi-seller-022,24.72,14.28,250,6180.44,3.86,258,2026-04-01,Indonesia,Shopee,oishi snack mix,oishi,15.4875,22.479999999999997,24.615,14
Xiaomi Router 2026,Xiaomi,Electronics,xiaomi-seller-031,231.42,19.87,30,6942.67,4.91,302,2026-04-01,Philippines,Lazada,xiaomi router 2026,xiaomi,144.9275,225.20499999999998,331.09000000000003,26
LocknLock Food Container,LocknLock,Home & Living,locknlock-seller-053,86.01,21.58,81,6966.9,4.27,113,2026-04-01,Thailand,Lazada,locknlock food container,locknlock,58.5525,111.28999999999999,145.91,12
LocknLock Lunch Box Max,LocknLock,Home & Living,locknlock-seller-044,114.21,0.0,59,6738.43,4.39,187,2026-04-01,Singapore,Shopee,locknlock lunch box max,locknlock,73.4575,107.11,153.76000000000002,14
Kikkoman Teriyaki Sauce,Kikkoman,Groceries,kikkoman-seller-059,32.24,14.66,263,8478.55,5.0,43,2026-04-01,Malaysia,Shopee,kikkoman teriyaki sauce,kikkoman,17.182499999999997,22.865000000000002,30.43,10
Nestle Coffee Pro,Nestle,Groceries,nestle-seller-025,16.33,0.0,282,4606.07,4.02,57,2026-04-01,Malaysia,Shopee,nestle coffee pro,nestle,17.182499999999997,22.865000000000002,30.43,10
Philips Air Fryer 2026,Philips,Home & Living,philips-seller-039,17.42,16.15,174,3031.52,4.37,119,2026-04-01,Philippines,Shopee,philips air fryer 2026,philips,55.33,114.77,125.54,17
Maybelline Mascara Pro,Maybelline,Beauty,maybelline-seller-027,48.37,0.0,125,6045.86,4.92,134,2026-04-01,Vietnam,Lazada,maybelline mascara pro,maybelline,13.477500000000001,31.494999999999997,45.557500000000005,16
Nestle Cereal,Nestle,Groceries,nestle-seller-020,25.77,10.44,213,5489.1,4.65,1097,2026-04-01,Vietnam,Lazada,nestle cereal,nestle,9.8175,14.379999999999999,23.295,18
Oishi Snack Mix,Oishi,Groceries,oishi-seller-003,18.48,26.49,268,4953.2,4.8,247,2026-04-01,Thailand,Lazada,oishi snack mix,oishi,13.08,16.34,29.01,17
Samsung SSD,Samsung,Electronics,samsung-seller-031,189.01,18.58,36,6804.35,4.86,218,2026-04-01,Thailand,Shopee,samsung ssd,samsung,173.70999999999998,290.11,390.29,15
Nestle Cereal Max,Nestle,Groceries,nestle-seller-056,32.72,9.05,241,7886.29,4.55,29,2026-04-01,Indonesia,Shopee,nestle cereal max,nestle,15.4875,22.479999999999997,24.615,14
L'Oreal Shampoo,L'Oreal,Beauty,l'oreal-seller-034,35.32,8.63,156,5509.55,4.89,38,2026-04-01,Indonesia,Lazada,l oreal shampoo,l oreal,14.915,21.92,34.74,14
Kikkoman Soy Sauce Plus,Kikkoman,Groceries,kikkoman-seller-025,2.79,6.42,692,1932.83,4.74,288,2026-04-01,Philippines,Shopee,kikkoman soy sauce plus,kikkoman,7.845000000000001,13.34,23.33,15
Anker USB-C Hub Max,Anker,Accessories,anker-seller-055,50.08,21.85,148,7411.72,4.22,49,2026-04-01,Philippines,Shopee,anker usb c hub max,anker,18.205,38.7,57.4075,14
Innisfree Clay Mask Standard,Innisfree,Beauty,innisfree-seller-034,25.92,8.12,209,5417.31,4.33,73,2026-04-01,Indonesia,Shopee,innisfree clay mask standard,innisfree,26.12,28.18,37.05,11
Baseus Laptop Stand Max,Baseus,Accessories,baseus-seller-058,46.48,0.0,92,4275.91,4.05,183,2026-04-01,Philippines,Lazada,baseus laptop stand max,baseus,31.35,49.355000000000004,69.3025,20
Oishi Snack Mix Pro,Oishi,Groceries,oishi-seller-035,16.34,11.29,273,4461.99,5.0,129,2026-04-01,Thailand,Lazada,oishi snack mix pro,oishi,13.08,16.34,29.01,17
Anker USB-C Hub 2026,Anker,Accessories,anker-seller-018,20.93,7.22,143,2992.29,4.03,146,2026-04-01,Malaysia,Lazada,anker usb c hub 2026,anker,26.74,45.61,54.92,9
Philips Desk Fan Standard,Philips,Home & Living,philips-seller-014,30.55,26.61,153,4674.01,4.38,258,2026-04-01,Vietnam,Shopee,philips desk fan standard,philips,30.745,85.29,123.395,15
LocknLock Food Container 2026,LocknLock,Home & Living,locknlock-seller-046,88.91,9.94,58,5156.53,4.33,75,2026-04-01,Indonesia,Lazada,locknlock food container 2026,locknlock,71.62,88.91,119.465,7
Oishi Snack Mix Mini,Oishi,Groceries,oishi-seller-058,11.04,9.54,396,4370.77,4.71,167,2026-04-01,Malaysia,Shopee,oishi snack mix mini,oishi,17.182499999999997,22.865000000000002,30.43,10
Logitech Wireless Mouse Plus,Logitech,Accessories,logitech-seller-058,45.61,5.96,119,5427.34,4.56,18,2026-04-01,Malaysia,Lazada,logitech wireless mouse plus,logitech,26.74,45.61,54.92,9
Anker USB-C Hub Standard,Anker,Accessories,anker-seller-028,11.91,16.97,294,3501.61,4.89,33,2026-04-01,Philippines,Shopee,anker usb c hub standard,anker,18.205,38.7,57.4075,14
Philips Desk Fan,Philips,Home & Living,philips-seller-045,195.94,14.05,44,8621.45,4.55,511,2026-04-01,Singapore,Shopee,philips desk fan,philips,73.4575,107.11,153.76000000000002,14
LocknLock Food Container Pro,LocknLock,Home & Living,locknlock-seller-053,45.32,9.58,78,3534.85,4.32,960,2026-04-01,Philippines,Lazada,locknlock food container pro,locknlock,47.79,70.94,112.47,13
Samsung SSD Standard,Samsung,Electronics,samsung-seller-053,158.41,6.13,35,5544.18,4.44,21,2026-04-01,Thailand,Shopee,samsung ssd standard,samsung,173.70999999999998,290.11,390.29,15
Anker Charging Cable Max,Anker,Accessories,anker-seller-042,40.4,24.36,114,4606.17,3.99,15,2026-04-01,Philippines,Lazada,anker charging cable max,anker,31.35,49.355000000000004,69.3025,20
Xiaomi Smart Band 2026,Xiaomi,Electronics,xiaomi-seller-056,218.99,15.6,23,5036.66,4.3,77,2026-04-01,Philippines,Lazada,xiaomi smart band 2026,xiaomi,144.9275,225.20499999999998,331.09000000000003,26
Innisfree Clay Mask Max,Innisfree,Beauty,innisfree-seller-059,13.67,11.95,277,3787.3,4.65,1721,2026-04-01,Indonesia,Lazada,innisfree clay mask max,innisfree,14.915,21.92,34.74,14
Innisfree Moisturizer Standard,Innisfree,Beauty,innisfree-seller-005,44.14,14.3,131,5782.82,4.14,96,2026-04-01,Philippines,Lazada,innisfree moisturizer standard,innisfree,14.325,27.92,40.269999999999996,11
Innisfree Moisturizer,Innisfree,Beauty,innisfree-seller-011,41.75,11.06,163,6804.5,4.81,62,2026-04-01,Singapore,Shopee,innisfree moisturizer,innisfree,18.285,30.27,37.714999999999996,8
Philips LED Bulb Mini,Philips,Home & Living,philips-seller-007,155.28,1.71,40,6211.04,4.17,3205,2026-04-01,Malaysia,Lazada,philips led bulb mini,philips,45.269999999999996,71.96,94.965,11
Maybelline Lip Tint Standard,Maybelline,Beauty,maybelline-seller-051,11.04,14.43,342,3775.45,4.38,1160,2026-04-01,Singapore,Shopee,maybelline lip tint standard,maybelline,18.285,30.27,37.714999999999996,8
Samsung Monitor 2026,Samsung,Electronics,samsung-seller-040,246.26,3.4,22,5417.71,4.28,413,2026-04-01,Malaysia,Lazada,samsung monitor 2026,samsung,117.225,214.85,296.595,20
JBL Bluetooth Speaker Pro,JBL,Electronics,jbl-seller-014,43.03,9.46,75,3227.61,4.94,101,2026-04-01,Thailand,Shopee,jbl bluetooth speaker pro,jbl,173.70999999999998,290.11,390.29,15
Samsung Monitor Mini,Samsung,Electronics,samsung-seller-045,285.64,20.67,18,5141.45,3.91,436,2026-04-01,Philippines,Lazada,samsung monitor mini,samsung,144.9275,225.20499999999998,331.09000000000003,26
Baseus Phone Holder Mini,Baseus,Accessories,baseus-seller-054,80.07,1.35,87,6965.77,4.19,21,2026-04-01,Thailand,Shopee,baseus phone holder mini,baseus,34.805,68.69,79.66499999999999,15
Philips Air Fryer Pro,Philips,Home & Living,philips-seller-036,87.28,26.45,100,8728.21,5.0,166,2026-04-01,Singapore,Shopee,philips air fryer pro,philips,73.4575,107.11,153.76000000000002,14
Nestle Cereal Standard,Nestle,Groceries,nestle-seller-039,20.22,16.71,261,5276.96,4.63,172,2026-04-01,Vietnam,Lazada,nestle cereal standard,nestle,9.8175,14.379999999999999,23.295,18
Innisfree Cleanser Max,Innisfree,Beauty,innisfree-seller-004,6.26,18.61,370,2316.05,4.18,139,2026-04-01,Vietnam,Lazada,innisfree cleanser max,innisfree,13.477500000000001,31.494999999999997,45.557500000000005,16
Kikkoman Soy Sauce,Kikkoman,Groceries,kikkoman-seller-010,21.14,30.97,343,7250.88,4.65,203,2026-04-01,Vietnam,Shopee,kikkoman soy sauce,kikkoman,12.254999999999999,15.1,20.215,11
Samsung Monitor Plus,Samsung,Electronics,samsung-seller-040,366.71,0.0,29,10634.55,4.09,714,2026-04-01,Philippines,Shopee,samsung monitor plus,samsung,79.115,162.70999999999998,219.89,16
Oishi Crackers Pro,Oishi,Groceries,oishi-seller-020,21.2,0.1,210,4451.03,4.69,28,2026-04-01,Indonesia,Lazada,oishi crackers pro,oishi,8.790000000000001,15.085,23.88,8
Samsung Monitor Standard,Samsung,Electronics,samsung-seller-038,161.86,19.7,30,4855.69,4.88,538,2026-04-01,Indonesia,Lazada,samsung monitor standard,samsung,86.70750000000001,175.93,291.9875,22
Nestle Coffee Pro,Nestle,Groceries,nestle-seller-058,10.75,11.97,338,3632.99,4.4,54,2026-04-01,Vietnam,Lazada,nestle coffee pro,nestle,9.8175,14.379999999999999,23.295,18
Baseus Phone Holder,Baseus,Accessories,baseus-seller-023,77.06,10.13,108,8322.34,4.8,377,2026-04-01,Indonesia,Shopee,baseus phone holder,baseus,19.685,37.67,56.75,15
Logitech Mechanical Keyboard Max,Logitech,Accessories,logitech-seller-038,57.05,28.68,109,6218.43,4.7,219,2026-04-01,Vietnam,Lazada,logitech mechanical keyboard max,logitech,48.480000000000004,55.075,62.019999999999996,12
JBL Earbuds Plus,JBL,Electronics,jbl-seller-035,313.98,12.44,22,6907.57,5.0,21,2026-04-01,Singapore,Lazada,jbl earbuds plus,jbl,222.64,328.485,391.44,12
Xiaomi Smart Band Mini,Xiaomi,Electronics,xiaomi-seller-025,290.11,14.54,22,6382.51,5.0,1054,2026-04-01,Thailand,Shopee,xiaomi smart band mini,xiaomi,173.70999999999998,290.11,390.29,15
Nestle Chocolate Drink 2026,Nestle,Groceries,nestle-seller-009,31.72,7.74,189,5994.14,4.73,45,2026-04-01,Malaysia,Lazada,nestle chocolate drink 2026,nestle,23.015,26.015,31.715,10
Logitech Webcam Plus,Logitech,Accessories,logitech-seller-043,12.27,18.91,293,3595.54,4.41,14,2026-04-01,Vietnam,Shopee,logitech webcam plus,logitech,12.4725,19.505,41.24,14
Logitech Webcam,Logitech,Accessories,logitech-seller-027,97.78,8.69,84,8213.19,4.71,23,2026-04-01,Singapore,Shopee,logitech webcam,logitech,34.295,53.8,78.235,11
IKEA Storage Box Mini,IKEA,Home & Living,ikea-seller-028,9.3,18.16,227,2111.27,4.94,28,2026-04-01,Singapore,Lazada,ikea storage box mini,ikea,53.24,98.44,172.14,13
JBL Bluetooth Speaker 2026,JBL,Electronics,jbl-seller-028,376.38,0.0,18,6774.76,4.46,143,2026-04-01,Indonesia,Lazada,jbl bluetooth speaker 2026,jbl,86.70750000000001,175.93,291.9875,22
LocknLock Lunch Box 2026,LocknLock,Home & Living,locknlock-seller-046,97.78,24.87,62,6062.28,4.01,330,2026-04-01,Indonesia,Shopee,locknlock lunch box 2026,locknlock,53.182500000000005,92.315,120.7775,14
Samsung Tablet Pro,Samsung,Electronics,samsung-seller-003,275.5,4.51,25,6887.45,4.07,611,2026-04-01,Indonesia,Lazada,samsung tablet pro,samsung,86.70750000000001,175.93,291.9875,22
L'Oreal Face Wash Plus,L'Oreal,Beauty,l'oreal-seller-045,35.76,12.23,180,6436.48,4.22,877,2026-04-01,Vietnam,Lazada,l oreal face wash plus,l oreal,13.477500000000001,31.494999999999997,45.557500000000005,16
LocknLock Food Container Mini,LocknLock,Home & Living,locknlock-seller-006,91.45,6.78,64,5852.57,4.44,11,2026-04-01,Vietnam,Shopee,locknlock food container mini,locknlock,30.745,85.29,123.395,15
Nestle Chocolate Drink Max,Nestle,Groceries,nestle-seller-043,8.25,13.6,455,3752.61,5.0,45,2026-04-01,Indonesia,Shopee,nestle chocolate drink max,nestle,15.4875,22.479999999999997,24.615,14
Philips Air Fryer Mini,Philips,Home & Living,philips-seller-004,120.3,11.49,48,5774.61,4.24,27,2026-04-01,Philippines,Shopee,philips air fryer mini,philips,55.33,114.77,125.54,17
JBL Headphones Plus,JBL,Electronics,jbl-seller-037,123.61,19.03,43,5315.35,4.53,547,2026-04-01,Malaysia,Shopee,jbl headphones plus,jbl,158.71,175.85,292.3,17
JBL Earbuds Pro,JBL,Electronics,jbl-seller-011,174.95,13.31,28,4898.55,5.0,47,2026-04-01,Philippines,Lazada,jbl earbuds pro,jbl,144.9275,225.20499999999998,331.09000000000003,26
LocknLock Water Bottle Max,LocknLock,Home & Living,locknlock-seller-031,73.63,14.54,61,4491.24,4.72,342,2026-04-01,Vietnam,Lazada,locknlock water bottle max,locknlock,36.775,72.83500000000001,138.975,14
IKEA Kitchen Organizer Pro,IKEA,Home & Living,ikea-seller-052,51.81,11.64,122,6321.35,5.0,14,2026-04-01,Indonesia,Shopee,ikea kitchen organizer pro,ikea,53.182500000000005,92.315,120.7775,14
Innisfree Clay Mask 2026,Innisfree,Beauty,innisfree-seller-033,44.2,12.46,156,6895.03,4.8,17,2026-04-01,Philippines,Shopee,innisfree clay mask 2026,innisfree,18.2,27.58,35.63,9
L'Oreal Face Wash Pro,L'Oreal,Beauty,l'oreal-seller-018,13.67,22.82,265,3622.56,3.42,238,2026-04-01,Vietnam,Lazada,l oreal face wash pro,l oreal,13.477500000000001,31.494999999999997,45.557500000000005,16
Baseus USB-C Cable Mini,Baseus,Accessories,baseus-seller-048,8.19,24.25,393,3219.07,3.75,213,2026-04-01,Malaysia,Shopee,baseus usb c cable mini,baseus,27.97,38.81,60.3575,18
L'Oreal Hair Serum,L'Oreal,Beauty,l'oreal-seller-045,41.62,17.28,142,5910.15,4.42,12,2026-04-01,Thailand,Lazada,l oreal hair serum,l oreal,26.8,29.83,33.545,11
Kikkoman Soy Sauce Pro,Kikkoman,Groceries,kikkoman-seller-006,13.08,3.76,250,3269.76,4.13,1614,2026-04-01,Thailand,Lazada,kikkoman soy sauce pro,kikkoman,13.08,16.34,29.01,17
JBL Earbuds 2026,JBL,Electronics,jbl-seller-043,366.86,12.31,33,12106.49,4.38,110,2026-04-01,Thailand,Shopee,jbl earbuds 2026,jbl,173.70999999999998,290.11,390.29,15
Kikkoman Teriyaki Sauce Standard,Kikkoman,Groceries,kikkoman-seller-042,24.57,20.49,276,6781.02,4.31,244,2026-04-01,Singapore,Shopee,kikkoman teriyaki sauce standard,kikkoman,24.235,27.73,35.86,8
Logitech Mechanical Keyboard Plus,Logitech,Accessories,logitech-seller-031,72.1,4.55,104,7498.49,4.57,338,2026-04-01,Malaysia,Shopee,logitech mechanical keyboard plus,logitech,27.97,38.81,60.3575,18
IKEA Storage Box Max,IKEA,Home & Living,ikea-seller-046,71.96,7.4,78,5612.68,5.0,88,2026-04-01,Malaysia,Lazada,ikea storage box max,ikea,45.269999999999996,71.96,94.965,11
L'Oreal Face Wash,L'Oreal,Beauty,l'oreal-seller-028,75.21,0.17,84,6317.65,4.6,160,2026-04-01,Singapore,Lazada,l oreal face wash,l oreal,31.064999999999998,51.18,58.44,12
JBL Headphones Pro,JBL,Electronics,jbl-seller-034,264.24,6.13,20,5284.89,5.0,320,2026-04-01,Vietnam,Lazada,jbl headphones pro,jbl,198.93,264.24,384.37,13
Baseus Phone Holder Pro,Baseus,Accessories,baseus-seller-055,47.08,8.74,144,6779.38,4.55,291,2026-04-01,Philippines,Shopee,baseus phone holder pro,baseus,18.205,38.7,57.4075,14
Innisfree Moisturizer,Innisfree,Beauty,innisfree-seller-007,23.88,0.0,170,4060.33,5.0,1757,2026-04-01,Singapore,Lazada,innisfree moisturizer,innisfree,31.064999999999998,51.18,58.44,12
Samsung Tablet 2026,Samsung,Electronics,samsung-seller-047,241.79,11.59,27,6528.44,4.61,328,2026-04-01,Malaysia,Lazada,samsung tablet 2026,samsung,117.225,214.85,296.595,20
LocknLock Lunch Box Max,LocknLock,Home & Living,locknlock-seller-012,163.31,17.17,46,7512.22,4.69,129,2026-04-01,Philippines,Shopee,locknlock lunch box max,locknlock,55.33,114.77,125.54,17
Logitech Wireless Mouse Plus,Logitech,Accessories,logitech-seller-007,29.53,8.45,162,4784.26,4.25,68,2026-04-01,Malaysia,Shopee,logitech wireless mouse plus,logitech,27.97,38.81,60.3575,18
JBL Bluetooth Speaker Max,JBL,Electronics,jbl-seller-019,253.53,11.39,32,8113.09,4.22,113,2026-04-01,Indonesia,Shopee,jbl bluetooth speaker max,jbl,90.44,253.53,317.4,17
Logitech Webcam Standard,Logitech,Accessories,logitech-seller-004,64.75,26.56,135,8740.77,4.52,323,2026-04-01,Malaysia,Shopee,logitech webcam standard,logitech,27.97,38.81,60.3575,18
Philips LED Bulb Max,Philips,Home & Living,philips-seller-008,143.83,5.5,54,7766.58,4.91,324,2026-04-01,Indonesia,Shopee,philips led bulb max,philips,53.182500000000005,92.315,120.7775,14
Samsung Tablet Mini,Samsung,Electronics,samsung-seller-052,420.37,6.75,26,10929.59,4.86,163,2026-04-01,Vietnam,Shopee,samsung tablet mini,samsung,106.94,159.4,286.125,11
Nestle Cereal Plus,Nestle,Groceries,nestle-seller-043,5.65,31.41,686,3878.77,4.72,105,2026-04-01,Thailand,Shopee,nestle cereal plus,nestle,8.635,15.62,26.814999999999998,11
Innisfree Cleanser Max,Innisfree,Beauty,innisfree-seller-050,55.42,6.37,135,7481.96,4.18,136,2026-04-01,Vietnam,Lazada,innisfree cleanser max,innisfree,13.477500000000001,31.494999999999997,45.557500000000005,16
Oishi Snack Mix,Oishi,Groceries,oishi-seller-004,26.85,11.82,218,5853.43,4.55,47,2026-04-01,Malaysia,Lazada,oishi snack mix,oishi,23.015,26.015,31.715,10
L'Oreal Hair Serum,L'Oreal,Beauty,l'oreal-seller-017,52.91,20.38,133,7036.88,4.85,145,2026-04-01,Singapore,Lazada,l oreal hair serum,l oreal,31.064999999999998,51.18,58.44,12
Anker USB-C Hub Mini,Anker,Accessories,anker-seller-026,21.32,11.48,167,3559.93,4.09,345,2026-04-01,Thailand,Lazada,anker usb c hub mini,anker,31.4525,51.605000000000004,61.36,18
Logitech Webcam,Logitech,Accessories,logitech-seller-028,29.8,7.88,140,4172.62,4.39,222,2026-04-01,Thailand,Lazada,logitech webcam,logitech,31.4525,51.605000000000004,61.36,18
Samsung Monitor Standard,Samsung,Electronics,samsung-seller-003,361.6,15.95,21,7593.64,4.54,132,2026-04-01,Thailand,Shopee,samsung monitor standard,samsung,173.70999999999998,290.11,390.29,15
Philips Air Fryer,Philips,Home & Living,philips-seller-029,52.89,0.0,94,4972.06,4.16,941,2026-04-01,Vietnam,Shopee,philips air fryer,philips,30.745,85.29,123.395,15
Kikkoman Soy Sauce Standard,Kikkoman,Groceries,kikkoman-seller-043,11.19,12.29,366,4097.33,4.5,58,2026-04-01,Vietnam,Lazada,kikkoman soy sauce standard,kikkoman,9.8175,14.379999999999999,23.295,18
Kikkoman Teriyaki Sauce Plus,Kikkoman,Groceries,kikkoman-seller-037,6.27,17.66,446,2796.73,4.96,242,2026-04-01,Singapore,Lazada,kikkoman teriyaki sauce plus,kikkoman,7.1,13.97,30.245,11
JBL Earbuds,JBL,Electronics,jbl-seller-047,279.81,30.18,19,5316.42,4.77,165,2026-04-01,Vietnam,Lazada,jbl earbuds,jbl,198.93,264.24,384.37,13
Anker Power Bank,Anker,Accessories,anker-seller-050,42.7,21.69,150,6404.36,4.34,243,2026-04-01,Vietnam,Shopee,anker power bank,anker,12.4725,19.505,41.24,14
Philips Air Fryer Pro,Philips,Home & Living,philips-seller-044,36.64,5.45,109,3993.84,5.0,47,2026-04-01,Singapore,Shopee,philips air fryer pro,philips,73.4575,107.11,153.76000000000002,14
Baseus Phone Holder Standard,Baseus,Accessories,baseus-seller-024,13.25,21.43,228,3021.64,5.0,418,2026-04-01,Malaysia,Lazada,baseus phone holder standard,baseus,26.74,45.61,54.92,9
Anker Charging Cable Max,Anker,Accessories,anker-seller-013,44.72,9.71,127,5679.61,4.33,39,2026-04-01,Indonesia,Lazada,anker charging cable max,anker,34.17,44.72,54.65,13
Samsung SSD Pro,Samsung,Electronics,samsung-seller-045,418.51,8.25,19,7951.68,4.1,80,2026-04-01,Thailand,Shopee,samsung ssd pro,samsung,173.70999999999998,290.11,390.29,15
Innisfree Clay Mask Max,Innisfree,Beauty,innisfree-seller-029,51.98,13.17,169,8784.15,4.68,437,2026-04-01,Singapore,Shopee,innisfree clay mask max,innisfree,18.285,30.27,37.714999999999996,8
Oishi Green Tea Standard,Oishi,Groceries,oishi-seller-047,13.34,14.51,395,5269.97,4.44,216,2026-04-01,Philippines,Shopee,oishi green tea standard,oishi,7.845000000000001,13.34,23.33,15
JBL Bluetooth Speaker,JBL,Electronics,jbl-seller-035,230.68,21.65,34,7843.27,4.33,51,2026-04-01,Indonesia,Shopee,jbl bluetooth speaker,jbl,90.44,253.53,317.4,17
Samsung Monitor Standard,Samsung,Electronics,samsung-seller-003,382.54,22.92,13,4973.02,4.33,295,2026-04-01,Philippines,Lazada,samsung monitor standard,samsung,144.9275,225.20499999999998,331.09000000000003,26
Maybelline Mascara Plus,Maybelline,Beauty,maybelline-seller-008,43.97,10.11,159,6991.82,4.79,18,2026-04-01,Malaysia,Shopee,maybelline mascara plus,maybelline,14.785,26.75,42.754999999999995,15
IKEA Kitchen Organizer Mini,IKEA,Home & Living,ikea-seller-015,144.25,15.2,42,6058.49,5.0,17,2026-04-01,Thailand,Lazada,ikea kitchen organizer mini,ikea,58.5525,111.28999999999999,145.91,12
Nestle Chocolate Drink Standard,Nestle,Groceries,nestle-seller-031,13.47,0.0,313,4217.06,4.73,17,2026-04-01,Vietnam,Shopee,nestle chocolate drink standard,nestle,12.254999999999999,15.1,20.215,11
Kikkoman Soy Sauce Standard,Kikkoman,Groceries,kikkoman-seller-012,15.06,0.0,286,4307.49,4.56,26,2026-04-01,Indonesia,Shopee,kikkoman soy sauce standard,kikkoman,15.4875,22.479999999999997,24.615,14
L'Oreal Hair Serum Mini,L'Oreal,Beauty,l'oreal-seller-011,42.6,4.09,148,6304.2,4.61,64,2026-04-01,Philippines,Shopee,l oreal hair serum mini,l oreal,18.2,27.58,35.63,9
Logitech Mechanical Keyboard Mini,Logitech,Accessories,logitech-seller-052,42.83,18.31,147,6296.26,3.93,900,2026-04-01,Indonesia,Shopee,logitech mechanical keyboard mini,logitech,19.685,37.67,56.75,15
Logitech Mechanical Keyboard Pro,Logitech,Accessories,logitech-seller-052,37.67,15.26,154,5800.58,4.76,49,2026-04-01,Indonesia,Shopee,logitech mechanical keyboard pro,logitech,19.685,37.67,56.75,15
L'Oreal Face Wash Mini,L'Oreal,Beauty,l'oreal-seller-035,17.95,18.08,231,4146.42,4.33,29,2026-04-01,Philippines,Lazada,l oreal face wash mini,l oreal,14.325,27.92,40.269999999999996,11
Oishi Crackers 2026,Oishi,Groceries,oishi-seller-022,32.76,21.45,210,6878.72,4.36,15,2026-04-01,Thailand,Lazada,oishi crackers 2026,oishi,13.08,16.34,29.01,17
L'Oreal Hair Serum 2026,L'Oreal,Beauty,l'oreal-seller-045,13.18,16.97,334,4403.27,4.88,102,2026-04-01,Vietnam,Shopee,l oreal hair serum 2026,l oreal,12.77,20.09,29.78,11
Xiaomi Router Standard,Xiaomi,Electronics,xiaomi-seller-009,362.56,11.55,22,7976.31,4.56,433,2026-04-01,Malaysia,Shopee,xiaomi router standard,xiaomi,158.71,175.85,292.3,17
Oishi Snack Mix Standard,Oishi,Groceries,oishi-seller-001,24.32,14.36,205,4986.38,4.35,102,2026-04-01,Vietnam,Lazada,oishi snack mix standard,oishi,9.8175,14.379999999999999,23.295,18
Baseus Phone Holder Mini,Baseus,Accessories,baseus-seller-057,51.54,0.0,107,5515.03,4.51,94,2026-04-01,Vietnam,Shopee,baseus phone holder mini,baseus,12.4725,19.505,41.24,14
Samsung SSD 2026,Samsung,Electronics,samsung-seller-010,183.42,10.56,30,5502.46,5.0,171,2026-04-01,Malaysia,Lazada,samsung ssd 2026,samsung,117.225,214.85,296.595,20
LocknLock Food Container 2026,LocknLock,Home & Living,locknlock-seller-012,61.66,11.39,64,3946.12,4.01,382,2026-04-01,Philippines,Lazada,locknlock food container 2026,locknlock,47.79,70.94,112.47,13
IKEA Kitchen Organizer Plus,IKEA,Home & Living,ikea-seller-040,86.85,8.28,71,6166.41,4.14,260,2026-04-01,Indonesia,Shopee,ikea kitchen organizer plus,ikea,53.182500000000005,92.315,120.7775,14
Innisfree Clay Mask Mini,Innisfree,Beauty,innisfree-seller-016,27.23,4.36,172,4683.03,4.76,178,2026-04-01,Vietnam,Lazada,innisfree clay mask mini,innisfree,13.477500000000001,31.494999999999997,45.557500000000005,16
IKEA Kitchen Organizer Pro,IKEA,Home & Living,ikea-seller-056,88.02,8.77,75,6601.17,4.03,12,2026-04-01,Thailand,Shopee,ikea kitchen organizer pro,ikea,53.765,88.02,126.44,11
Samsung Tablet 2026,Samsung,Electronics,samsung-seller-018,34.19,14.97,93,3179.68,4.1,31,2026-04-01,Indonesia,Shopee,samsung tablet 2026,samsung,90.44,253.53,317.4,17
Logitech Webcam,Logitech,Accessories,logitech-seller-059,14.64,11.68,263,3850.84,4.83,749,2026-04-01,Vietnam,Shopee,logitech webcam,logitech,12.4725,19.505,41.24,14
Oishi Crackers Standard,Oishi,Groceries,oishi-seller-004,7.93,12.37,351,2784.99,4.96,214,2026-04-01,Singapore,Lazada,oishi crackers standard,oishi,7.1,13.97,30.245,11
L'Oreal Hair Serum Pro,L'Oreal,Beauty,l'oreal-seller-022,27.92,2.77,161,4495.63,4.85,203,2026-04-01,Philippines,Lazada,l oreal hair serum pro,l oreal,14.325,27.92,40.269999999999996,11
Logitech Webcam Standard,Logitech,Accessories,logitech-seller-060,33.95,7.8,141,4786.4,4.99,48,2026-04-01,Indonesia,Lazada,logitech webcam standard,logitech,34.17,44.72,54.65,13
Oishi Snack Mix Mini,Oishi,Groceries,oishi-seller-008,9.19,0.0,381,3500.69,4.42,34,2026-04-01,Indonesia,Shopee,oishi snack mix mini,oishi,15.4875,22.479999999999997,24.615,14
Samsung Tablet Pro,Samsung,Electronics,samsung-seller-027,249.28,7.28,27,6730.44,4.03,68,2026-04-01,Vietnam,Shopee,samsung tablet pro,samsung,106.94,159.4,286.125,11
Oishi Snack Mix 2026,Oishi,Groceries,oishi-seller-007,13.25,0.57,288,3815.03,4.97,330,2026-04-01,Thailand,Lazada,oishi snack mix 2026,oishi,13.08,16.34,29.01,17
Nestle Coffee Standard,Nestle,Groceries,nestle-seller-031,9.8,20.46,400,3920.83,4.68,112,2026-04-01,Thailand,Lazada,nestle coffee standard,nestle,13.08,16.34,29.01,17
Anker USB-C Hub 2026,Anker,Accessories,anker-seller-060,67.71,16.86,95,6431.98,4.29,131,2026-04-01,Indonesia,Lazada,anker usb c hub 2026,anker,34.17,44.72,54.65,13
Nestle Cereal 2026,Nestle,Groceries,nestle-seller-030,15.28,0.0,260,3973.51,4.17,95,2026-04-01,Indonesia,Lazada,nestle cereal 2026,nestle,8.790000000000001,15.085,23.88,8
Innisfree Clay Mask Pro,Innisfree,Beauty,innisfree-seller-009,35.63,6.9,177,6306.75,4.42,139,2026-04-01,Philippines,Shopee,innisfree clay mask pro,innisfree,18.2,27.58,35.63,9
L'Oreal Shampoo,L'Oreal,Beauty,l'oreal-seller-030,19.89,4.36,237,4713.42,4.93,331,2026-04-01,Vietnam,Shopee,l oreal shampoo,l oreal,12.77,20.09,29.78,11
Nestle Coffee Pro,Nestle,Groceries,nestle-seller-039,9.94,7.96,335,3331.2,4.27,61,2026-04-01,Singapore,Lazada,nestle coffee pro,nestle,7.1,13.97,30.245,11
Philips LED Bulb Standard,Philips,Home & Living,philips-seller-027,164.56,2.85,42,6911.51,4.64,705,2026-04-01,Thailand,Shopee,philips led bulb standard,philips,53.765,88.02,126.44,11
Kikkoman Teriyaki Sauce,Kikkoman,Groceries,kikkoman-seller-030,3.45,5.17,519,1789.03,4.89,345,2026-04-01,Indonesia,Lazada,kikkoman teriyaki sauce,kikkoman,8.790000000000001,15.085,23.88,8
Samsung SSD 2026,Samsung,Electronics,samsung-seller-021,190.39,3.03,21,3998.24,4.76,168,2026-04-01,Malaysia,Shopee,samsung ssd 2026,samsung,158.71,175.85,292.3,17
IKEA Kitchen Organizer Standard,IKEA,Home & Living,ikea-seller-027,68.85,12.06,86,5921.38,4.88,76,2026-04-01,Singapore,Shopee,ikea kitchen organizer standard,ikea,73.4575,107.11,153.76000000000002,14
Samsung Tablet Standard,Samsung,Electronics,samsung-seller-028,136.46,0.0,45,6140.61,3.83,35,2026-04-01,Vietnam,Shopee,samsung tablet standard,samsung,106.94,159.4,286.125,11
Samsung SSD Plus,Samsung,Electronics,samsung-seller-032,264.84,5.28,27,7150.73,5.0,175,2026-04-01,Indonesia,Lazada,samsung ssd plus,samsung,86.70750000000001,175.93,291.9875,22
IKEA Kitchen Organizer Max,IKEA,Home & Living,ikea-seller-027,116.01,20.93,70,8120.55,3.83,65,2026-04-01,Thailand,Shopee,ikea kitchen organizer max,ikea,53.765,88.02,126.44,11
Innisfree Clay Mask Max,Innisfree,Beauty,innisfree-seller-006,46.53,6.06,142,6607.04,4.47,1,2026-04-01,Thailand,Shopee,innisfree clay mask max,innisfree,32.565,39.69,46.95,10
L'Oreal Face Wash Plus,L'Oreal,Beauty,l'oreal-seller-055,13.64,18.07,279,3806.0,5.0,101,2026-04-01,Vietnam,Lazada,l oreal face wash plus,l oreal,13.477500000000001,31.494999999999997,45.557500000000005,16
JBL Bluetooth Speaker,JBL,Electronics,jbl-seller-046,401.81,16.34,17,6830.72,4.47,117,2026-04-01,Indonesia,Shopee,jbl bluetooth speaker,jbl,90.44,253.53,317.4,17
Maybelline Foundation Max,Maybelline,Beauty,maybelline-seller-041,36.37,18.47,201,7311.02,5.0,438,2026-04-01,Singapore,Shopee,maybelline foundation max,maybelline,18.285,30.27,37.714999999999996,8
Samsung Monitor Mini,Samsung,Electronics,samsung-seller-003,40.43,18.81,97,3921.6,4.86,39,2026-04-01,Vietnam,Shopee,samsung monitor mini,samsung,106.94,159.4,286.125,11
Maybelline Lip Tint Mini,Maybelline,Beauty,maybelline-seller-037,5.92,16.37,407,2409.34,4.54,45,2026-04-01,Malaysia,Lazada,maybelline lip tint mini,maybelline,17.525000000000002,28.17,42.207499999999996,14
LocknLock Lunch Box Standard,LocknLock,Home & Living,locknlock-seller-033,52.29,1.33,93,4863.4,4.46,221,2026-04-01,Thailand,Shopee,locknlock lunch box standard,locknlock,53.765,88.02,126.44,11
Logitech Mechanical Keyboard Pro,Logitech,Accessories,logitech-seller-030,83.34,6.72,78,6500.48,4.19,80,2026-04-01,Philippines,Lazada,logitech mechanical keyboard pro,logitech,31.35,49.355000000000004,69.3025,20
Innisfree Clay Mask Max,Innisfree,Beauty,innisfree-seller-036,26.95,12.1,211,5687.08,5.0,26,2026-04-01,Indonesia,Shopee,innisfree clay mask max,innisfree,26.12,28.18,37.05,11
Philips LED Bulb 2026,Philips,Home & Living,philips-seller-022,115.51,17.7,59,6815.07,4.47,177,2026-04-01,Philippines,Shopee,philips led bulb 2026,philips,55.33,114.77,125.54,17
Samsung Tablet,Samsung,Electronics,samsung-seller-045,35.17,0.0,96,3376.79,5.0,276,2026-04-01,Thailand,Shopee,samsung tablet,samsung,173.70999999999998,290.11,390.29,15
Innisfree Moisturizer Mini,Innisfree,Beauty,innisfree-seller-044,25.44,9.75,232,5902.61,4.77,1423,2026-04-01,Thailand,Shopee,innisfree moisturizer mini,innisfree,32.565,39.69,46.95,10
Logitech Mechanical Keyboard Pro,Logitech,Accessories,logitech-seller-029,64.4,14.54,102,6568.74,4.83,62,2026-04-01,Singapore,Lazada,logitech mechanical keyboard pro,logitech,32.195,54.19,72.345,11
Samsung Tablet Max,Samsung,Electronics,samsung-seller-053,245.5,0.79,22,5400.97,4.83,578,2026-04-01,Singapore,Shopee,samsung tablet max,samsung,81.13,245.5,350.865,11
Samsung Monitor,Samsung,Electronics,samsung-seller-044,427.18,0.0,15,6407.66,4.79,601,2026-04-01,Indonesia,Lazada,samsung monitor,samsung,86.70750000000001,175.93,291.9875,22
Nestle Coffee Standard,Nestle,Groceries,nestle-seller-026,7.94,4.71,450,3574.47,4.67,211,2026-04-01,Philippines,Shopee,nestle coffee standard,nestle,7.845000000000001,13.34,23.33,15
Logitech Wireless Mouse Pro,Logitech,Accessories,logitech-seller-008,36.41,20.12,117,4259.5,4.59,3388,2026-04-01,Thailand,Lazada,logitech wireless mouse pro,logitech,31.4525,51.605000000000004,61.36,18
Xiaomi Smart Band Mini,Xiaomi,Electronics,xiaomi-seller-041,370.48,11.71,18,6668.56,3.88,339,2026-04-01,Philippines,Shopee,xiaomi smart band mini,xiaomi,79.115,162.70999999999998,219.89,16
Samsung Tablet 2026,Samsung,Electronics,samsung-seller-031,221.6,9.44,22,4875.09,4.6,16,2026-04-01,Vietnam,Lazada,samsung tablet 2026,samsung,198.93,264.24,384.37,13
Samsung Tablet Standard,Samsung,Electronics,samsung-seller-019,322.66,5.42,21,6775.94,3.81,892,2026-04-01,Malaysia,Lazada,samsung tablet standard,samsung,117.225,214.85,296.595,20
Logitech Webcam Max,Logitech,Accessories,logitech-seller-022,79.26,8.81,91,7212.99,4.59,177,2026-04-01,Thailand,Shopee,logitech webcam max,logitech,34.805,68.69,79.66499999999999,15
Innisfree Cleanser Max,Innisfree,Beauty,innisfree-seller-045,53.95,19.45,137,7391.75,4.65,77,2026-04-01,Singapore,Lazada,innisfree cleanser max,innisfree,31.064999999999998,51.18,58.44,12
JBL Headphones 2026,JBL,Electronics,jbl-seller-058,40.78,10.23,81,3303.08,4.62,37,2026-04-01,Indonesia,Lazada,jbl headphones 2026,jbl,86.70750000000001,175.93,291.9875,22
L'Oreal Hair Serum Pro,L'Oreal,Beauty,l'oreal-seller-019,44.78,29.55,209,9358.26,3.96,81,2026-04-01,Malaysia,Shopee,l oreal hair serum pro,l oreal,14.785,26.75,42.754999999999995,15
Innisfree Moisturizer 2026,Innisfree,Beauty,innisfree-seller-040,32.89,12.56,194,6380.14,4.32,100,2026-04-01,Vietnam,Shopee,innisfree moisturizer 2026,innisfree,12.77,20.09,29.78,11
Oishi Crackers Max,Oishi,Groceries,oishi-seller-058,29.01,19.74,205,5946.38,4.27,35,2026-04-01,Thailand,Lazada,oishi crackers max,oishi,13.08,16.34,29.01,17
Oishi Green Tea Standard,Oishi,Groceries,oishi-seller-021,19.67,13.18,283,5566.94,4.05,68,2026-04-01,Philippines,Shopee,oishi green tea standard,oishi,7.845000000000001,13.34,23.33,15
JBL Earbuds 2026,JBL,Electronics,jbl-seller-014,347.23,21.39,28,9722.43,4.72,26,2026-04-01,Indonesia,Shopee,jbl earbuds 2026,jbl,90.44,253.53,317.4,17
Innisfree Clay Mask Pro,Innisfree,Beauty,innisfree-seller-029,38.57,9.17,184,7096.2,4.34,219,2026-04-01,Indonesia,Shopee,innisfree clay mask pro,innisfree,26.12,28.18,37.05,11
LocknLock Water Bottle Standard,LocknLock,Home & Living,locknlock-seller-026,17.28,6.49,174,3006.55,4.53,28,2026-04-01,Indonesia,Shopee,locknlock water bottle standard,locknlock,53.182500000000005,92.315,120.7775,14
JBL Bluetooth Speaker Standard,JBL,Electronics,jbl-seller-048,362.71,9.85,21,7616.89,4.61,529,2026-04-01,Singapore,Shopee,jbl bluetooth speaker standard,jbl,81.13,245.5,350.865,11
Innisfree Moisturizer,Innisfree,Beauty,innisfree-seller-037,5.39,22.57,450,2423.68,4.43,13,2026-04-01,Indonesia,Lazada,innisfree moisturizer,innisfree,14.915,21.92,34.74,14
Philips Air Fryer Pro,Philips,Home & Living,philips-seller-045,125.54,8.11,50,6277.01,4.03,38,2026-04-01,Philippines,Shopee,philips air fryer pro,philips,55.33,114.77,125.54,17
Logitech Webcam Mini,Logitech,Accessories,logitech-seller-008,45.63,17.49,117,5338.62,4.71,212,2026-04-01,Vietnam,Lazada,logitech webcam mini,logitech,48.480000000000004,55.075,62.019999999999996,12
Samsung SSD Plus,Samsung,Electronics,samsung-seller-023,31.22,8.34,108,3371.74,4.31,260,2026-04-01,Malaysia,Shopee,samsung ssd plus,samsung,158.71,175.85,292.3,17
Baseus Phone Holder 2026,Baseus,Accessories,baseus-seller-038,55.71,17.94,104,5793.47,4.82,103,2026-04-01,Vietnam,Lazada,baseus phone holder 2026,baseus,48.480000000000004,55.075,62.019999999999996,12
L'Oreal Shampoo Standard,L'Oreal,Beauty,l'oreal-seller-035,8.94,0.12,321,2871.19,4.76,746,2026-04-01,Indonesia,Shopee,l oreal shampoo standard,l oreal,26.12,28.18,37.05,11
LocknLock Water Bottle Plus,LocknLock,Home & Living,locknlock-seller-021,162.83,11.28,51,8304.17,4.79,7,2026-04-01,Singapore,Shopee,locknlock water bottle plus,locknlock,73.4575,107.11,153.76000000000002,14
Innisfree Clay Mask Max,Innisfree,Beauty,innisfree-seller-055,35.69,14.3,173,6174.98,4.04,253,2026-04-01,Indonesia,Shopee,innisfree clay mask max,innisfree,26.12,28.18,37.05,11
JBL Bluetooth Speaker Pro,JBL,Electronics,jbl-seller-023,387.58,25.24,18,6976.42,4.73,592,2026-04-01,Singapore,Lazada,jbl bluetooth speaker pro,jbl,222.64,328.485,391.44,12
Samsung SSD 2026,Samsung,Electronics,samsung-seller-047,244.35,28.8,32,7819.32,4.54,1980,2026-04-01,Malaysia,Lazada,samsung ssd 2026,samsung,117.225,214.85,296.595,20
JBL Bluetooth Speaker,JBL,Electronics,jbl-seller-047,403.02,6.42,16,6448.25,4.41,41,2026-04-01,Singapore,Lazada,jbl bluetooth speaker,jbl,222.64,328.485,391.44,12
Kikkoman Soy Sauce 2026,Kikkoman,Groceries,kikkoman-seller-014,30.1,7.92,199,5989.75,4.58,218,2026-04-01,Singapore,Lazada,kikkoman soy sauce 2026,kikkoman,7.1,13.97,30.245,11
LocknLock Water Bottle Mini,LocknLock,Home & Living,locknlock-seller-049,41.83,13.06,93,3889.78,4.37,61,2026-04-01,Malaysia,Lazada,locknlock water bottle mini,locknlock,45.269999999999996,71.96,94.965,11
Anker Power Bank Pro,Anker,Accessories,anker-seller-027,23.45,5.27,210,4924.54,4.63,97,2026-04-01,Singapore,Shopee,anker power bank pro,anker,34.295,53.8,78.235,11
IKEA Desk Lamp 2026,IKEA,Home & Living,ikea-seller-054,19.81,22.64,140,2773.27,4.66,552,2026-04-01,Thailand,Lazada,ikea desk lamp 2026,ikea,58.5525,111.28999999999999,145.91,12
LocknLock Water Bottle,LocknLock,Home & Living,locknlock-seller-053,98.44,5.32,67,6595.72,5.0,1796,2026-04-01,Singapore,Lazada,locknlock water bottle,locknlock,53.24,98.44,172.14,13
Samsung Tablet Plus,Samsung,Electronics,samsung-seller-015,315.99,17.35,21,6635.86,4.95,159,2026-04-01,Malaysia,Lazada,samsung tablet plus,samsung,117.225,214.85,296.595,20
Nestle Cereal Max,Nestle,Groceries,nestle-seller-054,9.84,11.55,403,3964.6,4.42,745,2026-04-01,Vietnam,Shopee,nestle cereal max,nestle,12.254999999999999,15.1,20.215,11
Baseus Phone Holder Pro,Baseus,Accessories,baseus-seller-027,74.6,21.88,94,7012.67,4.37,2461,2026-04-01,Philippines,Lazada,baseus phone holder pro,baseus,31.35,49.355000000000004,69.3025,20
Oishi Green Tea,Oishi,Groceries,oishi-seller-018,5.53,4.39,425,2349.66,3.45,125,2026-04-01,Thailand,Lazada,oishi green tea,oishi,13.08,16.34,29.01,17
Philips Air Fryer Mini,Philips,Home & Living,philips-seller-031,100.01,7.42,72,7200.49,5.0,39,2026-04-01,Singapore,Shopee,philips air fryer mini,philips,73.4575,107.11,153.76000000000002,14
Maybelline Lip Tint Plus,Maybelline,Beauty,maybelline-seller-045,23.74,0.77,187,4438.58,4.52,2219,2026-04-01,Indonesia,Lazada,maybelline lip tint plus,maybelline,14.915,21.92,34.74,14
Philips Desk Fan Standard,Philips,Home & Living,philips-seller-055,34.87,4.35,113,3940.06,4.46,231,2026-04-01,Vietnam,Lazada,philips desk fan standard,philips,36.775,72.83500000000001,138.975,14
IKEA Desk Lamp Pro,IKEA,Home & Living,ikea-seller-030,121.37,6.35,54,6554.25,4.1,164,2026-04-01,Malaysia,Shopee,ikea desk lamp pro,ikea,30.2425,42.25,76.165,6
L'Oreal Shampoo Pro,L'Oreal,Beauty,l'oreal-seller-024,12.88,6.99,293,3773.65,4.63,159,2026-04-01,Philippines,Shopee,l oreal shampoo pro,l oreal,18.2,27.58,35.63,9
Anker Charging Cable Mini,Anker,Accessories,anker-seller-041,59.8,13.2,103,6159.21,4.02,490,2026-04-01,Singapore,Lazada,anker charging cable mini,anker,32.195,54.19,72.345,11
Oishi Crackers,Oishi,Groceries,oishi-seller-011,28.21,15.19,243,6854.65,4.34,292,2026-04-01,Vietnam,Shopee,oishi crackers,oishi,12.254999999999999,15.1,20.215,11
Maybelline Foundation Pro,Maybelline,Beauty,maybelline-seller-044,19.89,21.09,239,4754.7,4.68,735,2026-04-01,Indonesia,Lazada,maybelline foundation pro,maybelline,14.915,21.92,34.74,14
Baseus Phone Holder Pro,Baseus,Accessories,baseus-seller-053,70.15,0.0,78,5471.98,4.51,24,2026-04-01,Philippines,Lazada,baseus phone holder pro,baseus,31.35,49.355000000000004,69.3025,20
Kikkoman Teriyaki Sauce Pro,Kikkoman,Groceries,kikkoman-seller-050,36.53,7.83,171,6246.88,4.18,409,2026-04-01,Thailand,Shopee,kikkoman teriyaki sauce pro,kikkoman,8.635,15.62,26.814999999999998,11
L'Oreal Shampoo 2026,L'Oreal,Beauty,l'oreal-seller-010,63.75,10.6,93,5928.4,4.93,149,2026-04-01,Singapore,Lazada,l oreal shampoo 2026,l oreal,31.064999999999998,51.18,58.44,12
Kikkoman Soy Sauce Plus,Kikkoman,Groceries,kikkoman-seller-030,24.3,13.33,262,6366.06,3.71,65,2026-04-01,Indonesia,Shopee,kikkoman soy sauce plus,kikkoman,15.4875,22.479999999999997,24.615,14
Oishi Snack Mix Pro,Oishi,Groceries,oishi-seller-020,15.1,11.6,361,5452.41,5.0,95,2026-04-01,Vietnam,Shopee,oishi snack mix pro,oishi,12.254999999999999,15.1,20.215,11
Nestle Chocolate Drink Mini,Nestle,Groceries,nestle-seller-049,14.22,1.85,270,3839.42,4.24,122,2026-04-01,Philippines,Lazada,nestle chocolate drink mini,nestle,12.06,20.37,26.03,11
L'Oreal Face Wash,L'Oreal,Beauty,l'oreal-seller-008,31.1,28.2,245,7620.26,4.4,126,2026-04-01,Malaysia,Shopee,l oreal face wash,l oreal,14.785,26.75,42.754999999999995,15
Kikkoman Soy Sauce Pro,Kikkoman,Groceries,kikkoman-seller-009,38.98,4.43,217,8457.59,4.49,207,2026-04-01,Thailand,Shopee,kikkoman soy sauce pro,kikkoman,8.635,15.62,26.814999999999998,11
Anker Power Bank,Anker,Accessories,anker-seller-051,82.04,10.29,92,7547.71,3.92,3486,2026-04-01,Thailand,Shopee,anker power bank,anker,34.805,68.69,79.66499999999999,15
Anker Charging Cable Standard,Anker,Accessories,anker-seller-013,17.68,14.77,236,4172.07,4.33,61,2026-04-01,Vietnam,Shopee,anker charging cable standard,anker,12.4725,19.505,41.24,14
Philips LED Bulb Plus,Philips,Home & Living,philips-seller-008,85.29,17.46,84,7164.76,4.26,180,2026-04-01,Vietnam,Shopee,philips led bulb plus,philips,30.745,85.29,123.395,15
Anker Power Bank Standard,Anker,Accessories,anker-seller-049,63.5,0.0,92,5842.18,4.87,93,2026-04-01,Malaysia,Shopee,anker power bank standard,anker,27.97,38.81,60.3575,18
IKEA Kitchen Organizer 2026,IKEA,Home & Living,ikea-seller-012,30.94,14.25,155,4795.26,4.37,5,2026-04-01,Vietnam,Shopee,ikea kitchen organizer 2026,ikea,30.745,85.29,123.395,15
Logitech Wireless Mouse,Logitech,Accessories,logitech-seller-048,48.87,17.78,128,6255.87,4.29,129,2026-04-01,Philippines,Lazada,logitech wireless mouse,logitech,31.35,49.355000000000004,69.3025,20
L'Oreal Face Wash,L'Oreal,Beauty,l'oreal-seller-047,10.07,14.47,293,2951.77,4.96,87,2026-04-01,Malaysia,Lazada,l oreal face wash,l oreal,17.525000000000002,28.17,42.207499999999996,14
Philips LED Bulb Standard,Philips,Home & Living,philips-seller-053,102.16,9.98,58,5925.11,3.42,212,2026-04-01,Indonesia,Shopee,philips led bulb standard,philips,53.182500000000005,92.315,120.7775,14
IKEA Kitchen Organizer 2026,IKEA,Home & Living,ikea-seller-019,133.55,17.23,53,7078.34,4.2,415,2026-04-01,Indonesia,Shopee,ikea kitchen organizer 2026,ikea,53.182500000000005,92.315,120.7775,14
Logitech Webcam,Logitech,Accessories,logitech-seller-046,82.03,19.99,87,7136.28,4.78,1795,2026-04-01,Thailand,Shopee,logitech webcam,logitech,34.805,68.69,79.66499999999999,15
IKEA Storage Box Max,IKEA,Home & Living,ikea-seller-007,104.65,29.66,59,6174.16,4.1,142,2026-04-01,Singapore,Lazada,ikea storage box max,ikea,53.24,98.44,172.14,13
JBL Bluetooth Speaker Mini,JBL,Electronics,jbl-seller-015,118.13,0.0,39,4607.12,4.17,224,2026-04-01,Thailand,Lazada,jbl bluetooth speaker mini,jbl,109.14,299.55,349.145,15
L'Oreal Hair Serum Standard,L'Oreal,Beauty,l'oreal-seller-034,20.29,10.84,221,4483.71,4.74,432,2026-04-01,Singapore,Shopee,l oreal hair serum standard,l oreal,18.285,30.27,37.714999999999996,8
Maybelline Foundation Mini,Maybelline,Beauty,maybelline-seller-047,33.23,1.34,155,5151.16,3.97,473,2026-04-01,Thailand,Lazada,maybelline foundation mini,maybelline,26.8,29.83,33.545,11
Innisfree Clay Mask Plus,Innisfree,Beauty,innisfree-seller-019,20.09,13.99,255,5122.85,4.63,66,2026-04-01,Vietnam,Shopee,innisfree clay mask plus,innisfree,12.77,20.09,29.78,11
Xiaomi Router Plus,Xiaomi,Electronics,xiaomi-seller-019,220.72,0.0,27,5959.43,3.83,74,2026-04-01,Singapore,Lazada,xiaomi router plus,xiaomi,222.64,328.485,391.44,12
Anker Power Bank Pro,Anker,Accessories,anker-seller-012,80.06,24.29,132,10567.32,4.45,1656,2026-04-01,Singapore,Shopee,anker power bank pro,anker,34.295,53.8,78.235,11
Anker Charging Cable Mini,Anker,Accessories,anker-seller-043,37.79,1.2,117,4420.86,4.56,91,2026-04-01,Vietnam,Lazada,anker charging cable mini,anker,48.480000000000004,55.075,62.019999999999996,12
Logitech Mechanical Keyboard Plus,Logitech,Accessories,logitech-seller-045,72.24,0.0,99,7151.57,4.96,77,2026-04-01,Philippines,Shopee,logitech mechanical keyboard plus,logitech,18.205,38.7,57.4075,14
Oishi Snack Mix 2026,Oishi,Groceries,oishi-seller-022,28.2,14.15,243,6853.76,4.37,1166,2026-04-01,Indonesia,Shopee,oishi snack mix 2026,oishi,15.4875,22.479999999999997,24.615,14
Logitech Mechanical Keyboard Max,Logitech,Accessories,logitech-seller-032,39.46,6.01,111,4380.32,4.91,364,2026-04-01,Thailand,Lazada,logitech mechanical keyboard max,logitech,31.4525,51.605000000000004,61.36,18
JBL Earbuds Max,JBL,Electronics,jbl-seller-039,353.02,20.46,23,8119.57,4.36,93,2026-04-01,Malaysia,Lazada,jbl earbuds max,jbl,117.225,214.85,296.595,20
LocknLock Water Bottle,LocknLock,Home & Living,locknlock-seller-030,95.24,17.89,60,5714.23,4.91,69,2026-04-01,Singapore,Lazada,locknlock water bottle,locknlock,53.24,98.44,172.14,13
Innisfree Moisturizer 2026,Innisfree,Beauty,innisfree-seller-041,27.83,19.56,219,6094.63,4.6,43,2026-04-01,Vietnam,Shopee,innisfree moisturizer 2026,innisfree,12.77,20.09,29.78,11
Baseus USB-C Cable,Baseus,Accessories,baseus-seller-005,67.8,11.07,120,8135.87,5.0,214,2026-04-01,Thailand,Shopee,baseus usb c cable,baseus,34.805,68.69,79.66499999999999,15
Nestle Chocolate Drink Max,Nestle,Groceries,nestle-seller-021,29.57,20.26,263,7777.02,5.0,83,2026-04-01,Singapore,Shopee,nestle chocolate drink max,nestle,24.235,27.73,35.86,8
Philips LED Bulb,Philips,Home & Living,philips-seller-005,150.89,7.27,32,4828.41,3.91,57,2026-04-01,Thailand,Lazada,philips led bulb,philips,58.5525,111.28999999999999,145.91,12
Xiaomi Bluetooth Speaker Max,Xiaomi,Electronics,xiaomi-seller-032,235.39,5.19,32,7532.57,4.85,373,2026-04-01,Philippines,Lazada,xiaomi bluetooth speaker max,xiaomi,144.9275,225.20499999999998,331.09000000000003,26
LocknLock Lunch Box Mini,LocknLock,Home & Living,locknlock-seller-002,181.94,17.91,41,7459.68,4.47,35,2026-04-01,Singapore,Lazada,locknlock lunch box mini,locknlock,53.24,98.44,172.14,13
Anker Charging Cable Pro,Anker,Accessories,anker-seller-055,49.43,25.3,139,6870.78,4.49,110,2026-04-01,Vietnam,Lazada,anker charging cable pro,anker,48.480000000000004,55.075,62.019999999999996,12
Nestle Cereal 2026,Nestle,Groceries,nestle-seller-020,32.43,10.63,187,6064.94,4.58,145,2026-04-01,Philippines,Lazada,nestle cereal 2026,nestle,12.06,20.37,26.03,11
Xiaomi Router Max,Xiaomi,Electronics,xiaomi-seller-032,242.23,10.23,27,6540.28,4.58,166,2026-04-01,Philippines,Lazada,xiaomi router max,xiaomi,144.9275,225.20499999999998,331.09000000000003,26
Samsung SSD Mini,Samsung,Electronics,samsung-seller-004,138.97,18.16,27,3752.32,5.0,467,2026-04-01,Philippines,Lazada,samsung ssd mini,samsung,144.9275,225.20499999999998,331.09000000000003,26
Samsung Monitor Mini,Samsung,Electronics,samsung-seller-044,138.68,3.08,26,3605.72,4.48,387,2026-04-01,Singapore,Lazada,samsung monitor mini,samsung,222.64,328.485,391.44,12
L'Oreal Shampoo Mini,L'Oreal,Beauty,l'oreal-seller-003,52.21,15.06,114,5951.39,5.0,197,2026-04-01,Malaysia,Lazada,l oreal shampoo mini,l oreal,17.525000000000002,28.17,42.207499999999996,14
Maybelline Lip Tint Standard,Maybelline,Beauty,maybelline-seller-049,26.42,12.16,172,4544.62,4.39,41,2026-04-01,Thailand,Lazada,maybelline lip tint standard,maybelline,26.8,29.83,33.545,11
Xiaomi Bluetooth Speaker Pro,Xiaomi,Electronics,xiaomi-seller-023,416.14,14.45,15,6242.12,4.58,659,2026-04-01,Philippines,Lazada,xiaomi bluetooth speaker pro,xiaomi,144.9275,225.20499999999998,331.09000000000003,26
Baseus USB-C Cable 2026,Baseus,Accessories,baseus-seller-016,54.19,17.73,139,7532.72,4.05,28,2026-04-01,Singapore,Lazada,baseus usb c cable 2026,baseus,32.195,54.19,72.345,11
IKEA Kitchen Organizer Standard,IKEA,Home & Living,ikea-seller-056,115.97,19.17,55,6378.2,4.87,181,2026-04-01,Philippines,Lazada,ikea kitchen organizer standard,ikea,47.79,70.94,112.47,13
L'Oreal Shampoo Mini,L'Oreal,Beauty,l'oreal-seller-021,15.94,13.46,291,4638.8,4.67,215,2026-04-01,Malaysia,Shopee,l oreal shampoo mini,l oreal,14.785,26.75,42.754999999999995,15
Samsung Tablet Plus,Samsung,Electronics,samsung-seller-018,470.43,0.0,15,7056.38,5.0,19,2026-04-01,Vietnam,Lazada,samsung tablet plus,samsung,198.93,264.24,384.37,13
IKEA Storage Box Plus,IKEA,Home & Living,ikea-seller-037,168.32,1.4,29,4881.29,4.84,43,2026-04-01,Vietnam,Lazada,ikea storage box plus,ikea,36.775,72.83500000000001,138.975,14
IKEA Storage Box Standard,IKEA,Home & Living,ikea-seller-045,47.89,7.92,73,3495.74,4.65,460,2026-04-01,Singapore,Lazada,ikea storage box standard,ikea,53.24,98.44,172.14,13
Innisfree Cleanser,Innisfree,Beauty,innisfree-seller-049,27.58,25.28,211,5819.49,4.41,16,2026-04-01,Philippines,Shopee,innisfree cleanser,innisfree,18.2,27.58,35.63,9
Kikkoman Teriyaki Sauce Pro,Kikkoman,Groceries,kikkoman-seller-028,9.9,13.2,364,3603.03,4.61,187,2026-04-01,Philippines,Lazada,kikkoman teriyaki sauce pro,kikkoman,12.06,20.37,26.03,11
Baseus USB-C Cable Pro,Baseus,Accessories,baseus-seller-017,18.52,10.33,187,3462.55,5.0,663,2026-04-01,Thailand,Lazada,baseus usb c cable pro,baseus,31.4525,51.605000000000004,61.36,18
LocknLock Water Bottle Mini,LocknLock,Home & Living,locknlock-seller-048,22.3,15.63,139,3099.35,4.24,70,2026-04-01,Vietnam,Lazada,locknlock water bottle mini,locknlock,36.775,72.83500000000001,138.975,14
LocknLock Food Container Standard,LocknLock,Home & Living,locknlock-seller-037,87.71,17.41,76,6665.63,3.98,29,2026-04-01,Vietnam,Shopee,locknlock food container standard,locknlock,30.745,85.29,123.395,15
Xiaomi Bluetooth Speaker,Xiaomi,Electronics,xiaomi-seller-005,305.94,8.95,19,5812.79,4.76,797,2026-04-01,Indonesia,Lazada,xiaomi bluetooth speaker,xiaomi,86.70750000000001,175.93,291.9875,22
LocknLock Food Container Max,LocknLock,Home & Living,locknlock-seller-035,112.47,11.39,59,6635.77,4.39,89,2026-04-01,Philippines,Lazada,locknlock food container max,locknlock,47.79,70.94,112.47,13
JBL Earbuds Mini,JBL,Electronics,jbl-seller-033,305.96,1.22,23,7037.03,4.44,142,2026-04-01,Malaysia,Shopee,jbl earbuds mini,jbl,158.71,175.85,292.3,17
Baseus Phone Holder Mini,Baseus,Accessories,baseus-seller-056,53.8,15.4,142,7639.85,4.17,270,2026-04-01,Singapore,Shopee,baseus phone holder mini,baseus,34.295,53.8,78.235,11
Kikkoman Teriyaki Sauce Pro,Kikkoman,Groceries,kikkoman-seller-060,26.21,7.56,218,5712.76,4.2,361,2026-04-01,Thailand,Lazada,kikkoman teriyaki sauce pro,kikkoman,13.08,16.34,29.01,17
Philips Desk Fan Standard,Philips,Home & Living,philips-seller-034,96.24,0.0,56,5389.27,4.31,2749,2026-04-01,Philippines,Lazada,philips desk fan standard,philips,47.79,70.94,112.47,13
Xiaomi Smart Band 2026,Xiaomi,Electronics,xiaomi-seller-048,125.5,5.29,49,6149.48,4.34,302,2026-04-01,Thailand,Lazada,xiaomi smart band 2026,xiaomi,109.14,299.55,349.145,15
JBL Earbuds,JBL,Electronics,jbl-seller-054,455.0,19.69,16,7279.97,4.95,70,2026-04-01,Philippines,Lazada,jbl earbuds,jbl,144.9275,225.20499999999998,331.09000000000003,26
JBL Earbuds Max,JBL,Electronics,jbl-seller-011,77.42,3.87,60,4645.18,3.94,41,2026-04-01,Vietnam,Shopee,jbl earbuds max,jbl,106.94,159.4,286.125,11
Xiaomi Smart Band 2026,Xiaomi,Electronics,xiaomi-seller-013,175.85,7.95,37,6506.35,5.0,73,2026-04-01,Malaysia,Shopee,xiaomi smart band 2026,xiaomi,158.71,175.85,292.3,17
Innisfree Moisturizer Mini,Innisfree,Beauty,innisfree-seller-028,44.87,25.58,172,7717.2,4.67,322,2026-04-01,Vietnam,Shopee,innisfree moisturizer mini,innisfree,12.77,20.09,29.78,11
Oishi Snack Mix 2026,Oishi,Groceries,oishi-seller-002,23.23,6.13,289,6712.66,4.39,149,2026-04-01,Singapore,Shopee,oishi snack mix 2026,oishi,24.235,27.73,35.86,8
IKEA Kitchen Organizer,IKEA,Home & Living,ikea-seller-003,87.23,9.51,60,5233.7,4.08,60,2026-04-01,Malaysia,Lazada,ikea kitchen organizer,ikea,45.269999999999996,71.96,94.965,11
Logitech Wireless Mouse Pro,Logitech,Accessories,logitech-seller-039,50.24,18.31,116,5828.32,4.96,134,2026-04-01,Philippines,Lazada,logitech wireless mouse pro,logitech,31.35,49.355000000000004,69.3025,20
JBL Headphones Max,JBL,Electronics,jbl-seller-057,165.21,13.67,41,6773.56,3.73,151,2026-04-01,Malaysia,Shopee,jbl headphones max,jbl,158.71,175.85,292.3,17
Oishi Green Tea Mini,Oishi,Groceries,oishi-seller-048,12.97,15.85,321,4162.9,4.64,104,2026-04-01,Vietnam,Lazada,oishi green tea mini,oishi,9.8175,14.379999999999999,23.295,18
Philips Desk Fan,Philips,Home & Living,philips-seller-060,57.3,4.1,69,3953.64,3.76,248,2026-04-01,Indonesia,Shopee,philips desk fan,philips,53.182500000000005,92.315,120.7775,14
Xiaomi Smart Band Mini,Xiaomi,Electronics,xiaomi-seller-008,272.94,9.97,24,6550.58,4.38,16,2026-04-01,Indonesia,Lazada,xiaomi smart band mini,xiaomi,86.70750000000001,175.93,291.9875,22
Philips Air Fryer,Philips,Home & Living,philips-seller-048,145.79,10.32,45,6560.42,5.0,20,2026-04-01,Malaysia,Lazada,philips air fryer,philips,45.269999999999996,71.96,94.965,11
Xiaomi Smart Band Standard,Xiaomi,Electronics,xiaomi-seller-012,52.51,7.43,59,3097.86,5.0,22,2026-04-01,Philippines,Shopee,xiaomi smart band standard,xiaomi,79.115,162.70999999999998,219.89,16
JBL Earbuds,JBL,Electronics,jbl-seller-038,117.77,5.9,41,4828.53,5.0,245,2026-04-01,Thailand,Lazada,jbl earbuds,jbl,109.14,299.55,349.145,15
LocknLock Lunch Box Standard,LocknLock,Home & Living,locknlock-seller-021,94.75,0.0,46,4358.42,4.95,105,2026-04-01,Vietnam,Lazada,locknlock lunch box standard,locknlock,36.775,72.83500000000001,138.975,14
Samsung SSD Pro,Samsung,Electronics,samsung-seller-057,294.85,10.67,24,7076.47,4.55,45,2026-04-01,Indonesia,Lazada,samsung ssd pro,samsung,86.70750000000001,175.93,291.9875,22
Samsung Monitor,Samsung,Electronics,samsung-seller-020,299.55,19.31,22,6590.08,4.74,84,2026-04-01,Thailand,Lazada,samsung monitor,samsung,109.14,299.55,349.145,15
Baseus Phone Holder 2026,Baseus,Accessories,baseus-seller-017,68.71,19.69,119,8176.06,4.78,65,2026-04-01,Vietnam,Shopee,baseus phone holder 2026,baseus,12.4725,19.505,41.24,14
Maybelline Lip Tint Pro,Maybelline,Beauty,maybelline-seller-058,48.31,10.46,123,5942.18,4.11,546,2026-04-01,Indonesia,Lazada,maybelline lip tint pro,maybelline,14.915,21.92,34.74,14
IKEA Storage Box Plus,IKEA,Home & Living,ikea-seller-001,117.18,7.07,61,7147.75,5.0,58,2026-04-01,Philippines,Shopee,ikea storage box plus,ikea,55.33,114.77,125.54,17
L'Oreal Shampoo Pro,L'Oreal,Beauty,l'oreal-seller-014,21.4,35.13,226,4835.42,4.83,104,2026-04-01,Singapore,Lazada,l oreal shampoo pro,l oreal,31.064999999999998,51.18,58.44,12
Maybelline Foundation,Maybelline,Beauty,maybelline-seller-003,31.86,16.49,160,5097.6,4.75,125,2026-04-01,Thailand,Lazada,maybelline foundation,maybelline,26.8,29.83,33.545,11
JBL Headphones Plus,JBL,Electronics,jbl-seller-060,370.08,11.33,25,9252.09,4.45,1121,2026-04-01,Malaysia,Shopee,jbl headphones plus,jbl,158.71,175.85,292.3,17
Logitech Webcam Pro,Logitech,Accessories,logitech-seller-033,50.0,18.88,89,4450.02,4.21,65,2026-04-01,Malaysia,Lazada,logitech webcam pro,logitech,26.74,45.61,54.92,9
Samsung Tablet,Samsung,Electronics,samsung-seller-036,432.68,22.19,19,8220.99,4.92,224,2026-04-01,Vietnam,Lazada,samsung tablet,samsung,198.93,264.24,384.37,13
Samsung SSD,Samsung,Electronics,samsung-seller-004,182.55,15.57,31,5658.95,4.7,21,2026-04-01,Philippines,Lazada,samsung ssd,samsung,144.9275,225.20499999999998,331.09000000000003,26
Maybelline Mascara Standard,Maybelline,Beauty,maybelline-seller-011,27.18,13.18,176,4784.09,4.73,189,2026-04-01,Thailand,Lazada,maybelline mascara standard,maybelline,26.8,29.83,33.545,11
Philips Air Fryer,Philips,Home & Living,philips-seller-021,94.52,2.85,64,6049.19,4.15,192,2026-04-01,Thailand,Shopee,philips air fryer,philips,53.765,88.02,126.44,11
Nestle Coffee Max,Nestle,Groceries,nestle-seller-038,3.51,7.3,569,1996.01,4.04,319,2026-04-01,Singapore,Lazada,nestle coffee max,nestle,7.1,13.97,30.245,11
Oishi Snack Mix Pro,Oishi,Groceries,oishi-seller-012,22.42,13.74,244,5469.7,4.24,811,2026-04-01,Malaysia,Lazada,oishi snack mix pro,oishi,23.015,26.015,31.715,10
IKEA Desk Lamp Standard,IKEA,Home & Living,ikea-seller-060,74.76,9.37,68,5083.85,4.94,292,2026-04-01,Singapore,Lazada,ikea desk lamp standard,ikea,53.24,98.44,172.14,13
Anker USB-C Hub Pro,Anker,Accessories,anker-seller-045,19.04,18.57,240,4568.75,4.59,11,2026-04-01,Indonesia,Shopee,anker usb c hub pro,anker,19.685,37.67,56.75,15
Samsung Monitor Mini,Samsung,Electronics,samsung-seller-017,413.72,10.95,21,8688.09,4.65,15,2026-04-01,Thailand,Shopee,samsung monitor mini,samsung,173.70999999999998,290.11,390.29,15
L'Oreal Face Wash Standard,L'Oreal,Beauty,l'oreal-seller-001,10.21,0.0,310,3165.98,5.0,385,2026-04-01,Thailand,Shopee,l oreal face wash standard,l oreal,32.565,39.69,46.95,10
Samsung Monitor Standard,Samsung,Electronics,samsung-seller-015,313.0,6.45,20,6260.05,4.52,107,2026-04-01,Philippines,Lazada,samsung monitor standard,samsung,144.9275,225.20499999999998,331.09000000000003,26
Nestle Cereal Max,Nestle,Groceries,nestle-seller-032,26.49,18.17,264,6993.52,4.67,260,2026-04-01,Philippines,Shopee,nestle cereal max,nestle,7.845000000000001,13.34,23.33,15
Xiaomi Router 2026,Xiaomi,Electronics,xiaomi-seller-053,86.28,23.69,64,5521.65,4.89,31,2026-04-01,Singapore,Shopee,xiaomi router 2026,xiaomi,81.13,245.5,350.865,11
Xiaomi Bluetooth Speaker,Xiaomi,Electronics,xiaomi-seller-010,45.31,0.0,68,3081.32,5.0,185,2026-04-01,Malaysia,Shopee,xiaomi bluetooth speaker,xiaomi,158.71,175.85,292.3,17
L'Oreal Face Wash Plus,L'Oreal,Beauty,l'oreal-seller-059,16.2,0.98,207,3353.52,4.43,584,2026-04-01,Vietnam,Lazada,l oreal face wash plus,l oreal,13.477500000000001,31.494999999999997,45.557500000000005,16
Philips Desk Fan Plus,Philips,Home & Living,philips-seller-006,120.99,2.5,39,4718.8,4.78,1377,2026-04-01,Thailand,Lazada,philips desk fan plus,philips,58.5525,111.28999999999999,145.91,12
Nestle Chocolate Drink Plus,Nestle,Groceries,nestle-seller-044,33.47,6.32,194,6493.14,3.81,89,2026-04-01,Vietnam,Lazada,nestle chocolate drink plus,nestle,9.8175,14.379999999999999,23.295,18
Samsung Tablet Pro,Samsung,Electronics,samsung-seller-005,31.57,22.56,81,2557.02,4.97,103,2026-04-01,Thailand,Lazada,samsung tablet pro,samsung,109.14,299.55,349.145,15
Anker USB-C Hub Plus,Anker,Accessories,anker-seller-059,21.33,21.5,247,5269.13,4.26,37,2026-04-01,Vietnam,Shopee,anker usb c hub plus,anker,12.4725,19.505,41.24,14
Anker Power Bank Mini,Anker,Accessories,anker-seller-025,29.52,12.44,158,4664.95,4.53,25,2026-04-01,Malaysia,Shopee,anker power bank mini,anker,27.97,38.81,60.3575,18
L'Oreal Face Wash Standard,L'Oreal,Beauty,l'oreal-seller-038,42.32,14.65,149,6306.05,4.58,337,2026-04-01,Malaysia,Lazada,l oreal face wash standard,l oreal,17.525000000000002,28.17,42.207499999999996,14
Kikkoman Teriyaki Sauce Pro,Kikkoman,Groceries,kikkoman-seller-057,31.0,18.9,213,6603.04,4.12,463,2026-04-01,Thailand,Lazada,kikkoman teriyaki sauce pro,kikkoman,13.08,16.34,29.01,17
Anker Power Bank Mini,Anker,Accessories,anker-seller-028,22.25,2.04,205,4560.84,4.42,71,2026-04-01,Singapore,Shopee,anker power bank mini,anker,34.295,53.8,78.235,11
Anker USB-C Hub 2026,Anker,Accessories,anker-seller-032,49.42,0.0,117,5782.49,4.68,197,2026-04-01,Thailand,Lazada,anker usb c hub 2026,anker,31.4525,51.605000000000004,61.36,18
JBL Earbuds Mini,JBL,Electronics,jbl-seller-054,125.0,9.7,39,4874.91,4.7,60,2026-04-01,Malaysia,Lazada,jbl earbuds mini,jbl,117.225,214.85,296.595,20
Xiaomi Bluetooth Speaker Max,Xiaomi,Electronics,xiaomi-seller-032,378.99,0.0,16,6063.84,4.28,1370,2026-04-01,Malaysia,Lazada,xiaomi bluetooth speaker max,xiaomi,117.225,214.85,296.595,20
Logitech Wireless Mouse Standard,Logitech,Accessories,logitech-seller-015,37.76,13.06,123,4644.21,3.99,16,2026-04-01,Thailand,Lazada,logitech wireless mouse standard,logitech,31.4525,51.605000000000004,61.36,18
JBL Bluetooth Speaker Max,JBL,Electronics,jbl-seller-030,351.97,14.0,25,8799.23,4.14,261,2026-04-01,Thailand,Shopee,jbl bluetooth speaker max,jbl,173.70999999999998,290.11,390.29,15
Xiaomi Bluetooth Speaker Pro,Xiaomi,Electronics,xiaomi-seller-046,424.31,9.59,16,6789.0,4.71,99,2026-04-01,Singapore,Shopee,xiaomi bluetooth speaker pro,xiaomi,81.13,245.5,350.865,11
JBL Bluetooth Speaker,JBL,Electronics,jbl-seller-047,99.21,24.34,55,5456.68,4.1,28,2026-04-01,Indonesia,Lazada,jbl bluetooth speaker,jbl,86.70750000000001,175.93,291.9875,22
L'Oreal Shampoo,L'Oreal,Beauty,l'oreal-seller-019,43.4,10.97,185,8028.26,4.53,108,2026-04-01,Thailand,Shopee,l oreal shampoo,l oreal,32.565,39.69,46.95,10
LocknLock Lunch Box Max,LocknLock,Home & Living,locknlock-seller-038,55.24,0.0,99,5468.62,5.0,85,2026-04-01,Thailand,Shopee,locknlock lunch box max,locknlock,53.765,88.02,126.44,11
Philips LED Bulb Plus,Philips,Home & Living,philips-seller-059,40.26,13.71,102,4107.01,4.21,179,2026-04-01,Thailand,Shopee,philips led bulb plus,philips,53.765,88.02,126.44,11
Samsung SSD Pro,Samsung,Electronics,samsung-seller-002,159.4,15.18,37,5897.77,4.27,422,2026-04-01,Vietnam,Shopee,samsung ssd pro,samsung,106.94,159.4,286.125,11
JBL Headphones Standard,JBL,Electronics,jbl-seller-054,292.3,18.61,16,4676.83,5.0,237,2026-04-01,Malaysia,Shopee,jbl headphones standard,jbl,158.71,175.85,292.3,17
Logitech Mechanical Keyboard,Logitech,Accessories,logitech-seller-046,42.36,5.22,127,5379.24,4.43,27,2026-04-01,Malaysia,Shopee,logitech mechanical keyboard,logitech,27.97,38.81,60.3575,18
Samsung Monitor Mini,Samsung,Electronics,samsung-seller-043,72.9,13.41,50,3644.89,4.56,45,2026-04-01,Philippines,Lazada,samsung monitor mini,samsung,144.9275,225.20499999999998,331.09000000000003,26
Baseus Phone Holder Plus,Baseus,Accessories,baseus-seller-021,78.98,22.82,116,9161.5,3.82,67,2026-04-01,Vietnam,Lazada,baseus phone holder plus,baseus,48.480000000000004,55.075,62.019999999999996,12
Oishi Crackers Pro,Oishi,Groceries,oishi-seller-021,21.07,14.78,315,6638.31,4.2,124,2026-04-01,Philippines,Shopee,oishi crackers pro,oishi,7.845000000000001,13.34,23.33,15
Philips Air Fryer Standard,Philips,Home & Living,philips-seller-026,126.91,16.12,54,6853.22,3.92,318,2026-04-01,Vietnam,Shopee,philips air fryer standard,philips,30.745,85.29,123.395,15
Nestle Coffee Standard,Nestle,Groceries,nestle-seller-055,14.37,9.14,334,4801.0,4.88,103,2026-04-01,Malaysia,Shopee,nestle coffee standard,nestle,17.182499999999997,22.865000000000002,30.43,10
JBL Earbuds Max,JBL,Electronics,jbl-seller-049,434.67,9.6,22,9562.74,4.45,500,2026-04-01,Thailand,Shopee,jbl earbuds max,jbl,173.70999999999998,290.11,390.29,15
Anker Charging Cable,Anker,Accessories,anker-seller-028,16.73,23.94,279,4667.3,4.41,876,2026-04-01,Philippines,Shopee,anker charging cable,anker,18.205,38.7,57.4075,14
IKEA Storage Box Max,IKEA,Home & Living,ikea-seller-007,43.55,24.84,98,4267.69,4.81,69,2026-04-01,Philippines,Lazada,ikea storage box max,ikea,47.79,70.94,112.47,13
JBL Earbuds Plus,JBL,Electronics,jbl-seller-018,218.81,25.33,35,7658.4,4.31,71,2026-04-01,Malaysia,Shopee,jbl earbuds plus,jbl,158.71,175.85,292.3,17
Anker Charging Cable Mini,Anker,Accessories,anker-seller-012,44.56,19.78,124,5525.18,4.34,144,2026-04-01,Indonesia,Lazada,anker charging cable mini,anker,34.17,44.72,54.65,13
Logitech Webcam Pro,Logitech,Accessories,logitech-seller-030,25.07,24.71,191,4788.27,4.31,388,2026-04-01,Singapore,Lazada,logitech webcam pro,logitech,32.195,54.19,72.345,11
Nestle Chocolate Drink Max,Nestle,Groceries,nestle-seller-042,11.65,13.19,389,4531.44,4.91,127,2026-04-01,Philippines,Shopee,nestle chocolate drink max,nestle,7.845000000000001,13.34,23.33,15
Innisfree Moisturizer Standard,Innisfree,Beauty,innisfree-seller-059,33.65,1.61,156,5248.81,3.67,177,2026-04-01,Indonesia,Shopee,innisfree moisturizer standard,innisfree,26.12,28.18,37.05,11
Oishi Crackers Pro,Oishi,Groceries,oishi-seller-054,5.33,5.02,426,2272.64,4.71,114,2026-04-01,Singapore,Lazada,oishi crackers pro,oishi,7.1,13.97,30.245,11
Maybelline Mascara Mini,Maybelline,Beauty,maybelline-seller-005,29.72,19.05,195,5794.9,4.57,341,2026-04-01,Thailand,Lazada,maybelline mascara mini,maybelline,26.8,29.83,33.545,11
LocknLock Food Container Standard,LocknLock,Home & Living,locknlock-seller-030,20.79,11.11,159,3306.01,4.61,156,2026-04-01,Vietnam,Shopee,locknlock food container standard,locknlock,30.745,85.29,123.395,15
Innisfree Cleanser Standard,Innisfree,Beauty,innisfree-seller-050,32.12,11.94,155,4979.35,4.63,211,2026-04-01,Philippines,Lazada,innisfree cleanser standard,innisfree,14.325,27.92,40.269999999999996,11
Baseus Phone Holder Plus,Baseus,Accessories,baseus-seller-012,20.33,0.0,212,4310.25,4.45,139,2026-04-01,Indonesia,Shopee,baseus phone holder plus,baseus,19.685,37.67,56.75,15
Logitech Mechanical Keyboard Max,Logitech,Accessories,logitech-seller-020,53.79,9.32,120,6455.28,3.94,64,2026-04-01,Thailand,Lazada,logitech mechanical keyboard max,logitech,31.4525,51.605000000000004,61.36,18
Samsung Monitor Pro,Samsung,Electronics,samsung-seller-059,132.02,6.41,17,2244.38,4.99,35,2026-04-01,Malaysia,Lazada,samsung monitor pro,samsung,117.225,214.85,296.595,20
Oishi Crackers Mini,Oishi,Groceries,oishi-seller-017,26.59,9.06,254,6753.74,4.24,295,2026-04-01,Thailand,Shopee,oishi crackers mini,oishi,8.635,15.62,26.814999999999998,11
Samsung SSD Standard,Samsung,Electronics,samsung-seller-026,165.0,21.31,42,6929.88,4.93,12,2026-04-01,Philippines,Shopee,samsung ssd standard,samsung,79.115,162.70999999999998,219.89,16
Kikkoman Teriyaki Sauce Plus,Kikkoman,Groceries,kikkoman-seller-045,14.04,0.0,353,4956.34,4.51,1019,2026-04-01,Vietnam,Shopee,kikkoman teriyaki sauce plus,kikkoman,12.254999999999999,15.1,20.215,11
Maybelline Lip Tint Pro,Maybelline,Beauty,maybelline-seller-045,31.58,23.64,177,5589.85,4.32,161,2026-04-01,Singapore,Lazada,maybelline lip tint pro,maybelline,31.064999999999998,51.18,58.44,12
L'Oreal Shampoo 2026,L'Oreal,Beauty,l'oreal-seller-001,58.7,9.22,116,6809.24,4.15,690,2026-04-01,Philippines,Lazada,l oreal shampoo 2026,l oreal,14.325,27.92,40.269999999999996,11
Baseus USB-C Cable,Baseus,Accessories,baseus-seller-002,71.56,4.26,106,7585.34,4.44,129,2026-04-01,Thailand,Shopee,baseus usb c cable,baseus,34.805,68.69,79.66499999999999,15
Kikkoman Soy Sauce Plus,Kikkoman,Groceries,kikkoman-seller-054,16.09,23.03,312,5020.82,4.2,98,2026-04-01,Thailand,Lazada,kikkoman soy sauce plus,kikkoman,13.08,16.34,29.01,17
Anker Charging Cable 2026,Anker,Accessories,anker-seller-031,57.87,6.17,130,7523.09,4.4,210,2026-04-01,Philippines,Shopee,anker charging cable 2026,anker,18.205,38.7,57.4075,14
Logitech Wireless Mouse Max,Logitech,Accessories,logitech-seller-045,76.41,9.41,107,8175.36,4.56,442,2026-04-01,Singapore,Shopee,logitech wireless mouse max,logitech,34.295,53.8,78.235,11
Xiaomi Bluetooth Speaker Mini,Xiaomi,Electronics,xiaomi-seller-016,473.08,10.18,16,7569.33,3.57,41,2026-04-01,Singapore,Lazada,xiaomi bluetooth speaker mini,xiaomi,222.64,328.485,391.44,12
LocknLock Water Bottle Pro,LocknLock,Home & Living,locknlock-seller-001,165.54,12.52,49,8111.53,4.75,55,2026-04-01,Thailand,Lazada,locknlock water bottle pro,locknlock,58.5525,111.28999999999999,145.91,12
JBL Headphones Mini,JBL,Electronics,jbl-seller-039,308.87,13.57,28,8648.45,4.5,170,2026-04-01,Vietnam,Lazada,jbl headphones mini,jbl,198.93,264.24,384.37,13
Anker Charging Cable Plus,Anker,Accessories,anker-seller-033,24.64,20.4,155,3818.86,4.34,385,2026-04-01,Philippines,Lazada,anker charging cable plus,anker,31.35,49.355000000000004,69.3025,20
Kikkoman Soy Sauce Mini,Kikkoman,Groceries,kikkoman-seller-002,9.97,11.08,322,3209.86,4.88,63,2026-04-01,Indonesia,Lazada,kikkoman soy sauce mini,kikkoman,8.790000000000001,15.085,23.88,8
IKEA Storage Box Max,IKEA,Home & Living,ikea-seller-027,196.39,16.6,50,9819.75,4.45,85,2026-04-01,Singapore,Lazada,ikea storage box max,ikea,53.24,98.44,172.14,13
Samsung Tablet Pro,Samsung,Electronics,samsung-seller-029,339.02,26.14,36,12204.55,4.44,1624,2026-04-01,Singapore,Shopee,samsung tablet pro,samsung,81.13,245.5,350.865,11
Logitech Mechanical Keyboard Max,Logitech,Accessories,logitech-seller-013,28.68,14.74,143,4100.71,4.17,156,2026-04-01,Philippines,Lazada,logitech mechanical keyboard max,logitech,31.35,49.355000000000004,69.3025,20
Xiaomi Router 2026,Xiaomi,Electronics,xiaomi-seller-038,223.28,21.6,23,5135.33,4.34,603,2026-04-01,Singapore,Lazada,xiaomi router 2026,xiaomi,222.64,328.485,391.44,12
Philips Desk Fan Plus,Philips,Home & Living,philips-seller-009,66.14,14.67,88,5820.53,4.49,137,2026-04-01,Philippines,Lazada,philips desk fan plus,philips,47.79,70.94,112.47,13
Samsung Tablet Max,Samsung,Electronics,samsung-seller-024,261.95,10.95,23,6024.94,3.8,117,2026-04-01,Malaysia,Lazada,samsung tablet max,samsung,117.225,214.85,296.595,20
IKEA Storage Box Max,IKEA,Home & Living,ikea-seller-048,189.24,14.77,51,9651.44,4.2,23,2026-04-01,Singapore,Shopee,ikea storage box max,ikea,73.4575,107.11,153.76000000000002,14
Oishi Green Tea 2026,Oishi,Groceries,oishi-seller-039,18.14,11.72,268,4862.05,4.46,684,2026-04-01,Vietnam,Lazada,oishi green tea 2026,oishi,9.8175,14.379999999999999,23.295,18
JBL Earbuds 2026,JBL,Electronics,jbl-seller-014,75.98,0.0,39,2963.41,4.92,16,2026-04-01,Singapore,Shopee,jbl earbuds 2026,jbl,81.13,245.5,350.865,11
Anker Charging Cable Pro,Anker,Accessories,anker-seller-044,71.99,13.04,121,8711.22,4.82,88,2026-04-01,Indonesia,Shopee,anker charging cable pro,anker,19.685,37.67,56.75,15
IKEA Desk Lamp Pro,IKEA,Home & Living,ikea-seller-028,71.03,14.15,60,4261.64,4.23,90,2026-04-01,Thailand,Shopee,ikea desk lamp pro,ikea,53.765,88.02,126.44,11
Baseus USB-C Cable Plus,Baseus,Accessories,baseus-seller-017,30.49,30.26,193,5884.48,4.36,84,2026-04-01,Vietnam,Shopee,baseus usb c cable plus,baseus,12.4725,19.505,41.24,14
Baseus Laptop Stand 2026,Baseus,Accessories,baseus-seller-055,26.74,17.23,157,4197.57,4.57,126,2026-04-01,Malaysia,Lazada,baseus laptop stand 2026,baseus,26.74,45.61,54.92,9
Anker Charging Cable,Anker,Accessories,anker-seller-049,30.32,15.05,175,5305.53,4.5,199,2026-04-01,Philippines,Shopee,anker charging cable,anker,18.205,38.7,57.4075,14
Philips LED Bulb,Philips,Home & Living,philips-seller-036,148.77,3.15,42,6248.33,4.45,59,2026-04-01,Vietnam,Shopee,philips led bulb,philips,30.745,85.29,123.395,15
Kikkoman Soy Sauce,Kikkoman,Groceries,kikkoman-seller-014,36.28,14.35,217,7872.52,4.67,63,2026-04-01,Vietnam,Shopee,kikkoman soy sauce,kikkoman,12.254999999999999,15.1,20.215,11
Maybelline Foundation,Maybelline,Beauty,maybelline-seller-033,25.72,8.2,194,4990.37,4.26,39,2026-04-01,Malaysia,Shopee,maybelline foundation,maybelline,14.785,26.75,42.754999999999995,15
Kikkoman Teriyaki Sauce Pro,Kikkoman,Groceries,kikkoman-seller-053,25.89,26.62,306,7921.24,4.1,94,2026-04-01,Singapore,Shopee,kikkoman teriyaki sauce pro,kikkoman,24.235,27.73,35.86,8
Nestle Cereal,Nestle,Groceries,nestle-seller-050,5.24,17.39,587,3075.23,4.46,14,2026-04-01,Thailand,Shopee,nestle cereal,nestle,8.635,15.62,26.814999999999998,11
JBL Earbuds Mini,JBL,Electronics,jbl-seller-011,322.97,19.27,26,8397.28,4.2,35,2026-04-01,Vietnam,Shopee,jbl earbuds mini,jbl,106.94,159.4,286.125,11
Maybelline Foundation Pro,Maybelline,Beauty,maybelline-seller-041,52.42,15.18,129,6762.26,4.39,102,2026-04-01,Vietnam,Lazada,maybelline foundation pro,maybelline,13.477500000000001,31.494999999999997,45.557500000000005,16
Kikkoman Teriyaki Sauce,Kikkoman,Groceries,kikkoman-seller-015,25.59,1.28,236,6038.29,5.0,154,2026-04-01,Philippines,Shopee,kikkoman teriyaki sauce,kikkoman,7.845000000000001,13.34,23.33,15
JBL Earbuds,JBL,Electronics,jbl-seller-034,66.53,15.26,48,3193.46,5.0,44,2026-04-01,Thailand,Lazada,jbl earbuds,jbl,109.14,299.55,349.145,15
Anker USB-C Hub,Anker,Accessories,anker-seller-001,6.67,8.62,303,2021.71,4.29,93,2026-04-01,Philippines,Lazada,anker usb c hub,anker,31.35,49.355000000000004,69.3025,20
Anker Charging Cable Plus,Anker,Accessories,anker-seller-050,59.22,0.0,115,6809.87,4.9,457,2026-04-01,Philippines,Shopee,anker charging cable plus,anker,18.205,38.7,57.4075,14
Anker USB-C Hub Max,Anker,Accessories,anker-seller-060,64.12,26.91,99,6347.6,4.93,266,2026-04-01,Thailand,Lazada,anker usb c hub max,anker,31.4525,51.605000000000004,61.36,18
IKEA Kitchen Organizer Max,IKEA,Home & Living,ikea-seller-052,140.49,0.0,43,6041.03,4.45,44,2026-04-01,Philippines,Shopee,ikea kitchen organizer max,ikea,55.33,114.77,125.54,17
JBL Headphones Max,JBL,Electronics,jbl-seller-036,190.68,7.36,28,5338.97,4.38,69,2026-04-01,Philippines,Lazada,jbl headphones max,jbl,144.9275,225.20499999999998,331.09000000000003,26
L'Oreal Hair Serum Mini,L'Oreal,Beauty,l'oreal-seller-040,14.79,20.6,259,3829.64,4.63,307,2026-04-01,Malaysia,Lazada,l oreal hair serum mini,l oreal,17.525000000000002,28.17,42.207499999999996,14
Samsung SSD Mini,Samsung,Electronics,samsung-seller-040,358.53,1.84,22,7887.75,4.53,74,2026-04-01,Thailand,Lazada,samsung ssd mini,samsung,109.14,299.55,349.145,15
Maybelline Foundation,Maybelline,Beauty,maybelline-seller-013,45.34,12.62,117,5304.81,5.0,253,2026-04-01,Indonesia,Lazada,maybelline foundation,maybelline,14.915,21.92,34.74,14
Baseus Laptop Stand Plus,Baseus,Accessories,baseus-seller-047,7.67,13.8,384,2943.67,4.35,473,2026-04-01,Malaysia,Shopee,baseus laptop stand plus,baseus,27.97,38.81,60.3575,18
Philips Air Fryer 2026,Philips,Home & Living,philips-seller-006,114.77,13.35,72,8263.12,3.79,264,2026-04-01,Philippines,Shopee,philips air fryer 2026,philips,55.33,114.77,125.54,17
LocknLock Lunch Box 2026,LocknLock,Home & Living,locknlock-seller-002,141.07,10.64,49,6912.46,3.97,44,2026-04-01,Indonesia,Lazada,locknlock lunch box 2026,locknlock,71.62,88.91,119.465,7
Nestle Chocolate Drink Plus,Nestle,Groceries,nestle-seller-033,32.07,22.68,209,6703.41,4.89,231,2026-04-01,Vietnam,Lazada,nestle chocolate drink plus,nestle,9.8175,14.379999999999999,23.295,18
Innisfree Cleanser Mini,Innisfree,Beauty,innisfree-seller-023,12.36,8.44,306,3782.88,4.74,17,2026-04-01,Vietnam,Shopee,innisfree cleanser mini,innisfree,12.77,20.09,29.78,11
Anker Charging Cable Mini,Anker,Accessories,anker-seller-048,10.12,3.46,253,2559.21,4.11,44,2026-04-01,Vietnam,Shopee,anker charging cable mini,anker,12.4725,19.505,41.24,14
L'Oreal Face Wash Mini,L'Oreal,Beauty,l'oreal-seller-037,44.96,6.48,128,5754.56,4.82,347,2026-04-01,Vietnam,Lazada,l oreal face wash mini,l oreal,13.477500000000001,31.494999999999997,45.557500000000005,16
Innisfree Moisturizer Max,Innisfree,Beauty,innisfree-seller-051,4.67,17.61,554,2587.81,4.77,83,2026-04-01,Philippines,Shopee,innisfree moisturizer max,innisfree,18.2,27.58,35.63,9
Samsung Tablet 2026,Samsung,Electronics,samsung-seller-007,67.35,8.79,63,4243.06,4.82,41,2026-04-01,Philippines,Shopee,samsung tablet 2026,samsung,79.115,162.70999999999998,219.89,16
Innisfree Clay Mask 2026,Innisfree,Beauty,innisfree-seller-046,11.51,8.59,295,3394.16,4.41,755,2026-04-01,Malaysia,Shopee,innisfree clay mask 2026,innisfree,14.785,26.75,42.754999999999995,15
Logitech Wireless Mouse Plus,Logitech,Accessories,logitech-seller-057,15.2,7.9,191,2904.01,4.37,490,2026-04-01,Singapore,Lazada,logitech wireless mouse plus,logitech,32.195,54.19,72.345,11
Nestle Coffee Pro,Nestle,Groceries,nestle-seller-044,27.09,10.0,206,5579.82,4.65,207,2026-04-01,Thailand,Lazada,nestle coffee pro,nestle,13.08,16.34,29.01,17
Philips Desk Fan,Philips,Home & Living,philips-seller-026,143.47,18.78,48,6886.65,4.63,28,2026-04-01,Indonesia,Lazada,philips desk fan,philips,71.62,88.91,119.465,7
JBL Headphones Plus,JBL,Electronics,jbl-seller-047,74.51,5.36,44,3278.35,4.45,69,2026-04-01,Malaysia,Lazada,jbl headphones plus,jbl,117.225,214.85,296.595,20
Kikkoman Soy Sauce Plus,Kikkoman,Groceries,kikkoman-seller-046,8.76,20.91,467,4092.94,4.53,407,2026-04-01,Singapore,Shopee,kikkoman soy sauce plus,kikkoman,24.235,27.73,35.86,8
Philips LED Bulb Max,Philips,Home & Living,philips-seller-014,9.75,12.64,226,2203.84,5.0,18,2026-04-01,Singapore,Shopee,philips led bulb max,philips,73.4575,107.11,153.76000000000002,14
Baseus USB-C Cable Mini,Baseus,Accessories,baseus-seller-024,80.29,10.67,69,5540.17,4.94,30,2026-04-01,Singapore,Lazada,baseus usb c cable mini,baseus,32.195,54.19,72.345,11
Logitech Mechanical Keyboard Mini,Logitech,Accessories,logitech-seller-019,67.33,12.42,93,6261.9,4.92,116,2026-04-01,Vietnam,Lazada,logitech mechanical keyboard mini,logitech,48.480000000000004,55.075,62.019999999999996,12
Anker Charging Cable Pro,Anker,Accessories,anker-seller-020,81.81,9.33,104,8508.19,4.41,266,2026-04-01,Vietnam,Shopee,anker charging cable pro,anker,12.4725,19.505,41.24,14
Logitech Wireless Mouse,Logitech,Accessories,logitech-seller-038,78.46,0.0,84,6590.25,4.31,132,2026-04-01,Malaysia,Lazada,logitech wireless mouse,logitech,26.74,45.61,54.92,9
Innisfree Clay Mask 2026,Innisfree,Beauty,innisfree-seller-053,33.08,0.0,175,5789.26,4.97,60,2026-04-01,Singapore,Shopee,innisfree clay mask 2026,innisfree,18.285,30.27,37.714999999999996,8
Logitech Webcam Pro,Logitech,Accessories,logitech-seller-005,48.92,8.52,113,5527.59,4.06,206,2026-04-01,Philippines,Lazada,logitech webcam pro,logitech,31.35,49.355000000000004,69.3025,20
Samsung Monitor Mini,Samsung,Electronics,samsung-seller-029,440.51,9.16,12,5286.11,4.48,55,2026-04-01,Vietnam,Lazada,samsung monitor mini,samsung,198.93,264.24,384.37,13
Samsung Tablet 2026,Samsung,Electronics,samsung-seller-049,187.91,17.82,36,6764.81,4.57,1094,2026-04-01,Malaysia,Lazada,samsung tablet 2026,samsung,117.225,214.85,296.595,20
Samsung Monitor 2026,Samsung,Electronics,samsung-seller-056,84.69,12.68,45,3811.05,4.68,763,2026-04-01,Thailand,Lazada,samsung monitor 2026,samsung,109.14,299.55,349.145,15
Baseus Phone Holder Mini,Baseus,Accessories,baseus-seller-027,76.59,18.63,90,6892.67,3.71,43,2026-04-01,Philippines,Lazada,baseus phone holder mini,baseus,31.35,49.355000000000004,69.3025,20
JBL Headphones Standard,JBL,Electronics,jbl-seller-043,125.47,12.34,47,5897.16,4.71,868,2026-04-01,Singapore,Shopee,jbl headphones standard,jbl,81.13,245.5,350.865,11
Logitech Webcam Standard,Logitech,Accessories,logitech-seller-037,26.17,8.76,157,4107.94,4.91,1601,2026-04-01,Singapore,Lazada,logitech webcam standard,logitech,32.195,54.19,72.345,11
Philips LED Bulb Max,Philips,Home & Living,philips-seller-036,47.79,8.82,74,3536.31,4.67,523,2026-04-01,Philippines,Lazada,philips led bulb max,philips,47.79,70.94,112.47,13
Philips Desk Fan,Philips,Home & Living,philips-seller-004,150.11,21.86,55,8256.15,4.02,72,2026-04-01,Vietnam,Shopee,philips desk fan,philips,30.745,85.29,123.395,15
Samsung SSD Standard,Samsung,Electronics,samsung-seller-043,317.4,0.0,26,8252.37,4.54,145,2026-04-01,Indonesia,Shopee,samsung ssd standard,samsung,90.44,253.53,317.4,17
Anker USB-C Hub 2026,Anker,Accessories,anker-seller-054,71.65,10.99,105,7523.59,4.78,363,2026-04-01,Indonesia,Shopee,anker usb c hub 2026,anker,19.685,37.67,56.75,15
Baseus Phone Holder Pro,Baseus,Accessories,baseus-seller-026,49.79,14.7,107,5327.62,5.0,61,2026-04-01,Philippines,Lazada,baseus phone holder pro,baseus,31.35,49.355000000000004,69.3025,20
Xiaomi Bluetooth Speaker Plus,Xiaomi,Electronics,xiaomi-seller-012,68.57,5.57,47,3222.72,4.75,787,2026-04-01,Indonesia,Shopee,xiaomi bluetooth speaker plus,xiaomi,90.44,253.53,317.4,17
LocknLock Food Container Pro,LocknLock,Home & Living,locknlock-seller-006,123.17,13.99,66,8129.5,4.51,31,2026-04-01,Singapore,Shopee,locknlock food container pro,locknlock,73.4575,107.11,153.76000000000002,14
IKEA Storage Box 2026,IKEA,Home & Living,ikea-seller-012,9.96,7.51,205,2042.24,4.38,5,2026-04-01,Vietnam,Shopee,ikea storage box 2026,ikea,30.745,85.29,123.395,15
Nestle Cereal Max,Nestle,Groceries,nestle-seller-011,22.0,6.27,274,6027.14,4.42,42,2026-04-01,Malaysia,Shopee,nestle cereal max,nestle,17.182499999999997,22.865000000000002,30.43,10
Oishi Crackers Standard,Oishi,Groceries,oishi-seller-020,10.56,0.0,304,3209.1,4.69,298,2026-04-01,Vietnam,Lazada,oishi crackers standard,oishi,9.8175,14.379999999999999,23.295,18
L'Oreal Hair Serum Pro,L'Oreal,Beauty,l'oreal-seller-017,27.46,12.51,193,5300.18,4.43,2843,2026-04-01,Singapore,Shopee,l oreal hair serum pro,l oreal,18.285,30.27,37.714999999999996,8
Logitech Wireless Mouse,Logitech,Accessories,logitech-seller-039,74.16,22.15,125,9270.3,4.62,94,2026-04-01,Singapore,Shopee,logitech wireless mouse,logitech,34.295,53.8,78.235,11
Samsung Tablet Plus,Samsung,Electronics,samsung-seller-008,272.05,0.75,25,6801.32,3.96,385,2026-04-01,Indonesia,Shopee,samsung tablet plus,samsung,90.44,253.53,317.4,17
Innisfree Cleanser Plus,Innisfree,Beauty,innisfree-seller-005,13.68,2.63,259,3542.28,4.91,68,2026-04-01,Malaysia,Shopee,innisfree cleanser plus,innisfree,14.785,26.75,42.754999999999995,15
Samsung SSD Standard,Samsung,Electronics,samsung-seller-018,57.45,20.02,72,4136.13,4.76,29,2026-04-01,Singapore,Shopee,samsung ssd standard,samsung,81.13,245.5,350.865,11
Kikkoman Soy Sauce Pro,Kikkoman,Groceries,kikkoman-seller-037,22.99,6.46,277,6367.14,4.53,27,2026-04-01,Indonesia,Shopee,kikkoman soy sauce pro,kikkoman,15.4875,22.479999999999997,24.615,14
Baseus Phone Holder 2026,Baseus,Accessories,baseus-seller-051,38.22,5.4,111,4242.17,4.81,25,2026-04-01,Singapore,Lazada,baseus phone holder 2026,baseus,32.195,54.19,72.345,11
IKEA Desk Lamp Mini,IKEA,Home & Living,ikea-seller-028,165.56,13.72,49,8112.34,4.94,334,2026-04-01,Thailand,Lazada,ikea desk lamp mini,ikea,58.5525,111.28999999999999,145.91,12
Logitech Mechanical Keyboard,Logitech,Accessories,logitech-seller-040,54.65,18.86,110,6011.36,5.0,2847,2026-04-01,Indonesia,Lazada,logitech mechanical keyboard,logitech,34.17,44.72,54.65,13
Logitech Mechanical Keyboard Pro,Logitech,Accessories,logitech-seller-039,13.15,22.19,302,3970.24,4.51,93,2026-04-01,Malaysia,Shopee,logitech mechanical keyboard pro,logitech,27.97,38.81,60.3575,18
Maybelline Mascara Mini,Maybelline,Beauty,maybelline-seller-054,48.6,21.76,145,7047.14,5.0,67,2026-04-01,Malaysia,Lazada,maybelline mascara mini,maybelline,17.525000000000002,28.17,42.207499999999996,14
Logitech Webcam Mini,Logitech,Accessories,logitech-seller-037,34.17,11.94,129,4408.41,4.41,28,2026-04-01,Indonesia,Lazada,logitech webcam mini,logitech,34.17,44.72,54.65,13
Anker Power Bank Standard,Anker,Accessories,anker-seller-054,60.25,10.15,98,5904.14,4.54,114,2026-04-01,Vietnam,Lazada,anker power bank standard,anker,48.480000000000004,55.075,62.019999999999996,12
Xiaomi Router Mini,Xiaomi,Electronics,xiaomi-seller-052,514.14,10.18,24,12339.44,4.47,57,2026-04-01,Thailand,Lazada,xiaomi router mini,xiaomi,109.14,299.55,349.145,15
Maybelline Foundation Pro,Maybelline,Beauty,maybelline-seller-016,23.59,13.83,230,5424.57,4.56,17,2026-04-01,Malaysia,Lazada,maybelline foundation pro,maybelline,17.525000000000002,28.17,42.207499999999996,14
L'Oreal Hair Serum Mini,L'Oreal,Beauty,l'oreal-seller-022,46.57,19.94,149,6938.41,4.08,40,2026-04-01,Philippines,Lazada,l oreal hair serum mini,l oreal,14.325,27.92,40.269999999999996,11
Baseus Laptop Stand Standard,Baseus,Accessories,baseus-seller-058,36.86,15.59,176,6487.69,4.09,235,2026-04-01,Vietnam,Shopee,baseus laptop stand standard,baseus,12.4725,19.505,41.24,14
Samsung Tablet Max,Samsung,Electronics,samsung-seller-032,73.46,12.19,52,3819.99,4.29,103,2026-04-01,Vietnam,Shopee,samsung tablet max,samsung,106.94,159.4,286.125,11
Baseus USB-C Cable,Baseus,Accessories,baseus-seller-053,82.34,4.54,100,8233.56,4.15,31,2026-04-01,Singapore,Shopee,baseus usb c cable,baseus,34.295,53.8,78.235,11
Anker Charging Cable,Anker,Accessories,anker-seller-039,69.02,8.03,83,5729.0,4.87,241,2026-04-01,Philippines,Lazada,anker charging cable,anker,31.35,49.355000000000004,69.3025,20
Kikkoman Soy Sauce Standard,Kikkoman,Groceries,kikkoman-seller-030,21.31,7.59,226,4815.2,4.37,241,2026-04-01,Malaysia,Lazada,kikkoman soy sauce standard,kikkoman,23.015,26.015,31.715,10
Xiaomi Smart Band Max,Xiaomi,Electronics,xiaomi-seller-002,166.82,13.15,45,7506.96,4.17,222,2026-04-01,Malaysia,Shopee,xiaomi smart band max,xiaomi,158.71,175.85,292.3,17
Oishi Crackers Max,Oishi,Groceries,oishi-seller-020,10.2,1.54,324,3303.96,4.72,109,2026-04-01,Malaysia,Lazada,oishi crackers max,oishi,23.015,26.015,31.715,10
Nestle Cereal Standard,Nestle,Groceries,nestle-seller-018,27.84,12.51,251,6988.65,4.8,17,2026-04-01,Philippines,Shopee,nestle cereal standard,nestle,7.845000000000001,13.34,23.33,15
Logitech Webcam Plus,Logitech,Accessories,logitech-seller-008,51.52,5.98,117,6027.97,4.75,138,2026-04-01,Singapore,Shopee,logitech webcam plus,logitech,34.295,53.8,78.235,11
Kikkoman Soy Sauce Max,Kikkoman,Groceries,kikkoman-seller-048,36.39,14.95,187,6805.3,4.39,536,2026-04-01,Malaysia,Lazada,kikkoman soy sauce max,kikkoman,23.015,26.015,31.715,10
Baseus USB-C Cable Max,Baseus,Accessories,baseus-seller-005,46.54,5.3,111,5166.02,3.68,379,2026-04-01,Indonesia,Shopee,baseus usb c cable max,baseus,19.685,37.67,56.75,15
IKEA Kitchen Organizer Max,IKEA,Home & Living,ikea-seller-051,45.57,14.68,98,4465.51,4.61,47,2026-04-01,Thailand,Lazada,ikea kitchen organizer max,ikea,58.5525,111.28999999999999,145.91,12
Baseus Phone Holder Mini,Baseus,Accessories,baseus-seller-040,73.64,10.28,119,8762.76,5.0,94,2026-04-01,Malaysia,Shopee,baseus phone holder mini,baseus,27.97,38.81,60.3575,18
Anker Power Bank Max,Anker,Accessories,anker-seller-042,54.92,1.51,95,5217.65,4.61,479,2026-04-01,Malaysia,Lazada,anker power bank max,anker,26.74,45.61,54.92,9
JBL Earbuds Standard,JBL,Electronics,jbl-seller-044,107.71,7.92,33,3554.4,4.81,190,2026-04-01,Vietnam,Lazada,jbl earbuds standard,jbl,198.93,264.24,384.37,13
JBL Headphones,JBL,Electronics,jbl-seller-003,26.73,12.01,98,2619.25,4.17,561,2026-04-01,Indonesia,Lazada,jbl headphones,jbl,86.70750000000001,175.93,291.9875,22
Anker Charging Cable Mini,Anker,Accessories,anker-seller-029,6.89,19.28,392,2700.48,4.4,77,2026-04-01,Philippines,Shopee,anker charging cable mini,anker,18.205,38.7,57.4075,14
Xiaomi Bluetooth Speaker Standard,Xiaomi,Electronics,xiaomi-seller-057,158.71,6.77,31,4919.95,4.19,55,2026-04-01,Malaysia,Shopee,xiaomi bluetooth speaker standard,xiaomi,158.71,175.85,292.3,17
Kikkoman Teriyaki Sauce Standard,Kikkoman,Groceries,kikkoman-seller-059,21.97,18.42,290,6371.3,4.14,500,2026-04-01,Indonesia,Shopee,kikkoman teriyaki sauce standard,kikkoman,15.4875,22.479999999999997,24.615,14
Nestle Cereal Standard,Nestle,Groceries,nestle-seller-041,13.47,1.99,350,4714.6,4.4,111,2026-04-01,Thailand,Shopee,nestle cereal standard,nestle,8.635,15.62,26.814999999999998,11
Anker Charging Cable,Anker,Accessories,anker-seller-002,22.63,10.82,176,3983.01,4.38,30,2026-04-01,Philippines,Shopee,anker charging cable,anker,18.205,38.7,57.4075,14
L'Oreal Shampoo Plus,L'Oreal,Beauty,l'oreal-seller-016,40.76,16.73,155,6317.95,4.25,93,2026-04-01,Indonesia,Lazada,l oreal shampoo plus,l oreal,14.915,21.92,34.74,14
Maybelline Mascara Standard,Maybelline,Beauty,maybelline-seller-050,45.76,15.52,200,9152.42,4.13,897,2026-04-01,Malaysia,Shopee,maybelline mascara standard,maybelline,14.785,26.75,42.754999999999995,15
Baseus Laptop Stand Mini,Baseus,Accessories,baseus-seller-008,67.45,2.18,84,5665.89,4.44,787,2026-04-01,Indonesia,Lazada,baseus laptop stand mini,baseus,34.17,44.72,54.65,13
Anker Charging Cable,Anker,Accessories,anker-seller-045,10.39,19.95,331,3438.25,4.47,140,2026-04-01,Vietnam,Shopee,anker charging cable,anker,12.4725,19.505,41.24,14
Anker USB-C Hub Pro,Anker,Accessories,anker-seller-040,5.53,15.58,376,2080.05,4.74,39,2026-04-01,Vietnam,Shopee,anker usb c hub pro,anker,12.4725,19.505,41.24,14
Logitech Webcam Standard,Logitech,Accessories,logitech-seller-036,19.91,19.17,171,3404.72,4.22,418,2026-04-01,Philippines,Lazada,logitech webcam standard,logitech,31.35,49.355000000000004,69.3025,20
JBL Bluetooth Speaker Mini,JBL,Electronics,jbl-seller-049,198.93,9.84,30,5967.92,5.0,462,2026-04-01,Vietnam,Lazada,jbl bluetooth speaker mini,jbl,198.93,264.24,384.37,13
Philips Desk Fan Standard,Philips,Home & Living,philips-seller-030,97.52,6.29,67,6533.71,4.94,988,2026-04-01,Singapore,Shopee,philips desk fan standard,philips,73.4575,107.11,153.76000000000002,14
Samsung Tablet Standard,Samsung,Electronics,samsung-seller-022,370.36,19.74,23,8518.26,4.3,385,2026-04-01,Singapore,Lazada,samsung tablet standard,samsung,222.64,328.485,391.44,12
Samsung Monitor Mini,Samsung,Electronics,samsung-seller-013,202.2,19.19,42,8492.57,4.59,67,2026-04-01,Philippines,Shopee,samsung monitor mini,samsung,79.115,162.70999999999998,219.89,16
Baseus Phone Holder Standard,Baseus,Accessories,baseus-seller-038,13.08,20.38,287,3754.31,4.57,79,2026-04-01,Vietnam,Shopee,baseus phone holder standard,baseus,12.4725,19.505,41.24,14
LocknLock Food Container Plus,LocknLock,Home & Living,locknlock-seller-031,136.87,14.12,53,7254.2,4.37,299,2026-04-01,Thailand,Shopee,locknlock food container plus,locknlock,53.765,88.02,126.44,11
Oishi Green Tea,Oishi,Groceries,oishi-seller-003,27.65,12.99,204,5640.96,4.66,415,2026-04-01,Philippines,Lazada,oishi green tea,oishi,12.06,20.37,26.03,11
Maybelline Foundation Mini,Maybelline,Beauty,maybelline-seller-042,9.02,0.0,333,3002.8,3.95,252,2026-04-01,Vietnam,Shopee,maybelline foundation mini,maybelline,12.77,20.09,29.78,11
Philips LED Bulb 2026,Philips,Home & Living,philips-seller-031,67.97,22.41,88,5981.06,4.85,194,2026-04-01,Malaysia,Lazada,philips led bulb 2026,philips,45.269999999999996,71.96,94.965,11
Innisfree Clay Mask Mini,Innisfree,Beauty,innisfree-seller-038,19.01,9.96,192,3649.34,4.32,195,2026-04-01,Malaysia,Lazada,innisfree clay mask mini,innisfree,17.525000000000002,28.17,42.207499999999996,14
Logitech Webcam,Logitech,Accessories,logitech-seller-054,56.02,15.41,126,7058.41,4.18,57,2026-04-01,Philippines,Shopee,logitech webcam,logitech,18.205,38.7,57.4075,14
JBL Bluetooth Speaker 2026,JBL,Electronics,jbl-seller-041,257.17,25.76,28,7200.87,5.0,214,2026-04-01,Indonesia,Shopee,jbl bluetooth speaker 2026,jbl,90.44,253.53,317.4,17
L'Oreal Face Wash Plus,L'Oreal,Beauty,l'oreal-seller-045,53.24,7.67,139,7399.72,5.0,50,2026-04-01,Thailand,Shopee,l oreal face wash plus,l oreal,32.565,39.69,46.95,10
Philips Air Fryer,Philips,Home & Living,philips-seller-038,35.28,4.11,84,2963.36,4.48,365,2026-04-01,Philippines,Lazada,philips air fryer,philips,47.79,70.94,112.47,13
LocknLock Food Container Pro,LocknLock,Home & Living,locknlock-seller-011,68.49,5.83,60,4109.39,5.0,186,2026-04-01,Indonesia,Lazada,locknlock food container pro,locknlock,71.62,88.91,119.465,7
Anker USB-C Hub Standard,Anker,Accessories,anker-seller-041,52.49,27.94,133,6981.59,4.9,85,2026-04-01,Vietnam,Lazada,anker usb c hub standard,anker,48.480000000000004,55.075,62.019999999999996,12
Samsung SSD 2026,Samsung,Electronics,samsung-seller-031,68.2,12.88,58,3955.38,4.97,58,2026-04-01,Thailand,Shopee,samsung ssd 2026,samsung,173.70999999999998,290.11,390.29,15
Xiaomi Bluetooth Speaker 2026,Xiaomi,Electronics,xiaomi-seller-053,368.79,4.67,14,5163.01,4.34,854,2026-04-01,Philippines,Lazada,xiaomi bluetooth speaker 2026,xiaomi,144.9275,225.20499999999998,331.09000000000003,26
Logitech Mechanical Keyboard Standard,Logitech,Accessories,logitech-seller-036,68.08,15.67,100,6807.74,4.3,1278,2026-04-01,Vietnam,Lazada,logitech mechanical keyboard standard,logitech,48.480000000000004,55.075,62.019999999999996,12
Innisfree Clay Mask Max,Innisfree,Beauty,innisfree-seller-038,31.73,18.69,192,6092.0,4.18,225,2026-04-01,Vietnam,Shopee,innisfree clay mask max,innisfree,12.77,20.09,29.78,11
Logitech Wireless Mouse Pro,Logitech,Accessories,logitech-seller-012,27.68,19.57,196,5424.68,4.73,77,2026-04-01,Malaysia,Shopee,logitech wireless mouse pro,logitech,27.97,38.81,60.3575,18
Nestle Chocolate Drink 2026,Nestle,Groceries,nestle-seller-012,7.81,4.1,335,2614.85,4.19,175,2026-04-01,Thailand,Lazada,nestle chocolate drink 2026,nestle,13.08,16.34,29.01,17
Nestle Coffee Standard,Nestle,Groceries,nestle-seller-054,27.04,13.0,265,7165.47,4.26,171,2026-04-01,Thailand,Shopee,nestle coffee standard,nestle,8.635,15.62,26.814999999999998,11
Samsung SSD Pro,Samsung,Electronics,samsung-seller-060,381.47,21.87,23,8773.91,4.2,64,2026-04-01,Philippines,Shopee,samsung ssd pro,samsung,79.115,162.70999999999998,219.89,16
Xiaomi Bluetooth Speaker,Xiaomi,Electronics,xiaomi-seller-024,100.51,0.0,48,4824.41,4.72,26,2026-04-01,Thailand,Lazada,xiaomi bluetooth speaker,xiaomi,109.14,299.55,349.145,15
Philips Air Fryer Max,Philips,Home & Living,philips-seller-005,107.04,33.17,86,9205.12,4.43,115,2026-04-01,Philippines,Shopee,philips air fryer max,philips,55.33,114.77,125.54,17
Oishi Green Tea Mini,Oishi,Groceries,oishi-seller-025,15.45,15.67,332,5128.17,4.87,102,2026-04-01,Vietnam,Shopee,oishi green tea mini,oishi,12.254999999999999,15.1,20.215,11
Maybelline Foundation Max,Maybelline,Beauty,maybelline-seller-016,10.7,26.84,325,3476.21,5.0,303,2026-04-01,Philippines,Lazada,maybelline foundation max,maybelline,14.325,27.92,40.269999999999996,11
LocknLock Water Bottle Pro,LocknLock,Home & Living,locknlock-seller-016,138.96,0.95,44,6114.38,4.82,904,2026-04-01,Vietnam,Shopee,locknlock water bottle pro,locknlock,30.745,85.29,123.395,15
Kikkoman Teriyaki Sauce 2026,Kikkoman,Groceries,kikkoman-seller-047,15.79,9.51,269,4246.99,4.57,162,2026-04-01,Vietnam,Lazada,kikkoman teriyaki sauce 2026,kikkoman,9.8175,14.379999999999999,23.295,18
IKEA Desk Lamp Mini,IKEA,Home & Living,ikea-seller-025,139.84,7.33,44,6152.89,5.0,188,2026-04-01,Vietnam,Lazada,ikea desk lamp mini,ikea,36.775,72.83500000000001,138.975,14
Samsung Monitor 2026,Samsung,Electronics,samsung-seller-021,156.92,7.63,31,4864.66,4.51,283,2026-04-01,Philippines,Lazada,samsung monitor 2026,samsung,144.9275,225.20499999999998,331.09000000000003,26
Philips Air Fryer Max,Philips,Home & Living,philips-seller-032,70.94,12.71,78,5533.68,4.45,172,2026-04-01,Philippines,Lazada,philips air fryer max,philips,47.79,70.94,112.47,13
LocknLock Lunch Box,LocknLock,Home & Living,locknlock-seller-038,53.24,0.0,74,3939.9,3.99,352,2026-04-01,Singapore,Lazada,locknlock lunch box,locknlock,53.24,98.44,172.14,13
Oishi Green Tea Plus,Oishi,Groceries,oishi-seller-056,4.02,0.0,535,2149.99,4.61,37,2026-04-01,Philippines,Shopee,oishi green tea plus,oishi,7.845000000000001,13.34,23.33,15
Nestle Cereal Plus,Nestle,Groceries,nestle-seller-037,35.81,6.4,152,5443.31,4.53,111,2026-04-01,Thailand,Lazada,nestle cereal plus,nestle,13.08,16.34,29.01,17
Maybelline Mascara 2026,Maybelline,Beauty,maybelline-seller-049,12.15,0.0,266,3231.24,4.91,31,2026-04-01,Thailand,Lazada,maybelline mascara 2026,maybelline,26.8,29.83,33.545,11
Samsung Monitor 2026,Samsung,Electronics,samsung-seller-038,112.83,8.41,30,3384.78,4.05,2228,2026-04-01,Vietnam,Lazada,samsung monitor 2026,samsung,198.93,264.24,384.37,13
Philips Air Fryer Plus,Philips,Home & Living,philips-seller-029,50.47,5.16,90,4542.18,4.39,27,2026-04-01,Vietnam,Lazada,philips air fryer plus,philips,36.775,72.83500000000001,138.975,14
JBL Earbuds Pro,JBL,Electronics,jbl-seller-018,215.61,7.31,21,4527.89,4.35,2229,2026-04-01,Singapore,Lazada,jbl earbuds pro,jbl,222.64,328.485,391.44,12
Nestle Coffee Pro,Nestle,Groceries,nestle-seller-042,33.97,16.01,225,7644.35,5.0,170,2026-04-01,Singapore,Shopee,nestle coffee pro,nestle,24.235,27.73,35.86,8
Anker Power Bank Mini,Anker,Accessories,anker-seller-035,54.44,19.72,112,6096.79,4.45,426,2026-04-01,Vietnam,Lazada,anker power bank mini,anker,48.480000000000004,55.075,62.019999999999996,12
L'Oreal Shampoo Standard,L'Oreal,Beauty,l'oreal-seller-005,34.24,13.79,196,6711.75,4.81,311,2026-04-01,Philippines,Shopee,l oreal shampoo standard,l oreal,18.2,27.58,35.63,9
IKEA Storage Box 2026,IKEA,Home & Living,ikea-seller-044,25.58,6.95,149,3810.69,4.63,131,2026-04-01,Malaysia,Shopee,ikea storage box 2026,ikea,30.2425,42.25,76.165,6
Maybelline Lip Tint,Maybelline,Beauty,maybelline-seller-018,29.29,9.87,186,5447.18,4.93,145,2026-04-01,Malaysia,Lazada,maybelline lip tint,maybelline,17.525000000000002,28.17,42.207499999999996,14
LocknLock Water Bottle,LocknLock,Home & Living,locknlock-seller-020,166.74,27.05,69,11505.39,4.74,304,2026-04-01,Thailand,Shopee,locknlock water bottle,locknlock,53.765,88.02,126.44,11
JBL Headphones,JBL,Electronics,jbl-seller-042,449.32,21.57,10,4493.16,5.0,24,2026-04-01,Malaysia,Lazada,jbl headphones,jbl,117.225,214.85,296.595,20
IKEA Storage Box 2026,IKEA,Home & Living,ikea-seller-015,136.38,0.77,40,5455.39,4.51,332,2026-04-01,Vietnam,Lazada,ikea storage box 2026,ikea,36.775,72.83500000000001,138.975,14
Xiaomi Router Mini,Xiaomi,Electronics,xiaomi-seller-051,272.96,16.17,30,8188.84,5.0,116,2026-04-01,Philippines,Shopee,xiaomi router mini,xiaomi,79.115,162.70999999999998,219.89,16
JBL Bluetooth Speaker Pro,JBL,Electronics,jbl-seller-055,303.41,25.8,27,8191.97,4.2,45,2026-04-01,Indonesia,Lazada,jbl bluetooth speaker pro,jbl,86.70750000000001,175.93,291.9875,22
Xiaomi Bluetooth Speaker Plus,Xiaomi,Electronics,xiaomi-seller-055,335.17,3.17,25,8379.19,4.03,176,2026-04-01,Thailand,Lazada,xiaomi bluetooth speaker plus,xiaomi,109.14,299.55,349.145,15
L'Oreal Face Wash,L'Oreal,Beauty,l'oreal-seller-009,26.32,20.4,258,6790.6,4.33,19,2026-04-01,Indonesia,Shopee,l oreal face wash,l oreal,26.12,28.18,37.05,11
Samsung Monitor Pro,Samsung,Electronics,samsung-seller-015,445.33,16.13,24,10687.95,5.0,79,2026-04-01,Malaysia,Shopee,samsung monitor pro,samsung,158.71,175.85,292.3,17
Samsung Tablet Pro,Samsung,Electronics,samsung-seller-021,286.46,13.21,23,6588.53,4.27,298,2026-04-01,Singapore,Lazada,samsung tablet pro,samsung,222.64,328.485,391.44,12
IKEA Desk Lamp 2026,IKEA,Home & Living,ikea-seller-022,150.07,9.9,65,9754.44,4.4,142,2026-04-01,Indonesia,Shopee,ikea desk lamp 2026,ikea,53.182500000000005,92.315,120.7775,14
Xiaomi Bluetooth Speaker Standard,Xiaomi,Electronics,xiaomi-seller-035,53.45,5.04,65,3474.43,4.61,229,2026-04-01,Indonesia,Lazada,xiaomi bluetooth speaker standard,xiaomi,86.70750000000001,175.93,291.9875,22
Xiaomi Bluetooth Speaker Mini,Xiaomi,Electronics,xiaomi-seller-029,52.71,16.04,76,4006.05,4.42,92,2026-04-01,Singapore,Shopee,xiaomi bluetooth speaker mini,xiaomi,81.13,245.5,350.865,11
Logitech Wireless Mouse Max,Logitech,Accessories,logitech-seller-036,66.44,15.2,103,6843.46,3.73,550,2026-04-01,Philippines,Lazada,logitech wireless mouse max,logitech,31.35,49.355000000000004,69.3025,20
LocknLock Water Bottle 2026,LocknLock,Home & Living,locknlock-seller-013,8.47,5.99,235,1990.0,4.2,27,2026-04-01,Thailand,Shopee,locknlock water bottle 2026,locknlock,53.765,88.02,126.44,11
L'Oreal Shampoo Pro,L'Oreal,Beauty,l'oreal-seller-043,6.37,27.9,437,2785.6,5.0,53,2026-04-01,Vietnam,Lazada,l oreal shampoo pro,l oreal,13.477500000000001,31.494999999999997,45.557500000000005,16
Xiaomi Bluetooth Speaker Mini,Xiaomi,Electronics,xiaomi-seller-001,332.13,4.28,32,10628.1,4.63,32,2026-04-01,Indonesia,Shopee,xiaomi bluetooth speaker mini,xiaomi,90.44,253.53,317.4,17
JBL Bluetooth Speaker Standard,JBL,Electronics,jbl-seller-009,447.92,12.74,15,6718.8,3.99,309,2026-04-01,Thailand,Lazada,jbl bluetooth speaker standard,jbl,109.14,299.55,349.145,15
Samsung SSD Plus,Samsung,Electronics,samsung-seller-058,156.14,0.0,38,5933.43,4.95,1759,2026-04-01,Indonesia,Lazada,samsung ssd plus,samsung,86.70750000000001,175.93,291.9875,22
Nestle Cereal,Nestle,Groceries,nestle-seller-046,15.62,14.25,350,5468.23,4.77,159,2026-04-01,Thailand,Shopee,nestle cereal,nestle,8.635,15.62,26.814999999999998,11
Kikkoman Teriyaki Sauce Mini,Kikkoman,Groceries,kikkoman-seller-013,22.37,7.74,210,4698.24,5.0,123,2026-04-01,Philippines,Lazada,kikkoman teriyaki sauce mini,kikkoman,12.06,20.37,26.03,11
L'Oreal Shampoo 2026,L'Oreal,Beauty,l'oreal-seller-029,18.65,8.77,189,3525.4,4.18,85,2026-04-01,Indonesia,Lazada,l oreal shampoo 2026,l oreal,14.915,21.92,34.74,14
IKEA Kitchen Organizer Pro,IKEA,Home & Living,ikea-seller-059,153.99,0.0,34,5235.62,4.32,46,2026-04-01,Vietnam,Lazada,ikea kitchen organizer pro,ikea,36.775,72.83500000000001,138.975,14
JBL Headphones Standard,JBL,Electronics,jbl-seller-048,283.4,24.55,26,7368.28,4.37,72,2026-04-01,Indonesia,Lazada,jbl headphones standard,jbl,86.70750000000001,175.93,291.9875,22
JBL Headphones,JBL,Electronics,jbl-seller-046,222.51,32.58,45,10013.1,4.72,13,2026-04-01,Vietnam,Lazada,jbl headphones,jbl,198.93,264.24,384.37,13
IKEA Storage Box 2026,IKEA,Home & Living,ikea-seller-012,102.7,12.99,49,5032.14,5.0,290,2026-04-01,Malaysia,Lazada,ikea storage box 2026,ikea,45.269999999999996,71.96,94.965,11
JBL Headphones 2026,JBL,Electronics,jbl-seller-045,88.23,26.12,40,3529.37,4.28,113,2026-04-01,Indonesia,Lazada,jbl headphones 2026,jbl,86.70750000000001,175.93,291.9875,22
Samsung SSD 2026,Samsung,Electronics,samsung-seller-057,461.96,18.21,11,5081.55,4.27,423,2026-04-01,Indonesia,Shopee,samsung ssd 2026,samsung,90.44,253.53,317.4,17
LocknLock Lunch Box Standard,LocknLock,Home & Living,locknlock-seller-045,62.88,10.83,74,4653.15,5.0,463,2026-04-01,Thailand,Lazada,locknlock lunch box standard,locknlock,58.5525,111.28999999999999,145.91,12
JBL Headphones Standard,JBL,Electronics,jbl-seller-024,160.42,7.54,41,6577.32,4.64,30,2026-04-01,Philippines,Shopee,jbl headphones standard,jbl,79.115,162.70999999999998,219.89,16
LocknLock Food Container Plus,LocknLock,Home & Living,locknlock-seller-011,80.74,9.13,83,6701.79,4.8,52,2026-04-01,Vietnam,Shopee,locknlock food container plus,locknlock,30.745,85.29,123.395,15
IKEA Storage Box Standard,IKEA,Home & Living,ikea-seller-005,50.98,11.48,111,5658.58,4.56,28,2026-04-01,Malaysia,Shopee,ikea storage box standard,ikea,30.2425,42.25,76.165,6
JBL Headphones Plus,JBL,Electronics,jbl-seller-055,412.52,20.36,21,8662.88,4.59,60,2026-04-01,Philippines,Lazada,jbl headphones plus,jbl,144.9275,225.20499999999998,331.09000000000003,26
Logitech Mechanical Keyboard Standard,Logitech,Accessories,logitech-seller-046,69.73,12.91,104,7251.87,5.0,263,2026-04-01,Thailand,Lazada,logitech mechanical keyboard standard,logitech,31.4525,51.605000000000004,61.36,18
JBL Earbuds Standard,JBL,Electronics,jbl-seller-006,469.09,15.18,20,9381.8,4.55,146,2026-04-01,Thailand,Lazada,jbl earbuds standard,jbl,109.14,299.55,349.145,15
Xiaomi Bluetooth Speaker,Xiaomi,Electronics,xiaomi-seller-018,86.93,8.9,50,4346.51,4.88,258,2026-04-01,Indonesia,Shopee,xiaomi bluetooth speaker,xiaomi,90.44,253.53,317.4,17
Baseus USB-C Cable 2026,Baseus,Accessories,baseus-seller-019,83.47,13.44,100,8346.77,4.02,97,2026-04-01,Thailand,Shopee,baseus usb c cable 2026,baseus,34.805,68.69,79.66499999999999,15
Oishi Crackers,Oishi,Groceries,oishi-seller-001,6.2,9.95,435,2695.95,4.92,460,2026-04-01,Vietnam,Lazada,oishi crackers,oishi,9.8175,14.379999999999999,23.295,18
Nestle Cereal 2026,Nestle,Groceries,nestle-seller-014,7.36,33.06,465,3421.82,4.4,1111,2026-04-01,Philippines,Lazada,nestle cereal 2026,nestle,12.06,20.37,26.03,11
IKEA Storage Box Max,IKEA,Home & Living,ikea-seller-004,39.13,9.94,103,4030.01,4.45,132,2026-04-01,Philippines,Shopee,ikea storage box max,ikea,55.33,114.77,125.54,17
Samsung Monitor Plus,Samsung,Electronics,samsung-seller-004,181.92,19.59,31,5639.66,4.73,165,2026-04-01,Philippines,Shopee,samsung monitor plus,samsung,79.115,162.70999999999998,219.89,16
Anker USB-C Hub 2026,Anker,Accessories,anker-seller-024,20.42,17.99,238,4859.38,4.7,14,2026-04-01,Indonesia,Shopee,anker usb c hub 2026,anker,19.685,37.67,56.75,15
Logitech Mechanical Keyboard Standard,Logitech,Accessories,logitech-seller-001,64.66,16.9,137,8858.63,4.75,161,2026-04-01,Thailand,Shopee,logitech mechanical keyboard standard,logitech,34.805,68.69,79.66499999999999,15
Logitech Wireless Mouse,Logitech,Accessories,logitech-seller-054,28.84,0.0,171,4931.49,4.59,44,2026-04-01,Malaysia,Shopee,logitech wireless mouse,logitech,27.97,38.81,60.3575,18
Oishi Snack Mix Mini,Oishi,Groceries,oishi-seller-007,4.54,12.7,612,2778.95,4.99,174,2026-04-01,Philippines,Shopee,oishi snack mix mini,oishi,7.845000000000001,13.34,23.33,15
Philips LED Bulb Mini,Philips,Home & Living,philips-seller-014,79.59,13.02,68,5412.31,4.08,120,2026-04-01,Malaysia,Lazada,philips led bulb mini,philips,45.269999999999996,71.96,94.965,11
Xiaomi Smart Band 2026,Xiaomi,Electronics,xiaomi-seller-007,65.65,0.7,51,3347.9,4.61,473,2026-04-01,Indonesia,Lazada,xiaomi smart band 2026,xiaomi,86.70750000000001,175.93,291.9875,22
Oishi Snack Mix Max,Oishi,Groceries,oishi-seller-021,25.18,6.75,198,4985.62,4.55,67,2026-04-01,Malaysia,Lazada,oishi snack mix max,oishi,23.015,26.015,31.715,10
Nestle Coffee Standard,Nestle,Groceries,nestle-seller-043,32.23,4.43,175,5639.45,4.95,154,2026-04-01,Vietnam,Lazada,nestle coffee standard,nestle,9.8175,14.379999999999999,23.295,18
Logitech Wireless Mouse Plus,Logitech,Accessories,logitech-seller-020,66.51,0.0,63,4190.36,4.91,86,2026-04-01,Malaysia,Lazada,logitech wireless mouse plus,logitech,26.74,45.61,54.92,9
Baseus Phone Holder,Baseus,Accessories,baseus-seller-060,46.71,26.95,129,6025.4,4.06,185,2026-04-01,Indonesia,Lazada,baseus phone holder,baseus,34.17,44.72,54.65,13
L'Oreal Face Wash Pro,L'Oreal,Beauty,l'oreal-seller-041,50.35,8.85,146,7350.42,4.19,52,2026-04-01,Indonesia,Shopee,l oreal face wash pro,l oreal,26.12,28.18,37.05,11
Nestle Coffee Max,Nestle,Groceries,nestle-seller-049,15.64,0.0,264,4129.98,4.65,107,2026-04-01,Philippines,Lazada,nestle coffee max,nestle,12.06,20.37,26.03,11
Xiaomi Bluetooth Speaker Standard,Xiaomi,Electronics,xiaomi-seller-039,367.59,29.69,27,9924.94,4.87,178,2026-04-01,Philippines,Lazada,xiaomi bluetooth speaker standard,xiaomi,144.9275,225.20499999999998,331.09000000000003,26
Samsung Tablet Max,Samsung,Electronics,samsung-seller-015,86.2,25.03,53,4568.65,3.9,79,2026-04-01,Indonesia,Lazada,samsung tablet max,samsung,86.70750000000001,175.93,291.9875,22
Oishi Crackers,Oishi,Groceries,oishi-seller-058,19.88,6.25,281,5587.68,4.62,31,2026-04-01,Indonesia,Shopee,oishi crackers,oishi,15.4875,22.479999999999997,24.615,14
Kikkoman Teriyaki Sauce,Kikkoman,Groceries,kikkoman-seller-016,2.15,0.0,606,1305.16,4.26,32,2026-04-01,Vietnam,Lazada,kikkoman teriyaki sauce,kikkoman,9.8175,14.379999999999999,23.295,18
Logitech Mechanical Keyboard Plus,Logitech,Accessories,logitech-seller-019,17.66,11.38,241,4256.78,4.75,84,2026-04-01,Indonesia,Shopee,logitech mechanical keyboard plus,logitech,19.685,37.67,56.75,15
Xiaomi Router Standard,Xiaomi,Electronics,xiaomi-seller-016,415.97,6.68,18,7487.51,4.25,35,2026-04-01,Thailand,Shopee,xiaomi router standard,xiaomi,173.70999999999998,290.11,390.29,15
L'Oreal Hair Serum Pro,L'Oreal,Beauty,l'oreal-seller-042,24.0,14.29,191,4584.0,4.73,238,2026-04-01,Philippines,Lazada,l oreal hair serum pro,l oreal,14.325,27.92,40.269999999999996,11
L'Oreal Shampoo,L'Oreal,Beauty,l'oreal-seller-047,42.75,14.36,139,5942.56,4.68,108,2026-04-01,Vietnam,Lazada,l oreal shampoo,l oreal,13.477500000000001,31.494999999999997,45.557500000000005,16
Oishi Crackers Standard,Oishi,Groceries,oishi-seller-059,31.7,7.13,169,5357.04,4.86,192,2026-04-01,Malaysia,Lazada,oishi crackers standard,oishi,23.015,26.015,31.715,10
Kikkoman Teriyaki Sauce Mini,Kikkoman,Groceries,kikkoman-seller-021,33.04,6.29,217,7170.13,4.88,1303,2026-04-01,Philippines,Shopee,kikkoman teriyaki sauce mini,kikkoman,7.845000000000001,13.34,23.33,15
Logitech Mechanical Keyboard Standard,Logitech,Accessories,logitech-seller-013,22.13,10.42,163,3606.92,4.03,293,2026-04-01,Thailand,Lazada,logitech mechanical keyboard standard,logitech,31.4525,51.605000000000004,61.36,18
Oishi Green Tea 2026,Oishi,Groceries,oishi-seller-038,2.95,7.2,701,2066.02,4.92,115,2026-04-01,Vietnam,Shopee,oishi green tea 2026,oishi,12.254999999999999,15.1,20.215,11
Kikkoman Soy Sauce Plus,Kikkoman,Groceries,kikkoman-seller-047,21.67,10.55,290,6285.47,4.56,199,2026-05-01,Indonesia,Shopee,kikkoman soy sauce plus,kikkoman,14.587499999999999,20.385,25.2925,16
Kikkoman Soy Sauce 2026,Kikkoman,Groceries,kikkoman-seller-028,19.87,13.88,260,5166.26,4.41,20,2026-05-01,Singapore,Lazada,kikkoman soy sauce 2026,kikkoman,13.46,17.32,26.8,17
Innisfree Cleanser Plus,Innisfree,Beauty,innisfree-seller-041,52.34,5.88,149,7798.19,4.21,360,2026-05-01,Thailand,Shopee,innisfree cleanser plus,innisfree,25.49,35.27,46.04,17
Xiaomi Bluetooth Speaker Plus,Xiaomi,Electronics,xiaomi-seller-025,56.78,13.96,58,3293.04,4.88,18,2026-05-01,Thailand,Lazada,xiaomi bluetooth speaker plus,xiaomi,282.03,313.03999999999996,366.7725,10
JBL Headphones Mini,JBL,Electronics,jbl-seller-048,313.25,31.43,22,6891.48,4.51,193,2026-05-01,Thailand,Lazada,jbl headphones mini,jbl,282.03,313.03999999999996,366.7725,10
Xiaomi Bluetooth Speaker Plus,Xiaomi,Electronics,xiaomi-seller-055,172.54,13.42,38,6556.53,4.36,389,2026-05-01,Singapore,Shopee,xiaomi bluetooth speaker plus,xiaomi,141.1975,249.04500000000002,445.39,10
Philips LED Bulb Mini,Philips,Home & Living,philips-seller-047,128.8,0.02,39,5023.07,4.42,15,2026-05-01,Vietnam,Lazada,philips led bulb mini,philips,31.21,85.15,128.47,15
JBL Earbuds Plus,JBL,Electronics,jbl-seller-019,364.38,18.97,17,6194.49,4.92,133,2026-05-01,Thailand,Lazada,jbl earbuds plus,jbl,282.03,313.03999999999996,366.7725,10
Anker USB-C Hub Max,Anker,Accessories,anker-seller-031,66.06,13.32,98,6473.68,4.45,60,2026-05-01,Singapore,Lazada,anker usb c hub max,anker,20.38,50.97,66.06,17
Oishi Green Tea,Oishi,Groceries,oishi-seller-033,9.19,22.18,441,4054.14,4.76,63,2026-05-01,Thailand,Shopee,oishi green tea,oishi,7.825,10.67,17.595,16
JBL Earbuds Plus,JBL,Electronics,jbl-seller-048,57.87,0.0,49,2835.74,3.81,661,2026-05-01,Philippines,Lazada,jbl earbuds plus,jbl,61.2375,94.35,246.20000000000002,10
JBL Headphones Mini,JBL,Electronics,jbl-seller-005,226.15,17.99,24,5427.53,5.0,188,2026-05-01,Malaysia,Lazada,jbl headphones mini,jbl,202.53,271.275,336.1925,16
Anker Power Bank 2026,Anker,Accessories,anker-seller-013,88.85,15.61,110,9773.95,4.44,94,2026-05-01,Singapore,Shopee,anker power bank 2026,anker,44.57,69.4,86.0125,24
Maybelline Lip Tint Plus,Maybelline,Beauty,maybelline-seller-041,6.05,0.18,336,2031.97,3.75,39,2026-05-01,Singapore,Lazada,maybelline lip tint plus,maybelline,14.97,36.22,54.89,17
Baseus Laptop Stand Plus,Baseus,Accessories,baseus-seller-048,9.86,0.72,214,2109.66,4.41,147,2026-05-01,Philippines,Lazada,baseus laptop stand plus,baseus,22.48,27.73,45.96,9
Xiaomi Bluetooth Speaker Max,Xiaomi,Electronics,xiaomi-seller-046,317.56,0.36,21,6668.69,4.89,176,2026-05-01,Thailand,Shopee,xiaomi bluetooth speaker max,xiaomi,170.1975,358.53,429.9,14
Nestle Chocolate Drink Plus,Nestle,Groceries,nestle-seller-044,17.64,14.42,312,5503.72,4.44,140,2026-05-01,Philippines,Shopee,nestle chocolate drink plus,nestle,15.2025,24.104999999999997,26.9825,10
Kikkoman Soy Sauce Standard,Kikkoman,Groceries,kikkoman-seller-008,19.0,3.0,216,4104.28,4.35,147,2026-05-01,Thailand,Lazada,kikkoman soy sauce standard,kikkoman,8.004999999999999,15.02,23.1725,20
Samsung Tablet Standard,Samsung,Electronics,samsung-seller-034,95.1,22.01,46,4374.75,4.71,316,2026-05-01,Vietnam,Lazada,samsung tablet standard,samsung,177.91500000000002,272.4,418.955,10
Nestle Cereal Max,Nestle,Groceries,nestle-seller-020,20.19,24.63,278,5612.23,4.83,1648,2026-05-01,Thailand,Lazada,nestle cereal max,nestle,8.004999999999999,15.02,23.1725,20
LocknLock Lunch Box Plus,LocknLock,Home & Living,locknlock-seller-049,115.41,29.68,54,6232.2,4.36,1454,2026-05-01,Indonesia,Lazada,locknlock lunch box plus,locknlock,62.99,90.78,111.11250000000001,8
Baseus Phone Holder,Baseus,Accessories,baseus-seller-052,49.43,12.6,125,6178.74,4.11,20,2026-05-01,Philippines,Shopee,baseus phone holder,baseus,14.13,47.96,49.95,13
Maybelline Mascara Max,Maybelline,Beauty,maybelline-seller-026,46.99,0.59,160,7518.7,4.45,1531,2026-05-01,Malaysia,Shopee,maybelline mascara max,maybelline,17.195,31.865000000000002,47.5,10
Logitech Mechanical Keyboard Standard,Logitech,Accessories,logitech-seller-007,26.79,8.02,146,3911.87,4.57,252,2026-05-01,Philippines,Lazada,logitech mechanical keyboard standard,logitech,22.48,27.73,45.96,9
LocknLock Lunch Box Pro,LocknLock,Home & Living,locknlock-seller-047,79.3,10.7,64,5075.31,4.62,188,2026-05-01,Vietnam,Lazada,locknlock lunch box pro,locknlock,31.21,85.15,128.47,15
Nestle Coffee Max,Nestle,Groceries,nestle-seller-009,9.97,12.35,420,4186.83,4.88,67,2026-05-01,Singapore,Shopee,nestle coffee max,nestle,9.27,10.24,17.47,11
Kikkoman Soy Sauce Plus,Kikkoman,Groceries,kikkoman-seller-037,29.25,3.35,194,5675.15,4.21,60,2026-05-01,Thailand,Lazada,kikkoman soy sauce plus,kikkoman,8.004999999999999,15.02,23.1725,20
Oishi Crackers 2026,Oishi,Groceries,oishi-seller-052,17.76,11.49,309,5486.31,4.0,231,2026-05-01,Thailand,Shopee,oishi crackers 2026,oishi,7.825,10.67,17.595,16
JBL Headphones Mini,JBL,Electronics,jbl-seller-007,367.57,10.18,23,8454.05,4.65,26,2026-05-01,Thailand,Lazada,jbl headphones mini,jbl,282.03,313.03999999999996,366.7725,10
Anker USB-C Hub Plus,Anker,Accessories,anker-seller-008,14.13,10.12,241,3405.58,4.31,65,2026-05-01,Philippines,Shopee,anker usb c hub plus,anker,14.13,47.96,49.95,13
L'Oreal Face Wash 2026,L'Oreal,Beauty,l'oreal-seller-031,22.43,11.22,221,4956.22,4.79,428,2026-05-01,Malaysia,Shopee,l oreal face wash 2026,l oreal,17.195,31.865000000000002,47.5,10
Logitech Mechanical Keyboard,Logitech,Accessories,logitech-seller-001,80.25,10.34,86,6901.29,4.99,702,2026-05-01,Singapore,Shopee,logitech mechanical keyboard,logitech,44.57,69.4,86.0125,24
Logitech Webcam,Logitech,Accessories,logitech-seller-001,88.08,19.21,96,8456.0,4.22,54,2026-05-01,Philippines,Shopee,logitech webcam,logitech,14.13,47.96,49.95,13
JBL Earbuds Mini,JBL,Electronics,jbl-seller-028,358.64,7.73,23,8248.75,4.5,29,2026-05-01,Singapore,Lazada,jbl earbuds mini,jbl,246.51999999999998,358.64,433.225,7
Innisfree Clay Mask Pro,Innisfree,Beauty,innisfree-seller-043,9.74,16.16,327,3185.06,4.65,30,2026-05-01,Malaysia,Lazada,innisfree clay mask pro,innisfree,17.73,37.79,48.92,17
IKEA Storage Box,IKEA,Home & Living,ikea-seller-022,179.2,0.0,34,6092.76,4.78,483,2026-05-01,Singapore,Lazada,ikea storage box,ikea,71.955,118.91,148.615,20
Samsung Monitor Max,Samsung,Electronics,samsung-seller-054,144.65,4.29,42,6075.25,4.62,98,2026-05-01,Vietnam,Shopee,samsung monitor max,samsung,140.8475,245.615,331.37,16
IKEA Kitchen Organizer Pro,IKEA,Home & Living,ikea-seller-045,53.65,17.17,118,6330.49,4.58,261,2026-05-01,Thailand,Shopee,ikea kitchen organizer pro,ikea,43.480000000000004,63.32,111.52000000000001,11
Samsung Tablet Max,Samsung,Electronics,samsung-seller-056,472.4,10.99,14,6613.64,4.45,46,2026-05-01,Thailand,Lazada,samsung tablet max,samsung,282.03,313.03999999999996,366.7725,10
Oishi Crackers,Oishi,Groceries,oishi-seller-021,6.93,7.73,381,2640.25,4.02,286,2026-05-01,Singapore,Lazada,oishi crackers,oishi,13.46,17.32,26.8,17
Baseus Laptop Stand Max,Baseus,Accessories,baseus-seller-029,54.01,11.38,98,5293.12,5.0,21,2026-05-01,Vietnam,Lazada,baseus laptop stand max,baseus,43.84,48.67,54.01,13
Samsung Tablet,Samsung,Electronics,samsung-seller-006,58.59,7.78,52,3046.91,4.19,105,2026-05-01,Thailand,Lazada,samsung tablet,samsung,282.03,313.03999999999996,366.7725,10
Samsung Tablet Standard,Samsung,Electronics,samsung-seller-047,442.34,22.12,19,8404.54,4.34,234,2026-05-01,Malaysia,Lazada,samsung tablet standard,samsung,202.53,271.275,336.1925,16
IKEA Kitchen Organizer 2026,IKEA,Home & Living,ikea-seller-056,36.76,10.33,98,3602.81,4.41,1367,2026-05-01,Singapore,Lazada,ikea kitchen organizer 2026,ikea,71.955,118.91,148.615,20
Nestle Coffee Pro,Nestle,Groceries,nestle-seller-054,6.48,12.34,544,3522.56,4.45,78,2026-05-01,Indonesia,Shopee,nestle coffee pro,nestle,14.587499999999999,20.385,25.2925,16
Nestle Coffee Plus,Nestle,Groceries,nestle-seller-043,25.57,17.28,217,5548.87,4.16,42,2026-05-01,Philippines,Lazada,nestle coffee plus,nestle,17.4725,23.795,27.4225,14
Oishi Green Tea,Oishi,Groceries,oishi-seller-043,27.06,16.84,262,7089.74,4.79,27,2026-05-01,Indonesia,Shopee,oishi green tea,oishi,14.587499999999999,20.385,25.2925,16
Anker Power Bank Standard,Anker,Accessories,anker-seller-011,31.21,14.53,179,5586.79,4.32,123,2026-05-01,Philippines,Shopee,anker power bank standard,anker,14.13,47.96,49.95,13
L'Oreal Face Wash Pro,L'Oreal,Beauty,l'oreal-seller-043,39.37,17.12,134,5275.26,5.0,85,2026-05-01,Malaysia,Lazada,l oreal face wash pro,l oreal,17.73,37.79,48.92,17
Kikkoman Teriyaki Sauce Standard,Kikkoman,Groceries,kikkoman-seller-051,41.83,3.79,177,7404.66,4.76,262,2026-05-01,Singapore,Shopee,kikkoman teriyaki sauce standard,kikkoman,9.27,10.24,17.47,11
Kikkoman Soy Sauce Max,Kikkoman,Groceries,kikkoman-seller-022,21.81,25.04,278,6061.91,4.43,77,2026-05-01,Philippines,Lazada,kikkoman soy sauce max,kikkoman,17.4725,23.795,27.4225,14
LocknLock Water Bottle 2026,LocknLock,Home & Living,locknlock-seller-017,138.08,14.4,57,7870.61,4.41,282,2026-05-01,Singapore,Lazada,locknlock water bottle 2026,locknlock,71.955,118.91,148.615,20
Logitech Wireless Mouse Pro,Logitech,Accessories,logitech-seller-048,48.67,20.0,119,5791.74,4.82,312,2026-05-01,Vietnam,Lazada,logitech wireless mouse pro,logitech,43.84,48.67,54.01,13
Baseus Laptop Stand 2026,Baseus,Accessories,baseus-seller-055,8.73,8.62,274,2392.32,4.09,198,2026-05-01,Indonesia,Shopee,baseus laptop stand 2026,baseus,32.875,42.94,56.325,15
Philips LED Bulb Pro,Philips,Home & Living,philips-seller-004,120.33,21.03,47,5655.45,4.57,190,2026-05-01,Malaysia,Lazada,philips led bulb pro,philips,99.43,120.33,145.39,9
JBL Earbuds,JBL,Electronics,jbl-seller-024,365.86,10.3,16,5853.81,4.39,61,2026-05-01,Indonesia,Shopee,jbl earbuds,jbl,144.42000000000002,251.925,324.045,10
Philips Desk Fan Mini,Philips,Home & Living,philips-seller-015,48.87,0.0,89,4349.04,4.39,194,2026-05-01,Philippines,Shopee,philips desk fan mini,philips,71.9875,83.66,103.23,14
Baseus Laptop Stand Pro,Baseus,Accessories,baseus-seller-010,33.4,0.0,133,4442.58,4.82,448,2026-05-01,Vietnam,Lazada,baseus laptop stand pro,baseus,43.84,48.67,54.01,13
Samsung Monitor 2026,Samsung,Electronics,samsung-seller-039,130.39,14.12,38,4954.71,4.61,194,2026-05-01,Malaysia,Shopee,samsung monitor 2026,samsung,124.2925,230.48000000000002,300.105,14
Baseus Laptop Stand Pro,Baseus,Accessories,baseus-seller-033,29.36,4.12,149,4374.86,4.51,249,2026-05-01,Malaysia,Shopee,baseus laptop stand pro,baseus,36.365,45.53,58.89,15
Maybelline Lip Tint Plus,Maybelline,Beauty,maybelline-seller-041,7.26,15.03,421,3056.95,4.88,96,2026-05-01,Philippines,Shopee,maybelline lip tint plus,maybelline,10.32,35.96,39.27,9
Maybelline Foundation Standard,Maybelline,Beauty,maybelline-seller-052,34.35,7.3,146,5014.45,4.48,2009,2026-05-01,Thailand,Lazada,maybelline foundation standard,maybelline,21.59,27.8,41.525,15
Kikkoman Soy Sauce Max,Kikkoman,Groceries,kikkoman-seller-048,18.76,14.81,293,5496.96,4.29,421,2026-05-01,Malaysia,Shopee,kikkoman soy sauce max,kikkoman,12.36,16.91,28.24,17
Samsung Monitor Pro,Samsung,Electronics,samsung-seller-053,129.44,7.02,45,5824.76,3.92,496,2026-05-01,Vietnam,Shopee,samsung monitor pro,samsung,140.8475,245.615,331.37,16
Baseus Laptop Stand Pro,Baseus,Accessories,baseus-seller-028,10.72,4.95,268,2872.25,4.56,153,2026-05-01,Philippines,Shopee,baseus laptop stand pro,baseus,14.13,47.96,49.95,13
Innisfree Moisturizer Standard,Innisfree,Beauty,innisfree-seller-034,41.25,0.0,131,5403.89,4.16,162,2026-05-01,Philippines,Lazada,innisfree moisturizer standard,innisfree,15.665,18.585,40.62,16
Maybelline Mascara Max,Maybelline,Beauty,maybelline-seller-055,13.17,10.18,258,3398.53,5.0,42,2026-05-01,Philippines,Lazada,maybelline mascara max,maybelline,15.665,18.585,40.62,16
Logitech Mechanical Keyboard,Logitech,Accessories,logitech-seller-051,73.31,11.74,90,6597.92,4.63,140,2026-05-01,Indonesia,Lazada,logitech mechanical keyboard,logitech,27.134999999999998,47.39,63.665000000000006,15
Innisfree Cleanser 2026,Innisfree,Beauty,innisfree-seller-037,44.39,7.09,145,6435.93,4.63,26,2026-05-01,Indonesia,Shopee,innisfree cleanser 2026,innisfree,15.8,24.3,46.02,9
JBL Bluetooth Speaker 2026,JBL,Electronics,jbl-seller-014,450.84,4.07,14,6311.76,4.21,197,2026-05-01,Thailand,Lazada,jbl bluetooth speaker 2026,jbl,282.03,313.03999999999996,366.7725,10
Anker Power Bank,Anker,Accessories,anker-seller-037,19.11,7.61,206,3935.96,5.0,103,2026-05-01,Philippines,Shopee,anker power bank,anker,14.13,47.96,49.95,13
JBL Headphones,JBL,Electronics,jbl-seller-011,252.65,15.91,34,8590.21,4.7,135,2026-05-01,Vietnam,Shopee,jbl headphones,jbl,140.8475,245.615,331.37,16
Innisfree Clay Mask Standard,Innisfree,Beauty,innisfree-seller-008,33.53,16.99,193,6471.72,4.23,501,2026-05-01,Vietnam,Shopee,innisfree clay mask standard,innisfree,33.82,35.96,39.14,9
LocknLock Water Bottle Max,LocknLock,Home & Living,locknlock-seller-047,44.94,15.16,81,3639.81,4.68,598,2026-05-01,Indonesia,Lazada,locknlock water bottle max,locknlock,62.99,90.78,111.11250000000001,8
Logitech Wireless Mouse Plus,Logitech,Accessories,logitech-seller-032,30.23,1.23,155,4685.21,4.57,120,2026-05-01,Singapore,Shopee,logitech wireless mouse plus,logitech,44.57,69.4,86.0125,24
Samsung Tablet Max,Samsung,Electronics,samsung-seller-006,199.77,19.19,39,7790.96,4.31,223,2026-05-01,Malaysia,Shopee,samsung tablet max,samsung,124.2925,230.48000000000002,300.105,14
Maybelline Lip Tint Plus,Maybelline,Beauty,maybelline-seller-024,5.96,0.0,324,1929.46,5.0,103,2026-05-01,Singapore,Lazada,maybelline lip tint plus,maybelline,14.97,36.22,54.89,17
Logitech Wireless Mouse Plus,Logitech,Accessories,logitech-seller-042,11.05,26.45,336,3711.19,5.0,46,2026-05-01,Vietnam,Shopee,logitech wireless mouse plus,logitech,22.4725,45.15,57.9425,20
Baseus Phone Holder Mini,Baseus,Accessories,baseus-seller-031,49.59,21.66,133,6595.6,4.29,88,2026-05-01,Philippines,Shopee,baseus phone holder mini,baseus,14.13,47.96,49.95,13
IKEA Storage Box Plus,IKEA,Home & Living,ikea-seller-042,131.78,9.4,68,8961.26,4.78,273,2026-05-01,Malaysia,Shopee,ikea storage box plus,ikea,48.035,82.215,128.3375,12
Maybelline Mascara Standard,Maybelline,Beauty,maybelline-seller-021,49.43,7.88,123,6079.56,4.55,58,2026-05-01,Philippines,Lazada,maybelline mascara standard,maybelline,15.665,18.585,40.62,16
Samsung SSD Plus,Samsung,Electronics,samsung-seller-036,380.46,3.67,30,11413.91,4.9,286,2026-05-01,Vietnam,Shopee,samsung ssd plus,samsung,140.8475,245.615,331.37,16
Baseus Phone Holder Mini,Baseus,Accessories,baseus-seller-046,26.79,13.23,151,4044.82,4.41,110,2026-05-01,Indonesia,Lazada,baseus phone holder mini,baseus,27.134999999999998,47.39,63.665000000000006,15
Kikkoman Soy Sauce 2026,Kikkoman,Groceries,kikkoman-seller-056,11.66,26.22,425,4956.59,4.72,141,2026-05-01,Philippines,Shopee,kikkoman soy sauce 2026,kikkoman,15.2025,24.104999999999997,26.9825,10
Baseus Laptop Stand,Baseus,Accessories,baseus-seller-021,35.55,6.23,156,5546.01,4.82,449,2026-05-01,Indonesia,Shopee,baseus laptop stand,baseus,32.875,42.94,56.325,15
Kikkoman Soy Sauce Max,Kikkoman,Groceries,kikkoman-seller-011,33.05,16.62,235,7767.58,4.73,563,2026-05-01,Vietnam,Shopee,kikkoman soy sauce max,kikkoman,7.15,19.055,31.1475,14
Logitech Wireless Mouse Mini,Logitech,Accessories,logitech-seller-020,72.84,19.66,96,6992.98,4.38,67,2026-05-01,Vietnam,Lazada,logitech wireless mouse mini,logitech,43.84,48.67,54.01,13
Samsung SSD 2026,Samsung,Electronics,samsung-seller-020,490.15,0.0,18,8822.63,5.0,899,2026-05-01,Malaysia,Shopee,samsung ssd 2026,samsung,124.2925,230.48000000000002,300.105,14
LocknLock Water Bottle Mini,LocknLock,Home & Living,locknlock-seller-032,7.66,17.25,212,1624.1,4.58,17,2026-05-01,Vietnam,Lazada,locknlock water bottle mini,locknlock,31.21,85.15,128.47,15
LocknLock Lunch Box Mini,LocknLock,Home & Living,locknlock-seller-033,142.0,21.1,50,7099.95,4.43,194,2026-05-01,Philippines,Lazada,locknlock lunch box mini,locknlock,26.0225,63.43,93.08250000000001,8
Logitech Wireless Mouse 2026,Logitech,Accessories,logitech-seller-010,67.79,16.02,130,8812.65,4.5,56,2026-05-01,Thailand,Shopee,logitech wireless mouse 2026,logitech,46.2225,52.769999999999996,54.332499999999996,10
Kikkoman Soy Sauce Mini,Kikkoman,Groceries,kikkoman-seller-023,28.24,17.43,260,7341.78,4.44,312,2026-05-01,Malaysia,Shopee,kikkoman soy sauce mini,kikkoman,12.36,16.91,28.24,17
LocknLock Water Bottle Mini,LocknLock,Home & Living,locknlock-seller-017,32.09,7.81,123,3947.3,4.35,78,2026-05-01,Malaysia,Shopee,locknlock water bottle mini,locknlock,48.035,82.215,128.3375,12
Nestle Cereal Standard,Nestle,Groceries,nestle-seller-017,21.89,18.47,245,5361.99,4.93,654,2026-05-01,Malaysia,Lazada,nestle cereal standard,nestle,15.18,21.21,26.63,13
Kikkoman Soy Sauce Standard,Kikkoman,Groceries,kikkoman-seller-041,4.48,15.91,472,2112.84,4.83,59,2026-05-01,Philippines,Lazada,kikkoman soy sauce standard,kikkoman,17.4725,23.795,27.4225,14
Kikkoman Teriyaki Sauce Mini,Kikkoman,Groceries,kikkoman-seller-043,31.65,12.09,169,5349.44,4.7,45,2026-05-01,Philippines,Lazada,kikkoman teriyaki sauce mini,kikkoman,17.4725,23.795,27.4225,14
Xiaomi Bluetooth Speaker,Xiaomi,Electronics,xiaomi-seller-028,212.97,15.24,29,6176.22,4.37,75,2026-05-01,Philippines,Shopee,xiaomi bluetooth speaker,xiaomi,149.2225,197.375,293.7,12
IKEA Desk Lamp Pro,IKEA,Home & Living,ikea-seller-008,78.62,27.59,77,6053.69,4.81,450,2026-05-01,Singapore,Shopee,ikea desk lamp pro,ikea,105.53,116.58,170.69,11
LocknLock Water Bottle Pro,LocknLock,Home & Living,locknlock-seller-041,136.37,10.42,68,9272.93,4.63,155,2026-05-01,Indonesia,Shopee,locknlock water bottle pro,locknlock,52.4625,80.89,127.785,10
Innisfree Clay Mask,Innisfree,Beauty,innisfree-seller-052,21.52,8.24,189,4067.59,4.44,86,2026-05-01,Vietnam,Lazada,innisfree clay mask,innisfree,12.9575,21.795,29.6375,16
Logitech Mechanical Keyboard 2026,Logitech,Accessories,logitech-seller-025,30.43,9.71,138,4198.85,4.1,101,2026-05-01,Thailand,Lazada,logitech mechanical keyboard 2026,logitech,29.2975,59.59,66.9225,22
Kikkoman Teriyaki Sauce Mini,Kikkoman,Groceries,kikkoman-seller-053,15.94,1.53,325,5181.95,4.5,52,2026-05-01,Vietnam,Shopee,kikkoman teriyaki sauce mini,kikkoman,7.15,19.055,31.1475,14
LocknLock Lunch Box Mini,LocknLock,Home & Living,locknlock-seller-056,197.37,21.0,55,10855.4,4.65,144,2026-05-01,Singapore,Shopee,locknlock lunch box mini,locknlock,105.53,116.58,170.69,11
IKEA Desk Lamp 2026,IKEA,Home & Living,ikea-seller-021,93.53,19.31,58,5424.47,4.6,333,2026-05-01,Malaysia,Lazada,ikea desk lamp 2026,ikea,99.43,120.33,145.39,9
Maybelline Lip Tint,Maybelline,Beauty,maybelline-seller-035,58.77,15.35,139,8168.56,4.09,811,2026-05-01,Singapore,Shopee,maybelline lip tint,maybelline,38.55,43.62,54.08,13
Samsung SSD Pro,Samsung,Electronics,samsung-seller-001,370.86,6.21,26,9642.38,5.0,275,2026-05-01,Indonesia,Lazada,samsung ssd pro,samsung,174.74,264.04,328.74,11
Oishi Snack Mix Mini,Oishi,Groceries,oishi-seller-048,26.3,11.11,204,5366.07,4.6,861,2026-05-01,Philippines,Shopee,oishi snack mix mini,oishi,15.2025,24.104999999999997,26.9825,10
Maybelline Mascara Max,Maybelline,Beauty,maybelline-seller-039,35.52,22.75,209,7423.42,5.0,200,2026-05-01,Malaysia,Shopee,maybelline mascara max,maybelline,17.195,31.865000000000002,47.5,10
Nestle Cereal,Nestle,Groceries,nestle-seller-030,30.56,18.09,208,6356.18,4.67,165,2026-05-01,Singapore,Lazada,nestle cereal,nestle,13.46,17.32,26.8,17
Innisfree Cleanser Max,Innisfree,Beauty,innisfree-seller-057,9.69,7.28,316,3061.12,4.25,166,2026-05-01,Indonesia,Lazada,innisfree cleanser max,innisfree,24.55,33.5,37.435,15
Anker Charging Cable,Anker,Accessories,anker-seller-021,72.13,6.12,84,6058.65,4.1,37,2026-05-01,Thailand,Lazada,anker charging cable,anker,29.2975,59.59,66.9225,22
Baseus USB-C Cable Standard,Baseus,Accessories,baseus-seller-011,61.77,0.0,108,6671.19,4.55,478,2026-05-01,Vietnam,Shopee,baseus usb c cable standard,baseus,22.4725,45.15,57.9425,20
Baseus Laptop Stand Mini,Baseus,Accessories,baseus-seller-060,68.19,1.78,99,6750.42,4.52,212,2026-05-01,Indonesia,Shopee,baseus laptop stand mini,baseus,32.875,42.94,56.325,15
Samsung Tablet Max,Samsung,Electronics,samsung-seller-009,96.89,18.06,56,5425.78,4.76,106,2026-05-01,Singapore,Shopee,samsung tablet max,samsung,141.1975,249.04500000000002,445.39,10
Philips Desk Fan Mini,Philips,Home & Living,philips-seller-045,171.82,20.08,39,6700.83,4.85,157,2026-05-01,Singapore,Lazada,philips desk fan mini,philips,71.955,118.91,148.615,20
Baseus USB-C Cable,Baseus,Accessories,baseus-seller-048,47.43,10.32,103,4885.1,4.49,62,2026-05-01,Vietnam,Lazada,baseus usb c cable,baseus,43.84,48.67,54.01,13
Philips Air Fryer 2026,Philips,Home & Living,philips-seller-048,131.43,17.69,49,6439.96,4.61,95,2026-05-01,Vietnam,Lazada,philips air fryer 2026,philips,31.21,85.15,128.47,15
LocknLock Water Bottle Max,LocknLock,Home & Living,locknlock-seller-060,72.61,0.0,54,3921.16,4.69,199,2026-05-01,Philippines,Shopee,locknlock water bottle max,locknlock,71.9875,83.66,103.23,14
Oishi Snack Mix,Oishi,Groceries,oishi-seller-009,3.21,11.34,698,2240.31,4.76,118,2026-05-01,Indonesia,Shopee,oishi snack mix,oishi,14.587499999999999,20.385,25.2925,16
Anker Charging Cable Plus,Anker,Accessories,anker-seller-011,58.45,9.26,100,5845.47,4.15,95,2026-05-01,Indonesia,Lazada,anker charging cable plus,anker,27.134999999999998,47.39,63.665000000000006,15
Maybelline Mascara,Maybelline,Beauty,maybelline-seller-035,60.91,9.36,131,7978.83,4.54,25,2026-05-01,Malaysia,Shopee,maybelline mascara,maybelline,17.195,31.865000000000002,47.5,10
Innisfree Moisturizer Pro,Innisfree,Beauty,innisfree-seller-014,22.07,22.21,187,4126.76,4.68,151,2026-05-01,Vietnam,Lazada,innisfree moisturizer pro,innisfree,12.9575,21.795,29.6375,16
Nestle Chocolate Drink Mini,Nestle,Groceries,nestle-seller-053,28.3,3.5,182,5151.18,4.73,94,2026-05-01,Vietnam,Lazada,nestle chocolate drink mini,nestle,10.715,12.39,21.2325,10
LocknLock Water Bottle Pro,LocknLock,Home & Living,locknlock-seller-001,94.43,5.16,56,5287.98,3.92,42,2026-05-01,Vietnam,Lazada,locknlock water bottle pro,locknlock,31.21,85.15,128.47,15
Innisfree Moisturizer Standard,Innisfree,Beauty,innisfree-seller-001,28.44,20.42,203,5772.52,4.67,81,2026-05-01,Indonesia,Lazada,innisfree moisturizer standard,innisfree,24.55,33.5,37.435,15
JBL Bluetooth Speaker Standard,JBL,Electronics,jbl-seller-028,265.32,10.87,32,8490.08,4.44,170,2026-05-01,Malaysia,Shopee,jbl bluetooth speaker standard,jbl,124.2925,230.48000000000002,300.105,14
Baseus Phone Holder 2026,Baseus,Accessories,baseus-seller-027,49.25,22.15,145,7141.74,4.64,232,2026-05-01,Singapore,Shopee,baseus phone holder 2026,baseus,44.57,69.4,86.0125,24
Logitech Webcam Pro,Logitech,Accessories,logitech-seller-015,83.1,12.86,73,6066.01,4.1,34,2026-05-01,Vietnam,Lazada,logitech webcam pro,logitech,43.84,48.67,54.01,13
Innisfree Moisturizer Plus,Innisfree,Beauty,innisfree-seller-058,35.02,7.34,144,5042.66,5.0,90,2026-05-01,Singapore,Lazada,innisfree moisturizer plus,innisfree,14.97,36.22,54.89,17
Anker Power Bank,Anker,Accessories,anker-seller-029,18.88,13.44,189,3568.67,4.63,704,2026-05-01,Thailand,Lazada,anker power bank,anker,29.2975,59.59,66.9225,22
Maybelline Foundation Standard,Maybelline,Beauty,maybelline-seller-023,52.3,10.3,164,8577.86,4.87,59,2026-05-01,Thailand,Shopee,maybelline foundation standard,maybelline,25.49,35.27,46.04,17
Logitech Mechanical Keyboard Standard,Logitech,Accessories,logitech-seller-009,61.78,13.0,127,7846.01,4.93,97,2026-05-01,Philippines,Shopee,logitech mechanical keyboard standard,logitech,14.13,47.96,49.95,13
L'Oreal Shampoo Max,L'Oreal,Beauty,l'oreal-seller-013,37.56,15.98,155,5822.57,5.0,75,2026-05-01,Singapore,Lazada,l oreal shampoo max,l oreal,14.97,36.22,54.89,17
Anker Charging Cable Mini,Anker,Accessories,anker-seller-032,41.63,9.73,115,4787.1,5.0,4,2026-05-01,Singapore,Lazada,anker charging cable mini,anker,20.38,50.97,66.06,17
Innisfree Cleanser Max,Innisfree,Beauty,innisfree-seller-060,35.96,16.58,179,6436.34,4.85,1017,2026-05-01,Philippines,Shopee,innisfree cleanser max,innisfree,10.32,35.96,39.27,9
Oishi Green Tea,Oishi,Groceries,oishi-seller-002,16.92,23.16,307,5193.29,5.0,185,2026-05-01,Philippines,Lazada,oishi green tea,oishi,17.4725,23.795,27.4225,14
Maybelline Mascara,Maybelline,Beauty,maybelline-seller-044,48.89,9.26,155,7577.8,4.96,243,2026-05-01,Thailand,Shopee,maybelline mascara,maybelline,25.49,35.27,46.04,17
Innisfree Cleanser Max,Innisfree,Beauty,innisfree-seller-001,36.99,4.42,177,6546.4,4.99,133,2026-05-01,Thailand,Shopee,innisfree cleanser max,innisfree,25.49,35.27,46.04,17
Innisfree Moisturizer Standard,Innisfree,Beauty,innisfree-seller-049,17.62,20.72,242,4263.01,4.16,169,2026-05-01,Singapore,Lazada,innisfree moisturizer standard,innisfree,14.97,36.22,54.89,17
IKEA Kitchen Organizer Mini,IKEA,Home & Living,ikea-seller-012,102.99,24.84,63,6488.67,4.92,147,2026-05-01,Singapore,Shopee,ikea kitchen organizer mini,ikea,105.53,116.58,170.69,11
Anker Power Bank 2026,Anker,Accessories,anker-seller-043,18.61,23.42,187,3479.16,4.58,541,2026-05-01,Thailand,Lazada,anker power bank 2026,anker,29.2975,59.59,66.9225,22
Samsung SSD Max,Samsung,Electronics,samsung-seller-047,130.75,6.25,48,6275.79,4.5,258,2026-05-01,Singapore,Shopee,samsung ssd max,samsung,141.1975,249.04500000000002,445.39,10
Kikkoman Soy Sauce 2026,Kikkoman,Groceries,kikkoman-seller-008,25.21,16.44,268,6756.23,4.29,91,2026-05-01,Indonesia,Shopee,kikkoman soy sauce 2026,kikkoman,14.587499999999999,20.385,25.2925,16
Anker USB-C Hub 2026,Anker,Accessories,anker-seller-028,67.25,22.37,105,7061.5,4.55,420,2026-05-01,Thailand,Lazada,anker usb c hub 2026,anker,29.2975,59.59,66.9225,22
Logitech Mechanical Keyboard Plus,Logitech,Accessories,logitech-seller-034,25.64,7.09,177,4538.04,4.58,68,2026-05-01,Vietnam,Shopee,logitech mechanical keyboard plus,logitech,22.4725,45.15,57.9425,20
Nestle Cereal Plus,Nestle,Groceries,nestle-seller-004,6.34,3.38,469,2974.63,4.27,194,2026-05-01,Malaysia,Shopee,nestle cereal plus,nestle,12.36,16.91,28.24,17
Anker USB-C Hub Pro,Anker,Accessories,anker-seller-024,72.24,20.89,85,6140.24,4.82,155,2026-05-01,Indonesia,Lazada,anker usb c hub pro,anker,27.134999999999998,47.39,63.665000000000006,15
Xiaomi Bluetooth Speaker Standard,Xiaomi,Electronics,xiaomi-seller-012,312.67,12.25,28,8754.83,4.43,438,2026-05-01,Malaysia,Lazada,xiaomi bluetooth speaker standard,xiaomi,202.53,271.275,336.1925,16
Baseus Phone Holder Pro,Baseus,Accessories,baseus-seller-014,60.77,10.55,121,7353.33,4.03,9,2026-05-01,Vietnam,Shopee,baseus phone holder pro,baseus,22.4725,45.15,57.9425,20
Maybelline Mascara Plus,Maybelline,Beauty,maybelline-seller-012,52.97,6.98,117,6197.88,5.0,1297,2026-05-01,Malaysia,Lazada,maybelline mascara plus,maybelline,17.73,37.79,48.92,17
Innisfree Moisturizer Standard,Innisfree,Beauty,innisfree-seller-007,35.24,17.88,181,6378.7,4.57,92,2026-05-01,Malaysia,Lazada,innisfree moisturizer standard,innisfree,17.73,37.79,48.92,17
IKEA Storage Box Pro,IKEA,Home & Living,ikea-seller-048,69.11,16.87,79,5460.06,4.68,142,2026-05-01,Philippines,Shopee,ikea storage box pro,ikea,71.9875,83.66,103.23,14
Kikkoman Teriyaki Sauce 2026,Kikkoman,Groceries,kikkoman-seller-038,31.06,20.77,220,6834.2,4.99,158,2026-05-01,Malaysia,Lazada,kikkoman teriyaki sauce 2026,kikkoman,15.18,21.21,26.63,13
Logitech Webcam Max,Logitech,Accessories,logitech-seller-039,9.77,11.48,309,3020.35,4.62,484,2026-05-01,Singapore,Shopee,logitech webcam max,logitech,44.57,69.4,86.0125,24
Philips LED Bulb 2026,Philips,Home & Living,philips-seller-046,112.42,12.64,61,6857.57,4.52,379,2026-05-01,Vietnam,Shopee,philips led bulb 2026,philips,72.255,89.83,137.9425,10
Baseus Phone Holder Pro,Baseus,Accessories,baseus-seller-020,71.65,8.41,104,7451.13,4.24,73,2026-05-01,Singapore,Shopee,baseus phone holder pro,baseus,44.57,69.4,86.0125,24
Kikkoman Soy Sauce Standard,Kikkoman,Groceries,kikkoman-seller-009,29.71,15.87,205,6090.29,4.73,475,2026-05-01,Philippines,Lazada,kikkoman soy sauce standard,kikkoman,17.4725,23.795,27.4225,14
Philips Air Fryer,Philips,Home & Living,philips-seller-055,41.49,28.84,101,4190.4,3.83,56,2026-05-01,Thailand,Lazada,philips air fryer,philips,43.7525,67.965,115.715,10
Innisfree Cleanser Max,Innisfree,Beauty,innisfree-seller-008,17.84,0.0,206,3675.48,4.56,39,2026-05-01,Indonesia,Lazada,innisfree cleanser max,innisfree,24.55,33.5,37.435,15
JBL Headphones Mini,JBL,Electronics,jbl-seller-051,492.94,0.0,21,10351.7,4.44,712,2026-05-01,Singapore,Shopee,jbl headphones mini,jbl,141.1975,249.04500000000002,445.39,10
LocknLock Lunch Box 2026,LocknLock,Home & Living,locknlock-seller-019,67.78,16.27,85,5761.06,4.15,65,2026-05-01,Vietnam,Shopee,locknlock lunch box 2026,locknlock,72.255,89.83,137.9425,10
Kikkoman Teriyaki Sauce Plus,Kikkoman,Groceries,kikkoman-seller-044,22.17,17.02,313,6937.8,3.97,953,2026-05-01,Vietnam,Shopee,kikkoman teriyaki sauce plus,kikkoman,7.15,19.055,31.1475,14
Nestle Chocolate Drink Plus,Nestle,Groceries,nestle-seller-036,25.36,0.83,244,6187.85,4.55,580,2026-05-01,Indonesia,Shopee,nestle chocolate drink plus,nestle,14.587499999999999,20.385,25.2925,16
LocknLock Water Bottle 2026,LocknLock,Home & Living,locknlock-seller-001,175.35,0.0,41,7189.41,4.68,61,2026-05-01,Singapore,Lazada,locknlock water bottle 2026,locknlock,71.955,118.91,148.615,20
Philips LED Bulb,Philips,Home & Living,philips-seller-033,106.34,10.19,63,6699.42,4.09,98,2026-05-01,Thailand,Shopee,philips led bulb,philips,43.480000000000004,63.32,111.52000000000001,11
L'Oreal Hair Serum Max,L'Oreal,Beauty,l'oreal-seller-018,53.46,22.85,138,7376.87,4.37,281,2026-05-01,Singapore,Lazada,l oreal hair serum max,l oreal,14.97,36.22,54.89,17
Oishi Green Tea Mini,Oishi,Groceries,oishi-seller-016,15.03,19.68,365,5487.31,4.63,281,2026-05-01,Indonesia,Shopee,oishi green tea mini,oishi,14.587499999999999,20.385,25.2925,16
Nestle Coffee Pro,Nestle,Groceries,nestle-seller-056,26.24,13.08,240,6296.41,4.54,128,2026-05-01,Malaysia,Shopee,nestle coffee pro,nestle,12.36,16.91,28.24,17
Kikkoman Soy Sauce Standard,Kikkoman,Groceries,kikkoman-seller-042,4.78,4.76,549,2626.73,4.48,754,2026-05-01,Vietnam,Shopee,kikkoman soy sauce standard,kikkoman,7.15,19.055,31.1475,14
L'Oreal Face Wash Mini,L'Oreal,Beauty,l'oreal-seller-017,7.95,0.0,288,2289.48,4.78,870,2026-05-01,Malaysia,Lazada,l oreal face wash mini,l oreal,17.73,37.79,48.92,17
Samsung Monitor Pro,Samsung,Electronics,samsung-seller-004,401.48,5.77,22,8832.59,5.0,165,2026-05-01,Philippines,Shopee,samsung monitor pro,samsung,149.2225,197.375,293.7,12
L'Oreal Face Wash Pro,L'Oreal,Beauty,l'oreal-seller-012,17.63,17.8,261,4600.4,4.48,42,2026-05-01,Philippines,Shopee,l oreal face wash pro,l oreal,10.32,35.96,39.27,9
Philips Desk Fan Standard,Philips,Home & Living,philips-seller-047,91.95,10.32,78,7172.01,4.41,522,2026-05-01,Malaysia,Shopee,philips desk fan standard,philips,48.035,82.215,128.3375,12
Maybelline Lip Tint Mini,Maybelline,Beauty,maybelline-seller-036,14.0,5.26,233,3262.71,4.52,71,2026-05-01,Philippines,Lazada,maybelline lip tint mini,maybelline,15.665,18.585,40.62,16
Nestle Cereal 2026,Nestle,Groceries,nestle-seller-038,22.4,8.0,232,5197.9,4.88,18,2026-05-01,Thailand,Lazada,nestle cereal 2026,nestle,8.004999999999999,15.02,23.1725,20
Nestle Coffee Max,Nestle,Groceries,nestle-seller-047,26.39,24.04,256,6755.94,5.0,151,2026-05-01,Philippines,Lazada,nestle coffee max,nestle,17.4725,23.795,27.4225,14
Nestle Coffee Plus,Nestle,Groceries,nestle-seller-012,17.57,23.66,289,5076.78,4.23,18,2026-05-01,Singapore,Lazada,nestle coffee plus,nestle,13.46,17.32,26.8,17
Oishi Crackers Plus,Oishi,Groceries,oishi-seller-047,9.12,7.5,432,3940.93,4.05,192,2026-05-01,Singapore,Shopee,oishi crackers plus,oishi,9.27,10.24,17.47,11
Anker USB-C Hub 2026,Anker,Accessories,anker-seller-053,29.12,6.86,152,4426.72,5.0,112,2026-05-01,Thailand,Lazada,anker usb c hub 2026,anker,29.2975,59.59,66.9225,22
Logitech Wireless Mouse Plus,Logitech,Accessories,logitech-seller-016,86.01,17.3,113,9718.88,4.36,27,2026-05-01,Singapore,Shopee,logitech wireless mouse plus,logitech,44.57,69.4,86.0125,24
Baseus Phone Holder 2026,Baseus,Accessories,baseus-seller-047,23.82,9.38,172,4096.37,4.55,19,2026-05-01,Singapore,Lazada,baseus phone holder 2026,baseus,20.38,50.97,66.06,17
JBL Bluetooth Speaker Standard,JBL,Electronics,jbl-seller-053,57.8,7.07,66,3814.87,4.7,21,2026-05-01,Vietnam,Shopee,jbl bluetooth speaker standard,jbl,140.8475,245.615,331.37,16
Oishi Green Tea Pro,Oishi,Groceries,oishi-seller-010,4.62,11.25,606,2798.7,4.56,625,2026-05-01,Vietnam,Shopee,oishi green tea pro,oishi,7.15,19.055,31.1475,14
Logitech Webcam Max,Logitech,Accessories,logitech-seller-053,61.15,7.79,100,6115.47,4.57,130,2026-05-01,Philippines,Shopee,logitech webcam max,logitech,14.13,47.96,49.95,13
Oishi Snack Mix,Oishi,Groceries,oishi-seller-037,12.23,29.26,484,5918.27,5.0,31,2026-05-01,Malaysia,Shopee,oishi snack mix,oishi,12.36,16.91,28.24,17
Innisfree Moisturizer 2026,Innisfree,Beauty,innisfree-seller-016,69.04,15.5,149,10287.07,4.35,9,2026-05-01,Singapore,Shopee,innisfree moisturizer 2026,innisfree,38.55,43.62,54.08,13
IKEA Desk Lamp,IKEA,Home & Living,ikea-seller-003,99.51,19.09,59,5871.06,4.17,200,2026-05-01,Vietnam,Lazada,ikea desk lamp,ikea,31.21,85.15,128.47,15
Baseus Laptop Stand 2026,Baseus,Accessories,baseus-seller-001,43.84,15.62,110,4822.94,5.0,117,2026-05-01,Vietnam,Lazada,baseus laptop stand 2026,baseus,43.84,48.67,54.01,13
Nestle Cereal 2026,Nestle,Groceries,nestle-seller-023,9.93,11.67,431,4280.71,4.42,111,2026-05-01,Thailand,Shopee,nestle cereal 2026,nestle,7.825,10.67,17.595,16
Kikkoman Teriyaki Sauce Max,Kikkoman,Groceries,kikkoman-seller-057,22.02,12.64,197,4337.46,4.56,369,2026-05-01,Philippines,Lazada,kikkoman teriyaki sauce max,kikkoman,17.4725,23.795,27.4225,14
Xiaomi Smart Band 2026,Xiaomi,Electronics,xiaomi-seller-007,66.28,3.85,48,3181.22,3.74,72,2026-05-01,Philippines,Shopee,xiaomi smart band 2026,xiaomi,149.2225,197.375,293.7,12
Baseus Laptop Stand Standard,Baseus,Accessories,baseus-seller-024,13.45,14.23,213,2865.21,3.95,515,2026-05-01,Malaysia,Lazada,baseus laptop stand standard,baseus,30.759999999999998,44.34,67.69,11
IKEA Desk Lamp Plus,IKEA,Home & Living,ikea-seller-034,87.71,0.0,67,5876.44,3.87,133,2026-05-01,Vietnam,Shopee,ikea desk lamp plus,ikea,72.255,89.83,137.9425,10
Xiaomi Router Max,Xiaomi,Electronics,xiaomi-seller-020,35.43,11.57,72,2550.64,4.64,30,2026-05-01,Malaysia,Shopee,xiaomi router max,xiaomi,124.2925,230.48000000000002,300.105,14
L'Oreal Hair Serum Plus,L'Oreal,Beauty,l'oreal-seller-043,33.5,7.49,166,5561.06,4.69,200,2026-05-01,Indonesia,Lazada,l oreal hair serum plus,l oreal,24.55,33.5,37.435,15
Logitech Wireless Mouse,Logitech,Accessories,logitech-seller-042,75.15,7.11,85,6387.87,4.38,162,2026-05-01,Malaysia,Lazada,logitech wireless mouse,logitech,30.759999999999998,44.34,67.69,11
Nestle Cereal Max,Nestle,Groceries,nestle-seller-051,9.24,1.21,316,2920.58,4.95,131,2026-05-01,Thailand,Lazada,nestle cereal max,nestle,8.004999999999999,15.02,23.1725,20
Baseus Laptop Stand Max,Baseus,Accessories,baseus-seller-018,94.15,14.09,103,9697.25,4.83,74,2026-05-01,Singapore,Shopee,baseus laptop stand max,baseus,44.57,69.4,86.0125,24
L'Oreal Shampoo,L'Oreal,Beauty,l'oreal-seller-025,42.38,6.82,169,7161.89,4.56,25,2026-05-01,Thailand,Shopee,l oreal shampoo,l oreal,25.49,35.27,46.04,17
JBL Earbuds Max,JBL,Electronics,jbl-seller-027,270.17,2.39,21,5673.67,5.0,6,2026-05-01,Malaysia,Lazada,jbl earbuds max,jbl,202.53,271.275,336.1925,16
Kikkoman Soy Sauce Plus,Kikkoman,Groceries,kikkoman-seller-027,11.71,1.49,266,3113.83,4.36,263,2026-05-01,Indonesia,Lazada,kikkoman soy sauce plus,kikkoman,10.84,21.16,32.38,15
Philips Air Fryer Mini,Philips,Home & Living,philips-seller-035,52.28,12.3,82,4287.23,4.13,45,2026-05-01,Indonesia,Lazada,philips air fryer mini,philips,62.99,90.78,111.11250000000001,8
Baseus Phone Holder Plus,Baseus,Accessories,baseus-seller-034,15.95,7.08,202,3221.55,4.45,149,2026-05-01,Thailand,Lazada,baseus phone holder plus,baseus,29.2975,59.59,66.9225,22
Logitech Mechanical Keyboard Standard,Logitech,Accessories,logitech-seller-014,42.94,0.4,122,5239.15,4.21,56,2026-05-01,Indonesia,Shopee,logitech mechanical keyboard standard,logitech,32.875,42.94,56.325,15
LocknLock Water Bottle Standard,LocknLock,Home & Living,locknlock-seller-004,156.97,17.35,39,6121.77,3.62,428,2026-05-01,Vietnam,Lazada,locknlock water bottle standard,locknlock,31.21,85.15,128.47,15
Nestle Cereal 2026,Nestle,Groceries,nestle-seller-054,16.53,17.77,305,5040.28,4.58,431,2026-05-01,Malaysia,Lazada,nestle cereal 2026,nestle,15.18,21.21,26.63,13
Oishi Green Tea Standard,Oishi,Groceries,oishi-seller-048,20.35,12.98,241,4905.05,4.47,97,2026-05-01,Indonesia,Lazada,oishi green tea standard,oishi,10.84,21.16,32.38,15
Nestle Chocolate Drink Standard,Nestle,Groceries,nestle-seller-045,33.21,4.42,236,7836.58,4.71,35,2026-05-01,Thailand,Shopee,nestle chocolate drink standard,nestle,7.825,10.67,17.595,16
Baseus USB-C Cable Max,Baseus,Accessories,baseus-seller-038,14.1,6.05,207,2919.36,4.0,1631,2026-05-01,Singapore,Lazada,baseus usb c cable max,baseus,20.38,50.97,66.06,17
IKEA Desk Lamp 2026,IKEA,Home & Living,ikea-seller-024,148.66,8.74,50,7432.98,4.34,381,2026-05-01,Vietnam,Lazada,ikea desk lamp 2026,ikea,31.21,85.15,128.47,15
Oishi Green Tea Mini,Oishi,Groceries,oishi-seller-054,2.88,12.63,775,2228.69,4.8,688,2026-05-01,Thailand,Shopee,oishi green tea mini,oishi,7.825,10.67,17.595,16
Nestle Chocolate Drink 2026,Nestle,Groceries,nestle-seller-048,10.24,21.26,453,4636.74,4.89,267,2026-05-01,Singapore,Shopee,nestle chocolate drink 2026,nestle,9.27,10.24,17.47,11
JBL Headphones Pro,JBL,Electronics,jbl-seller-029,264.04,7.42,15,3960.67,4.08,301,2026-05-01,Indonesia,Lazada,jbl headphones pro,jbl,174.74,264.04,328.74,11
L'Oreal Shampoo Standard,L'Oreal,Beauty,l'oreal-seller-057,39.27,6.29,164,6440.14,4.46,8,2026-05-01,Philippines,Shopee,l oreal shampoo standard,l oreal,10.32,35.96,39.27,9
IKEA Kitchen Organizer 2026,IKEA,Home & Living,ikea-seller-001,71.78,0.0,86,6172.75,4.85,535,2026-05-01,Philippines,Shopee,ikea kitchen organizer 2026,ikea,71.9875,83.66,103.23,14
Nestle Coffee Pro,Nestle,Groceries,nestle-seller-006,31.86,1.83,170,5415.47,4.01,128,2026-05-01,Indonesia,Lazada,nestle coffee pro,nestle,10.84,21.16,32.38,15
Kikkoman Soy Sauce Plus,Kikkoman,Groceries,kikkoman-seller-040,4.57,13.29,517,2362.8,4.67,99,2026-05-01,Indonesia,Lazada,kikkoman soy sauce plus,kikkoman,10.84,21.16,32.38,15
Xiaomi Router Mini,Xiaomi,Electronics,xiaomi-seller-039,350.81,14.78,25,8770.35,5.0,366,2026-05-01,Vietnam,Shopee,xiaomi router mini,xiaomi,140.8475,245.615,331.37,16
JBL Headphones Max,JBL,Electronics,jbl-seller-026,484.09,17.81,17,8229.61,4.99,166,2026-05-01,Vietnam,Lazada,jbl headphones max,jbl,177.91500000000002,272.4,418.955,10
Anker Power Bank Plus,Anker,Accessories,anker-seller-013,63.51,6.37,114,7240.26,4.42,582,2026-05-01,Singapore,Shopee,anker power bank plus,anker,44.57,69.4,86.0125,24
Logitech Mechanical Keyboard Mini,Logitech,Accessories,logitech-seller-050,53.57,9.51,123,6589.45,4.78,195,2026-05-01,Malaysia,Shopee,logitech mechanical keyboard mini,logitech,36.365,45.53,58.89,15
Nestle Coffee Mini,Nestle,Groceries,nestle-seller-007,22.08,17.62,257,5674.11,4.8,99,2026-05-01,Malaysia,Shopee,nestle coffee mini,nestle,12.36,16.91,28.24,17
IKEA Storage Box 2026,IKEA,Home & Living,ikea-seller-036,20.28,20.9,184,3731.67,4.71,36,2026-05-01,Vietnam,Shopee,ikea storage box 2026,ikea,72.255,89.83,137.9425,10
Nestle Coffee Mini,Nestle,Groceries,nestle-seller-037,3.75,15.55,646,2423.21,4.83,281,2026-05-01,Thailand,Shopee,nestle coffee mini,nestle,7.825,10.67,17.595,16
Logitech Mechanical Keyboard Standard,Logitech,Accessories,logitech-seller-020,30.25,15.86,150,4537.53,4.28,55,2026-05-01,Vietnam,Lazada,logitech mechanical keyboard standard,logitech,43.84,48.67,54.01,13
Innisfree Cleanser 2026,Innisfree,Beauty,innisfree-seller-021,11.13,18.82,314,3495.68,3.88,43,2026-05-01,Vietnam,Lazada,innisfree cleanser 2026,innisfree,12.9575,21.795,29.6375,16
Kikkoman Soy Sauce Pro,Kikkoman,Groceries,kikkoman-seller-027,27.82,14.95,239,6649.21,4.42,249,2026-05-01,Singapore,Lazada,kikkoman soy sauce pro,kikkoman,13.46,17.32,26.8,17
IKEA Desk Lamp Mini,IKEA,Home & Living,ikea-seller-051,111.66,2.76,61,6811.5,4.93,54,2026-05-01,Philippines,Shopee,ikea desk lamp mini,ikea,71.9875,83.66,103.23,14
IKEA Storage Box 2026,IKEA,Home & Living,ikea-seller-010,73.34,18.52,71,5207.23,4.44,40,2026-05-01,Singapore,Lazada,ikea storage box 2026,ikea,71.955,118.91,148.615,20
Baseus USB-C Cable Max,Baseus,Accessories,baseus-seller-015,27.73,17.45,163,4520.13,4.67,180,2026-05-01,Philippines,Lazada,baseus usb c cable max,baseus,22.48,27.73,45.96,9
Kikkoman Teriyaki Sauce Plus,Kikkoman,Groceries,kikkoman-seller-051,4.3,17.64,652,2803.97,4.63,158,2026-05-01,Thailand,Shopee,kikkoman teriyaki sauce plus,kikkoman,7.825,10.67,17.595,16
Innisfree Cleanser,Innisfree,Beauty,innisfree-seller-028,27.89,2.17,154,4295.64,4.2,2295,2026-05-01,Thailand,Lazada,innisfree cleanser,innisfree,21.59,27.8,41.525,15
Oishi Crackers Mini,Oishi,Groceries,oishi-seller-005,10.47,5.03,300,3141.65,4.02,235,2026-05-01,Vietnam,Lazada,oishi crackers mini,oishi,10.715,12.39,21.2325,10
Logitech Wireless Mouse,Logitech,Accessories,logitech-seller-056,65.94,13.46,91,6000.52,4.39,577,2026-05-01,Thailand,Lazada,logitech wireless mouse,logitech,29.2975,59.59,66.9225,22
Xiaomi Bluetooth Speaker Pro,Xiaomi,Electronics,xiaomi-seller-011,311.7,18.4,17,5298.93,4.8,272,2026-05-01,Malaysia,Shopee,xiaomi bluetooth speaker pro,xiaomi,124.2925,230.48000000000002,300.105,14
Anker Power Bank Pro,Anker,Accessories,anker-seller-023,53.02,5.82,125,6627.75,4.62,96,2026-05-01,Malaysia,Shopee,anker power bank pro,anker,36.365,45.53,58.89,15
Kikkoman Teriyaki Sauce Pro,Kikkoman,Groceries,kikkoman-seller-031,7.24,15.85,519,3759.29,5.0,368,2026-05-01,Vietnam,Shopee,kikkoman teriyaki sauce pro,kikkoman,7.15,19.055,31.1475,14
Oishi Crackers Plus,Oishi,Groceries,oishi-seller-003,30.52,7.17,174,5310.68,4.54,1602,2026-05-01,Malaysia,Lazada,oishi crackers plus,oishi,15.18,21.21,26.63,13
JBL Headphones Max,JBL,Electronics,jbl-seller-009,225.04,8.53,23,5175.99,4.42,136,2026-05-01,Malaysia,Lazada,jbl headphones max,jbl,202.53,271.275,336.1925,16
Philips Air Fryer Pro,Philips,Home & Living,philips-seller-006,138.73,16.73,42,5826.56,4.41,9,2026-05-01,Singapore,Lazada,philips air fryer pro,philips,71.955,118.91,148.615,20
LocknLock Food Container Max,LocknLock,Home & Living,locknlock-seller-003,130.74,16.35,36,4706.48,4.25,136,2026-05-01,Philippines,Lazada,locknlock food container max,locknlock,26.0225,63.43,93.08250000000001,8
Kikkoman Soy Sauce 2026,Kikkoman,Groceries,kikkoman-seller-055,16.77,21.51,364,6105.52,4.65,96,2026-05-01,Indonesia,Shopee,kikkoman soy sauce 2026,kikkoman,14.587499999999999,20.385,25.2925,16
Xiaomi Router Plus,Xiaomi,Electronics,xiaomi-seller-055,248.62,6.7,20,4972.36,4.71,107,2026-05-01,Vietnam,Lazada,xiaomi router plus,xiaomi,177.91500000000002,272.4,418.955,10
JBL Headphones Standard,JBL,Electronics,jbl-seller-023,223.11,26.06,40,8924.42,4.48,133,2026-05-01,Vietnam,Shopee,jbl headphones standard,jbl,140.8475,245.615,331.37,16
LocknLock Water Bottle Standard,LocknLock,Home & Living,locknlock-seller-012,122.15,17.7,42,5130.37,3.87,133,2026-05-01,Singapore,Lazada,locknlock water bottle standard,locknlock,71.955,118.91,148.615,20
JBL Bluetooth Speaker Plus,JBL,Electronics,jbl-seller-022,175.84,19.17,33,5802.75,4.78,71,2026-05-01,Philippines,Shopee,jbl bluetooth speaker plus,jbl,149.2225,197.375,293.7,12
Maybelline Foundation 2026,Maybelline,Beauty,maybelline-seller-045,13.52,13.36,279,3772.89,4.49,35,2026-05-01,Vietnam,Lazada,maybelline foundation 2026,maybelline,12.9575,21.795,29.6375,16
Anker Charging Cable Standard,Anker,Accessories,anker-seller-035,69.04,8.53,95,6558.51,4.14,2653,2026-05-01,Philippines,Lazada,anker charging cable standard,anker,22.48,27.73,45.96,9
Kikkoman Soy Sauce Pro,Kikkoman,Groceries,kikkoman-seller-037,27.56,16.85,195,5373.31,4.64,27,2026-05-01,Thailand,Lazada,kikkoman soy sauce pro,kikkoman,8.004999999999999,15.02,23.1725,20
Anker Charging Cable Plus,Anker,Accessories,anker-seller-014,19.9,10.08,183,3641.04,4.57,114,2026-05-01,Vietnam,Lazada,anker charging cable plus,anker,43.84,48.67,54.01,13
Baseus Laptop Stand Pro,Baseus,Accessories,baseus-seller-017,53.38,6.91,119,6351.8,4.28,321,2026-05-01,Vietnam,Shopee,baseus laptop stand pro,baseus,22.4725,45.15,57.9425,20
Logitech Wireless Mouse Pro,Logitech,Accessories,logitech-seller-026,47.96,18.53,153,7337.14,4.77,67,2026-05-01,Philippines,Shopee,logitech wireless mouse pro,logitech,14.13,47.96,49.95,13
JBL Headphones 2026,JBL,Electronics,jbl-seller-043,296.18,15.53,29,8589.34,4.26,30,2026-05-01,Vietnam,Lazada,jbl headphones 2026,jbl,177.91500000000002,272.4,418.955,10
Logitech Mechanical Keyboard Pro,Logitech,Accessories,logitech-seller-049,41.06,0.0,142,5830.36,4.69,250,2026-05-01,Malaysia,Shopee,logitech mechanical keyboard pro,logitech,36.365,45.53,58.89,15
Nestle Cereal Plus,Nestle,Groceries,nestle-seller-031,14.1,14.2,356,5020.47,4.13,8,2026-05-01,Malaysia,Shopee,nestle cereal plus,nestle,12.36,16.91,28.24,17
JBL Headphones Mini,JBL,Electronics,jbl-seller-025,249.57,24.95,30,7487.15,4.87,122,2026-05-01,Indonesia,Shopee,jbl headphones mini,jbl,144.42000000000002,251.925,324.045,10
Baseus Phone Holder Mini,Baseus,Accessories,baseus-seller-040,78.51,15.77,118,9264.68,4.42,100,2026-05-01,Vietnam,Shopee,baseus phone holder mini,baseus,22.4725,45.15,57.9425,20
L'Oreal Shampoo Plus,L'Oreal,Beauty,l'oreal-seller-060,40.79,0.4,112,4568.01,4.03,49,2026-05-01,Thailand,Lazada,l oreal shampoo plus,l oreal,21.59,27.8,41.525,15
L'Oreal Face Wash Plus,L'Oreal,Beauty,l'oreal-seller-017,26.11,16.54,194,5064.69,4.38,157,2026-05-01,Thailand,Lazada,l oreal face wash plus,l oreal,21.59,27.8,41.525,15
Xiaomi Router Plus,Xiaomi,Electronics,xiaomi-seller-041,254.28,16.9,32,8136.88,4.35,456,2026-05-01,Indonesia,Shopee,xiaomi router plus,xiaomi,144.42000000000002,251.925,324.045,10
Logitech Webcam 2026,Logitech,Accessories,logitech-seller-027,30.28,17.36,171,5178.16,4.65,117,2026-05-01,Indonesia,Shopee,logitech webcam 2026,logitech,32.875,42.94,56.325,15
LocknLock Water Bottle Pro,LocknLock,Home & Living,locknlock-seller-014,87.87,8.39,77,6765.91,4.96,161,2026-05-01,Philippines,Shopee,locknlock water bottle pro,locknlock,71.9875,83.66,103.23,14
Innisfree Clay Mask Pro,Innisfree,Beauty,innisfree-seller-058,28.85,9.11,190,5481.41,4.41,135,2026-05-01,Thailand,Shopee,innisfree clay mask pro,innisfree,25.49,35.27,46.04,17
Samsung Monitor Plus,Samsung,Electronics,samsung-seller-027,210.75,7.73,43,9062.11,4.27,166,2026-05-01,Malaysia,Shopee,samsung monitor plus,samsung,124.2925,230.48000000000002,300.105,14
LocknLock Lunch Box,LocknLock,Home & Living,locknlock-seller-022,158.09,5.8,47,7430.33,4.31,122,2026-05-01,Malaysia,Lazada,locknlock lunch box,locknlock,99.43,120.33,145.39,9
JBL Earbuds 2026,JBL,Electronics,jbl-seller-036,415.9,6.78,17,7070.32,4.3,912,2026-05-01,Vietnam,Shopee,jbl earbuds 2026,jbl,140.8475,245.615,331.37,16
LocknLock Food Container Pro,LocknLock,Home & Living,locknlock-seller-055,120.18,17.47,59,7090.84,3.75,168,2026-05-01,Indonesia,Shopee,locknlock food container pro,locknlock,52.4625,80.89,127.785,10
Maybelline Lip Tint,Maybelline,Beauty,maybelline-seller-007,18.48,0.58,202,3732.5,4.71,195,2026-05-01,Philippines,Lazada,maybelline lip tint,maybelline,15.665,18.585,40.62,16
Baseus USB-C Cable Mini,Baseus,Accessories,baseus-seller-060,60.97,13.38,116,7072.79,5.0,121,2026-05-01,Vietnam,Shopee,baseus usb c cable mini,baseus,22.4725,45.15,57.9425,20
Samsung Tablet Mini,Samsung,Electronics,samsung-seller-007,525.64,19.7,18,9461.53,4.35,98,2026-05-01,Singapore,Shopee,samsung tablet mini,samsung,141.1975,249.04500000000002,445.39,10
Philips LED Bulb Max,Philips,Home & Living,philips-seller-019,17.57,9.81,144,2529.44,5.0,939,2026-05-01,Philippines,Lazada,philips led bulb max,philips,26.0225,63.43,93.08250000000001,8
Nestle Chocolate Drink Plus,Nestle,Groceries,nestle-seller-008,17.27,9.88,321,5544.74,4.78,196,2026-05-01,Singapore,Shopee,nestle chocolate drink plus,nestle,9.27,10.24,17.47,11
Anker Charging Cable Plus,Anker,Accessories,anker-seller-059,84.93,6.83,83,7049.1,4.33,26,2026-05-01,Thailand,Lazada,anker charging cable plus,anker,29.2975,59.59,66.9225,22
Anker USB-C Hub Mini,Anker,Accessories,anker-seller-019,22.48,1.79,168,3776.37,4.06,117,2026-05-01,Philippines,Lazada,anker usb c hub mini,anker,22.48,27.73,45.96,9
Innisfree Cleanser 2026,Innisfree,Beauty,innisfree-seller-001,16.28,9.53,230,3743.39,3.92,140,2026-05-01,Malaysia,Lazada,innisfree cleanser 2026,innisfree,17.73,37.79,48.92,17
Logitech Wireless Mouse,Logitech,Accessories,logitech-seller-024,45.42,9.7,147,6677.34,4.6,75,2026-05-01,Singapore,Shopee,logitech wireless mouse,logitech,44.57,69.4,86.0125,24
L'Oreal Face Wash Plus,L'Oreal,Beauty,l'oreal-seller-016,38.07,13.24,130,4949.28,4.67,773,2026-05-01,Indonesia,Lazada,l oreal face wash plus,l oreal,24.55,33.5,37.435,15
Kikkoman Teriyaki Sauce,Kikkoman,Groceries,kikkoman-seller-004,9.97,15.25,345,3441.0,4.61,103,2026-05-01,Indonesia,Lazada,kikkoman teriyaki sauce,kikkoman,10.84,21.16,32.38,15
Kikkoman Teriyaki Sauce Max,Kikkoman,Groceries,kikkoman-seller-012,6.11,22.83,482,2943.1,4.55,456,2026-05-01,Indonesia,Lazada,kikkoman teriyaki sauce max,kikkoman,10.84,21.16,32.38,15
IKEA Storage Box 2026,IKEA,Home & Living,ikea-seller-007,67.8,10.95,77,5220.29,5.0,320,2026-05-01,Singapore,Lazada,ikea storage box 2026,ikea,71.955,118.91,148.615,20
IKEA Kitchen Organizer Mini,IKEA,Home & Living,ikea-seller-051,79.45,3.86,83,6594.19,4.28,45,2026-05-01,Philippines,Shopee,ikea kitchen organizer mini,ikea,71.9875,83.66,103.23,14
IKEA Storage Box 2026,IKEA,Home & Living,ikea-seller-006,13.37,11.91,157,2099.6,4.56,195,2026-05-01,Singapore,Lazada,ikea storage box 2026,ikea,71.955,118.91,148.615,20
Xiaomi Router,Xiaomi,Electronics,xiaomi-seller-038,56.06,18.71,78,4372.47,4.49,138,2026-05-01,Vietnam,Shopee,xiaomi router,xiaomi,140.8475,245.615,331.37,16
Philips Desk Fan Standard,Philips,Home & Living,philips-seller-037,69.03,12.24,76,5246.12,4.75,62,2026-05-01,Thailand,Shopee,philips desk fan standard,philips,43.480000000000004,63.32,111.52000000000001,11
Nestle Chocolate Drink Max,Nestle,Groceries,nestle-seller-050,17.67,12.16,338,5971.89,4.55,76,2026-05-01,Singapore,Shopee,nestle chocolate drink max,nestle,9.27,10.24,17.47,11
Kikkoman Soy Sauce Pro,Kikkoman,Groceries,kikkoman-seller-013,13.07,4.59,328,4287.22,4.48,80,2026-05-01,Malaysia,Shopee,kikkoman soy sauce pro,kikkoman,12.36,16.91,28.24,17
JBL Headphones Standard,JBL,Electronics,jbl-seller-018,111.36,9.87,59,6570.06,4.32,59,2026-05-01,Indonesia,Shopee,jbl headphones standard,jbl,144.42000000000002,251.925,324.045,10
Baseus Phone Holder,Baseus,Accessories,baseus-seller-007,57.0,7.25,140,7979.75,4.99,211,2026-05-01,Vietnam,Shopee,baseus phone holder,baseus,22.4725,45.15,57.9425,20
IKEA Desk Lamp 2026,IKEA,Home & Living,ikea-seller-019,72.47,11.94,47,3406.24,4.16,26,2026-05-01,Vietnam,Lazada,ikea desk lamp 2026,ikea,31.21,85.15,128.47,15
Logitech Mechanical Keyboard,Logitech,Accessories,logitech-seller-024,73.47,9.13,95,6980.05,4.52,100,2026-05-01,Malaysia,Shopee,logitech mechanical keyboard,logitech,36.365,45.53,58.89,15
Anker USB-C Hub Plus,Anker,Accessories,anker-seller-005,64.54,8.22,86,5550.69,4.18,204,2026-05-01,Thailand,Lazada,anker usb c hub plus,anker,29.2975,59.59,66.9225,22
Kikkoman Teriyaki Sauce Plus,Kikkoman,Groceries,kikkoman-seller-057,12.01,28.18,427,5127.58,4.43,58,2026-05-01,Singapore,Shopee,kikkoman teriyaki sauce plus,kikkoman,9.27,10.24,17.47,11
Oishi Snack Mix Standard,Oishi,Groceries,oishi-seller-058,29.37,24.9,226,6638.57,4.31,159,2026-05-01,Malaysia,Lazada,oishi snack mix standard,oishi,15.18,21.21,26.63,13
Anker Charging Cable Plus,Anker,Accessories,anker-seller-040,54.0,2.34,118,6372.07,4.79,11,2026-05-01,Thailand,Shopee,anker charging cable plus,anker,46.2225,52.769999999999996,54.332499999999996,10
Kikkoman Teriyaki Sauce Standard,Kikkoman,Groceries,kikkoman-seller-013,24.73,18.03,278,6875.95,4.82,252,2026-05-01,Indonesia,Shopee,kikkoman teriyaki sauce standard,kikkoman,14.587499999999999,20.385,25.2925,16
IKEA Kitchen Organizer Mini,IKEA,Home & Living,ikea-seller-049,34.83,4.23,109,3796.14,4.69,2042,2026-05-01,Indonesia,Shopee,ikea kitchen organizer mini,ikea,52.4625,80.89,127.785,10
L'Oreal Shampoo Standard,L'Oreal,Beauty,l'oreal-seller-021,28.65,24.46,263,7534.85,4.58,266,2026-05-01,Thailand,Shopee,l oreal shampoo standard,l oreal,25.49,35.27,46.04,17
Baseus Phone Holder 2026,Baseus,Accessories,baseus-seller-018,54.39,18.9,113,6145.94,4.5,23,2026-05-01,Thailand,Shopee,baseus phone holder 2026,baseus,46.2225,52.769999999999996,54.332499999999996,10
Oishi Snack Mix Max,Oishi,Groceries,oishi-seller-036,14.83,9.31,278,4122.62,4.63,26,2026-05-01,Malaysia,Lazada,oishi snack mix max,oishi,15.18,21.21,26.63,13
Samsung Monitor Plus,Samsung,Electronics,samsung-seller-033,80.86,9.96,51,4124.0,5.0,157,2026-05-01,Philippines,Lazada,samsung monitor plus,samsung,61.2375,94.35,246.20000000000002,10
L'Oreal Shampoo Max,L'Oreal,Beauty,l'oreal-seller-055,53.3,10.39,157,8367.56,4.47,522,2026-05-01,Singapore,Shopee,l oreal shampoo max,l oreal,38.55,43.62,54.08,13
Xiaomi Router,Xiaomi,Electronics,xiaomi-seller-050,194.54,22.27,39,7587.02,4.24,110,2026-05-01,Philippines,Lazada,xiaomi router,xiaomi,61.2375,94.35,246.20000000000002,10
Oishi Crackers Plus,Oishi,Groceries,oishi-seller-028,32.63,1.07,181,5905.66,5.0,234,2026-05-01,Indonesia,Lazada,oishi crackers plus,oishi,10.84,21.16,32.38,15
Philips Air Fryer,Philips,Home & Living,philips-seller-021,133.21,15.82,41,5461.77,4.31,664,2026-05-01,Singapore,Lazada,philips air fryer,philips,71.955,118.91,148.615,20
LocknLock Food Container 2026,LocknLock,Home & Living,locknlock-seller-037,49.3,9.41,113,5570.67,4.73,21,2026-05-01,Indonesia,Shopee,locknlock food container 2026,locknlock,52.4625,80.89,127.785,10
Anker USB-C Hub Standard,Anker,Accessories,anker-seller-033,26.58,6.03,162,4305.9,4.26,56,2026-05-01,Malaysia,Lazada,anker usb c hub standard,anker,30.759999999999998,44.34,67.69,11
Maybelline Lip Tint Mini,Maybelline,Beauty,maybelline-seller-023,51.82,13.25,133,6892.24,4.79,22,2026-05-01,Malaysia,Lazada,maybelline lip tint mini,maybelline,17.73,37.79,48.92,17
Logitech Mechanical Keyboard Plus,Logitech,Accessories,logitech-seller-051,87.41,15.25,114,9965.22,4.34,8,2026-05-01,Singapore,Shopee,logitech mechanical keyboard plus,logitech,44.57,69.4,86.0125,24
Oishi Green Tea Max,Oishi,Groceries,oishi-seller-024,3.52,12.25,551,1937.23,4.31,561,2026-05-01,Thailand,Lazada,oishi green tea max,oishi,8.004999999999999,15.02,23.1725,20
L'Oreal Shampoo Pro,L'Oreal,Beauty,l'oreal-seller-045,6.39,3.08,395,2523.02,4.31,36,2026-05-01,Malaysia,Shopee,l oreal shampoo pro,l oreal,17.195,31.865000000000002,47.5,10
Nestle Chocolate Drink,Nestle,Groceries,nestle-seller-021,10.13,19.51,367,3717.55,4.33,29,2026-05-01,Vietnam,Lazada,nestle chocolate drink,nestle,10.715,12.39,21.2325,10
JBL Headphones 2026,JBL,Electronics,jbl-seller-034,445.44,10.2,29,12917.8,5.0,93,2026-05-01,Thailand,Shopee,jbl headphones 2026,jbl,170.1975,358.53,429.9,14
LocknLock Lunch Box Mini,LocknLock,Home & Living,locknlock-seller-057,17.17,0.42,187,3210.12,5.0,47,2026-05-01,Thailand,Shopee,locknlock lunch box mini,locknlock,43.480000000000004,63.32,111.52000000000001,11
Philips Air Fryer Max,Philips,Home & Living,philips-seller-049,77.56,11.88,66,5119.19,4.54,282,2026-05-01,Philippines,Shopee,philips air fryer max,philips,71.9875,83.66,103.23,14
L'Oreal Shampoo Standard,L'Oreal,Beauty,l'oreal-seller-052,51.93,9.55,125,6491.04,4.57,242,2026-05-01,Singapore,Lazada,l oreal shampoo standard,l oreal,14.97,36.22,54.89,17
Anker Charging Cable Standard,Anker,Accessories,anker-seller-008,52.47,7.61,94,4932.01,4.53,132,2026-05-01,Singapore,Lazada,anker charging cable standard,anker,20.38,50.97,66.06,17
LocknLock Lunch Box Plus,LocknLock,Home & Living,locknlock-seller-016,108.07,24.03,71,7672.91,4.97,105,2026-05-01,Singapore,Shopee,locknlock lunch box plus,locknlock,105.53,116.58,170.69,11
L'Oreal Face Wash,L'Oreal,Beauty,l'oreal-seller-055,6.8,15.3,437,2971.9,4.75,20,2026-05-01,Indonesia,Shopee,l oreal face wash,l oreal,15.8,24.3,46.02,9
JBL Bluetooth Speaker,JBL,Electronics,jbl-seller-026,76.77,8.81,53,4068.81,4.7,55,2026-05-01,Indonesia,Shopee,jbl bluetooth speaker,jbl,144.42000000000002,251.925,324.045,10
Maybelline Mascara Standard,Maybelline,Beauty,maybelline-seller-031,40.79,27.93,168,6852.2,5.0,218,2026-05-01,Vietnam,Shopee,maybelline mascara standard,maybelline,33.82,35.96,39.14,9
Innisfree Moisturizer,Innisfree,Beauty,innisfree-seller-023,45.48,17.78,149,6776.26,4.5,217,2026-05-01,Vietnam,Lazada,innisfree moisturizer,innisfree,12.9575,21.795,29.6375,16
LocknLock Food Container Mini,LocknLock,Home & Living,locknlock-seller-004,190.69,4.38,47,8962.39,3.91,59,2026-05-01,Singapore,Shopee,locknlock food container mini,locknlock,105.53,116.58,170.69,11
JBL Headphones Standard,JBL,Electronics,jbl-seller-054,393.6,19.57,15,5903.99,4.62,12,2026-05-01,Singapore,Lazada,jbl headphones standard,jbl,246.51999999999998,358.64,433.225,7
Logitech Wireless Mouse,Logitech,Accessories,logitech-seller-001,12.22,14.49,290,3543.41,4.89,44,2026-05-01,Malaysia,Shopee,logitech wireless mouse,logitech,36.365,45.53,58.89,15
Maybelline Lip Tint Plus,Maybelline,Beauty,maybelline-seller-015,61.32,9.26,128,7849.42,5.0,152,2026-05-01,Thailand,Shopee,maybelline lip tint plus,maybelline,25.49,35.27,46.04,17
Kikkoman Teriyaki Sauce,Kikkoman,Groceries,kikkoman-seller-058,17.54,3.0,251,4403.69,4.97,552,2026-05-01,Thailand,Shopee,kikkoman teriyaki sauce,kikkoman,7.825,10.67,17.595,16
Anker USB-C Hub Standard,Anker,Accessories,anker-seller-004,34.43,9.43,159,5473.97,4.41,193,2026-05-01,Indonesia,Shopee,anker usb c hub standard,anker,32.875,42.94,56.325,15
Innisfree Cleanser Mini,Innisfree,Beauty,innisfree-seller-051,47.67,15.14,157,7484.66,5.0,375,2026-05-01,Malaysia,Shopee,innisfree cleanser mini,innisfree,17.195,31.865000000000002,47.5,10
Oishi Crackers Plus,Oishi,Groceries,oishi-seller-008,32.78,17.14,185,6064.97,4.36,264,2026-05-01,Singapore,Lazada,oishi crackers plus,oishi,13.46,17.32,26.8,17
Kikkoman Teriyaki Sauce Max,Kikkoman,Groceries,kikkoman-seller-029,7.27,19.28,426,3098.87,4.76,289,2026-05-01,Thailand,Lazada,kikkoman teriyaki sauce max,kikkoman,8.004999999999999,15.02,23.1725,20
Philips LED Bulb Mini,Philips,Home & Living,philips-seller-031,99.0,7.21,60,5939.97,4.69,228,2026-05-01,Philippines,Shopee,philips led bulb mini,philips,71.9875,83.66,103.23,14
Innisfree Cleanser Plus,Innisfree,Beauty,innisfree-seller-015,16.22,19.2,253,4102.81,4.21,1271,2026-05-01,Philippines,Lazada,innisfree cleanser plus,innisfree,15.665,18.585,40.62,16
Maybelline Mascara Pro,Maybelline,Beauty,maybelline-seller-036,23.45,26.05,211,4948.32,4.28,85,2026-05-01,Vietnam,Lazada,maybelline mascara pro,maybelline,12.9575,21.795,29.6375,16
Logitech Mechanical Keyboard Standard,Logitech,Accessories,logitech-seller-014,51.54,7.13,135,6957.56,3.57,165,2026-05-01,Thailand,Shopee,logitech mechanical keyboard standard,logitech,46.2225,52.769999999999996,54.332499999999996,10
JBL Bluetooth Speaker Plus,JBL,Electronics,jbl-seller-007,273.46,14.33,23,6289.62,4.66,178,2026-05-01,Vietnam,Shopee,jbl bluetooth speaker plus,jbl,140.8475,245.615,331.37,16
Philips Desk Fan,Philips,Home & Living,philips-seller-021,127.19,16.8,59,7503.94,4.53,185,2026-05-01,Malaysia,Shopee,philips desk fan,philips,48.035,82.215,128.3375,12
Kikkoman Soy Sauce 2026,Kikkoman,Groceries,kikkoman-seller-015,16.13,18.75,283,4564.38,4.66,11,2026-05-01,Malaysia,Lazada,kikkoman soy sauce 2026,kikkoman,15.18,21.21,26.63,13
Samsung Tablet 2026,Samsung,Electronics,samsung-seller-050,272.38,16.66,30,8171.51,3.92,493,2026-05-01,Malaysia,Lazada,samsung tablet 2026,samsung,202.53,271.275,336.1925,16
Anker Charging Cable 2026,Anker,Accessories,anker-seller-044,30.23,19.95,196,5926.03,4.54,118,2026-05-01,Singapore,Shopee,anker charging cable 2026,anker,44.57,69.4,86.0125,24
Nestle Coffee Max,Nestle,Groceries,nestle-seller-008,16.91,7.01,305,5157.57,4.37,881,2026-05-01,Malaysia,Shopee,nestle coffee max,nestle,12.36,16.91,28.24,17
Xiaomi Bluetooth Speaker Standard,Xiaomi,Electronics,xiaomi-seller-031,114.67,2.3,31,3554.66,4.78,156,2026-05-01,Thailand,Shopee,xiaomi bluetooth speaker standard,xiaomi,170.1975,358.53,429.9,14
Innisfree Clay Mask Mini,Innisfree,Beauty,innisfree-seller-006,33.97,12.38,151,5129.38,4.14,710,2026-05-01,Philippines,Lazada,innisfree clay mask mini,innisfree,15.665,18.585,40.62,16
Oishi Snack Mix Mini,Oishi,Groceries,oishi-seller-028,7.6,0.0,356,2706.82,4.71,141,2026-05-01,Malaysia,Lazada,oishi snack mix mini,oishi,15.18,21.21,26.63,13
Anker Charging Cable Pro,Anker,Accessories,anker-seller-007,39.45,11.0,115,4537.23,4.46,234,2026-05-01,Indonesia,Lazada,anker charging cable pro,anker,27.134999999999998,47.39,63.665000000000006,15
Xiaomi Bluetooth Speaker 2026,Xiaomi,Electronics,xiaomi-seller-026,446.31,1.4,17,7587.35,4.89,352,2026-05-01,Vietnam,Lazada,xiaomi bluetooth speaker 2026,xiaomi,177.91500000000002,272.4,418.955,10
Philips Air Fryer Mini,Philips,Home & Living,philips-seller-028,181.43,17.76,38,6894.24,5.0,35,2026-05-01,Thailand,Lazada,philips air fryer mini,philips,43.7525,67.965,115.715,10
Oishi Green Tea Standard,Oishi,Groceries,oishi-seller-004,29.99,13.85,241,7226.47,4.78,23,2026-05-01,Vietnam,Shopee,oishi green tea standard,oishi,7.15,19.055,31.1475,14
Oishi Crackers Standard,Oishi,Groceries,oishi-seller-018,12.45,16.96,333,4144.32,4.24,41,2026-05-01,Vietnam,Lazada,oishi crackers standard,oishi,10.715,12.39,21.2325,10
JBL Bluetooth Speaker 2026,JBL,Electronics,jbl-seller-047,312.83,24.79,18,5631.03,4.04,70,2026-05-01,Thailand,Lazada,jbl bluetooth speaker 2026,jbl,282.03,313.03999999999996,366.7725,10
Xiaomi Smart Band,Xiaomi,Electronics,xiaomi-seller-014,71.34,9.65,53,3781.05,4.26,393,2026-05-01,Philippines,Lazada,xiaomi smart band,xiaomi,61.2375,94.35,246.20000000000002,10
LocknLock Lunch Box Standard,LocknLock,Home & Living,locknlock-seller-007,145.39,4.97,48,6978.6,4.1,136,2026-05-01,Malaysia,Lazada,locknlock lunch box standard,locknlock,99.43,120.33,145.39,9
Maybelline Mascara 2026,Maybelline,Beauty,maybelline-seller-021,19.48,16.27,204,3974.0,4.96,86,2026-05-01,Thailand,Lazada,maybelline mascara 2026,maybelline,21.59,27.8,41.525,15
Oishi Snack Mix Plus,Oishi,Groceries,oishi-seller-010,14.39,0.0,267,3840.86,4.98,77,2026-05-01,Philippines,Shopee,oishi snack mix plus,oishi,15.2025,24.104999999999997,26.9825,10
JBL Bluetooth Speaker 2026,JBL,Electronics,jbl-seller-017,191.76,12.72,26,4985.7,4.66,149,2026-05-01,Vietnam,Lazada,jbl bluetooth speaker 2026,jbl,177.91500000000002,272.4,418.955,10
Baseus Laptop Stand Plus,Baseus,Accessories,baseus-seller-038,16.05,4.64,222,3563.36,4.5,51,2026-05-01,Vietnam,Shopee,baseus laptop stand plus,baseus,22.4725,45.15,57.9425,20
Nestle Coffee Standard,Nestle,Groceries,nestle-seller-053,11.45,17.35,336,3848.42,4.83,910,2026-05-01,Vietnam,Lazada,nestle coffee standard,nestle,10.715,12.39,21.2325,10
Kikkoman Soy Sauce,Kikkoman,Groceries,kikkoman-seller-010,12.33,20.6,362,4464.6,4.43,109,2026-05-01,Vietnam,Lazada,kikkoman soy sauce,kikkoman,10.715,12.39,21.2325,10
Maybelline Foundation Plus,Maybelline,Beauty,maybelline-seller-032,39.14,11.78,201,7866.33,4.15,4271,2026-05-01,Vietnam,Shopee,maybelline foundation plus,maybelline,33.82,35.96,39.14,9
LocknLock Lunch Box Plus,LocknLock,Home & Living,locknlock-seller-017,26.25,7.42,115,3019.32,4.61,654,2026-05-01,Philippines,Lazada,locknlock lunch box plus,locknlock,26.0225,63.43,93.08250000000001,8
Anker Charging Cable Max,Anker,Accessories,anker-seller-022,37.49,14.58,120,4498.76,4.04,514,2026-05-01,Malaysia,Lazada,anker charging cable max,anker,30.759999999999998,44.34,67.69,11
Anker Power Bank Mini,Anker,Accessories,anker-seller-047,47.39,24.22,136,6445.18,4.97,249,2026-05-01,Indonesia,Lazada,anker power bank mini,anker,27.134999999999998,47.39,63.665000000000006,15
Nestle Coffee Max,Nestle,Groceries,nestle-seller-010,24.22,12.07,242,5860.21,4.55,65,2026-05-01,Philippines,Shopee,nestle coffee max,nestle,15.2025,24.104999999999997,26.9825,10
Logitech Webcam Max,Logitech,Accessories,logitech-seller-045,34.94,15.34,151,5276.63,4.73,2007,2026-05-01,Malaysia,Lazada,logitech webcam max,logitech,30.759999999999998,44.34,67.69,11
Kikkoman Soy Sauce 2026,Kikkoman,Groceries,kikkoman-seller-059,2.63,18.67,696,1830.21,4.87,152,2026-05-01,Singapore,Lazada,kikkoman soy sauce 2026,kikkoman,13.46,17.32,26.8,17
Maybelline Lip Tint Mini,Maybelline,Beauty,maybelline-seller-058,39.77,7.61,178,7079.4,4.65,256,2026-05-01,Singapore,Shopee,maybelline lip tint mini,maybelline,38.55,43.62,54.08,13
Maybelline Foundation Pro,Maybelline,Beauty,maybelline-seller-026,9.26,12.38,391,3620.45,5.0,275,2026-05-01,Singapore,Shopee,maybelline foundation pro,maybelline,38.55,43.62,54.08,13
Innisfree Clay Mask Standard,Innisfree,Beauty,innisfree-seller-038,43.58,6.02,127,5534.94,4.51,89,2026-05-01,Indonesia,Lazada,innisfree clay mask standard,innisfree,24.55,33.5,37.435,15
IKEA Storage Box,IKEA,Home & Living,ikea-seller-030,120.33,5.53,54,6497.8,5.0,718,2026-05-01,Indonesia,Lazada,ikea storage box,ikea,62.99,90.78,111.11250000000001,8
L'Oreal Shampoo Plus,L'Oreal,Beauty,l'oreal-seller-060,39.53,12.31,134,5296.82,4.64,25,2026-05-01,Indonesia,Lazada,l oreal shampoo plus,l oreal,24.55,33.5,37.435,15
Samsung SSD Mini,Samsung,Electronics,samsung-seller-019,153.37,13.21,37,5674.67,4.58,73,2026-05-01,Philippines,Shopee,samsung ssd mini,samsung,149.2225,197.375,293.7,12
Innisfree Moisturizer Standard,Innisfree,Beauty,innisfree-seller-052,21.81,14.62,246,5364.79,4.86,121,2026-05-01,Indonesia,Shopee,innisfree moisturizer standard,innisfree,15.8,24.3,46.02,9
Xiaomi Smart Band Pro,Xiaomi,Electronics,xiaomi-seller-053,250.21,25.08,35,8757.47,4.31,86,2026-05-01,Malaysia,Shopee,xiaomi smart band pro,xiaomi,124.2925,230.48000000000002,300.105,14
Anker Charging Cable Standard,Anker,Accessories,anker-seller-028,12.94,0.0,251,3246.69,4.92,81,2026-05-01,Indonesia,Shopee,anker charging cable standard,anker,32.875,42.94,56.325,15
Anker USB-C Hub Pro,Anker,Accessories,anker-seller-057,65.25,0.0,99,6459.43,4.22,94,2026-05-01,Malaysia,Shopee,anker usb c hub pro,anker,36.365,45.53,58.89,15
Baseus Laptop Stand 2026,Baseus,Accessories,baseus-seller-047,8.15,10.84,342,2787.67,4.56,548,2026-05-01,Malaysia,Shopee,baseus laptop stand 2026,baseus,36.365,45.53,58.89,15
IKEA Storage Box 2026,IKEA,Home & Living,ikea-seller-003,38.39,17.24,116,4453.33,4.69,42,2026-05-01,Thailand,Lazada,ikea storage box 2026,ikea,43.7525,67.965,115.715,10
Kikkoman Teriyaki Sauce Plus,Kikkoman,Groceries,kikkoman-seller-026,14.5,18.27,311,4508.73,4.11,1426,2026-05-01,Singapore,Lazada,kikkoman teriyaki sauce plus,kikkoman,13.46,17.32,26.8,17
Maybelline Foundation 2026,Maybelline,Beauty,maybelline-seller-037,5.78,10.68,403,2327.71,4.3,192,2026-05-01,Vietnam,Lazada,maybelline foundation 2026,maybelline,12.9575,21.795,29.6375,16
IKEA Kitchen Organizer,IKEA,Home & Living,ikea-seller-013,58.37,0.0,74,4319.46,4.35,5703,2026-05-01,Singapore,Lazada,ikea kitchen organizer,ikea,71.955,118.91,148.615,20
Samsung SSD Pro,Samsung,Electronics,samsung-seller-020,383.37,7.33,22,8434.18,4.99,571,2026-05-01,Malaysia,Shopee,samsung ssd pro,samsung,124.2925,230.48000000000002,300.105,14
Philips Air Fryer Mini,Philips,Home & Living,philips-seller-012,20.53,3.02,127,2607.06,4.45,180,2026-05-01,Vietnam,Lazada,philips air fryer mini,philips,31.21,85.15,128.47,15
Logitech Webcam Plus,Logitech,Accessories,logitech-seller-045,74.38,0.0,72,5355.21,4.5,203,2026-05-01,Singapore,Lazada,logitech webcam plus,logitech,20.38,50.97,66.06,17
JBL Earbuds Plus,JBL,Electronics,jbl-seller-027,202.05,0.14,10,2020.45,5.0,311,2026-05-01,Malaysia,Lazada,jbl earbuds plus,jbl,202.53,271.275,336.1925,16
Baseus USB-C Cable,Baseus,Accessories,baseus-seller-027,96.41,20.31,98,9447.89,4.88,230,2026-05-01,Singapore,Lazada,baseus usb c cable,baseus,20.38,50.97,66.06,17
LocknLock Water Bottle Mini,LocknLock,Home & Living,locknlock-seller-033,91.95,22.06,71,6528.5,4.87,155,2026-05-01,Vietnam,Shopee,locknlock water bottle mini,locknlock,72.255,89.83,137.9425,10
Philips Desk Fan Pro,Philips,Home & Living,philips-seller-004,142.27,10.0,58,8251.92,4.72,81,2026-05-01,Malaysia,Shopee,philips desk fan pro,philips,48.035,82.215,128.3375,12
Samsung SSD Plus,Samsung,Electronics,samsung-seller-052,302.74,23.49,30,9082.11,4.86,121,2026-05-01,Singapore,Shopee,samsung ssd plus,samsung,141.1975,249.04500000000002,445.39,10
Logitech Wireless Mouse Pro,Logitech,Accessories,logitech-seller-054,11.39,13.05,230,2619.59,4.6,24,2026-05-01,Indonesia,Lazada,logitech wireless mouse pro,logitech,27.134999999999998,47.39,63.665000000000006,15
Maybelline Mascara,Maybelline,Beauty,maybelline-seller-019,36.77,18.92,201,7390.36,3.79,448,2026-05-01,Philippines,Shopee,maybelline mascara,maybelline,10.32,35.96,39.27,9
L'Oreal Shampoo Max,L'Oreal,Beauty,l'oreal-seller-038,22.48,0.0,175,3933.99,4.28,129,2026-05-01,Indonesia,Lazada,l oreal shampoo max,l oreal,24.55,33.5,37.435,15
Kikkoman Soy Sauce Mini,Kikkoman,Groceries,kikkoman-seller-048,23.99,0.0,233,5590.09,4.36,166,2026-05-01,Philippines,Shopee,kikkoman soy sauce mini,kikkoman,15.2025,24.104999999999997,26.9825,10
Kikkoman Soy Sauce Pro,Kikkoman,Groceries,kikkoman-seller-041,8.34,19.34,507,4230.01,4.86,281,2026-05-01,Singapore,Shopee,kikkoman soy sauce pro,kikkoman,9.27,10.24,17.47,11
Samsung Tablet 2026,Samsung,Electronics,samsung-seller-008,471.73,11.34,23,10849.74,4.44,181,2026-05-01,Malaysia,Shopee,samsung tablet 2026,samsung,124.2925,230.48000000000002,300.105,14
Kikkoman Soy Sauce Mini,Kikkoman,Groceries,kikkoman-seller-007,35.13,0.0,211,7413.37,4.56,62,2026-05-01,Vietnam,Shopee,kikkoman soy sauce mini,kikkoman,7.15,19.055,31.1475,14
Anker USB-C Hub,Anker,Accessories,anker-seller-033,45.69,10.07,142,6487.62,4.26,152,2026-05-01,Thailand,Shopee,anker usb c hub,anker,46.2225,52.769999999999996,54.332499999999996,10
Logitech Mechanical Keyboard Plus,Logitech,Accessories,logitech-seller-031,20.38,21.62,211,4299.86,4.57,88,2026-05-01,Singapore,Lazada,logitech mechanical keyboard plus,logitech,20.38,50.97,66.06,17
LocknLock Lunch Box Max,LocknLock,Home & Living,locknlock-seller-029,33.31,19.33,139,4630.23,4.74,354,2026-05-01,Thailand,Shopee,locknlock lunch box max,locknlock,43.480000000000004,63.32,111.52000000000001,11
Xiaomi Router Standard,Xiaomi,Electronics,xiaomi-seller-012,335.85,21.49,24,8060.28,4.84,109,2026-05-01,Philippines,Shopee,xiaomi router standard,xiaomi,149.2225,197.375,293.7,12
Kikkoman Soy Sauce Plus,Kikkoman,Groceries,kikkoman-seller-031,12.3,0.0,357,4392.62,5.0,29,2026-05-01,Thailand,Shopee,kikkoman soy sauce plus,kikkoman,7.825,10.67,17.595,16
Baseus Laptop Stand Pro,Baseus,Accessories,baseus-seller-043,24.79,21.64,181,4487.29,4.57,607,2026-05-01,Malaysia,Lazada,baseus laptop stand pro,baseus,30.759999999999998,44.34,67.69,11
Samsung SSD Plus,Samsung,Electronics,samsung-seller-027,202.69,5.39,30,6080.77,5.0,151,2026-05-01,Malaysia,Lazada,samsung ssd plus,samsung,202.53,271.275,336.1925,16
Anker Charging Cable Standard,Anker,Accessories,anker-seller-037,58.39,11.49,114,6656.73,3.99,237,2026-05-01,Singapore,Shopee,anker charging cable standard,anker,44.57,69.4,86.0125,24
LocknLock Water Bottle Max,LocknLock,Home & Living,locknlock-seller-042,116.58,22.12,63,7344.5,4.48,72,2026-05-01,Singapore,Shopee,locknlock water bottle max,locknlock,105.53,116.58,170.69,11
Anker USB-C Hub Plus,Anker,Accessories,anker-seller-057,44.23,3.31,100,4422.54,4.52,218,2026-05-01,Philippines,Lazada,anker usb c hub plus,anker,22.48,27.73,45.96,9
L'Oreal Shampoo Pro,L'Oreal,Beauty,l'oreal-seller-033,24.95,7.4,188,4689.68,4.21,259,2026-05-01,Philippines,Lazada,l oreal shampoo pro,l oreal,15.665,18.585,40.62,16
Maybelline Lip Tint Plus,Maybelline,Beauty,maybelline-seller-033,24.3,11.24,218,5297.54,4.73,655,2026-05-01,Indonesia,Shopee,maybelline lip tint plus,maybelline,15.8,24.3,46.02,9
Nestle Chocolate Drink Max,Nestle,Groceries,nestle-seller-037,3.28,2.03,659,2160.68,4.26,52,2026-05-01,Vietnam,Shopee,nestle chocolate drink max,nestle,7.15,19.055,31.1475,14
Nestle Chocolate Drink Pro,Nestle,Groceries,nestle-seller-060,26.63,9.18,186,4952.91,4.07,133,2026-05-01,Malaysia,Lazada,nestle chocolate drink pro,nestle,15.18,21.21,26.63,13
JBL Earbuds Mini,JBL,Electronics,jbl-seller-043,512.53,6.98,14,7175.45,4.63,160,2026-05-01,Singapore,Shopee,jbl earbuds mini,jbl,141.1975,249.04500000000002,445.39,10
Kikkoman Teriyaki Sauce Mini,Kikkoman,Groceries,kikkoman-seller-038,33.15,18.21,205,6795.02,4.82,415,2026-05-01,Thailand,Lazada,kikkoman teriyaki sauce mini,kikkoman,8.004999999999999,15.02,23.1725,20
Logitech Wireless Mouse,Logitech,Accessories,logitech-seller-047,51.49,13.63,105,5406.19,4.49,1111,2026-05-01,Malaysia,Lazada,logitech wireless mouse,logitech,30.759999999999998,44.34,67.69,11
Baseus USB-C Cable Plus,Baseus,Accessories,baseus-seller-060,54.16,17.84,131,7095.05,4.95,308,2026-05-01,Thailand,Shopee,baseus usb c cable plus,baseus,46.2225,52.769999999999996,54.332499999999996,10
L'Oreal Face Wash,L'Oreal,Beauty,l'oreal-seller-016,44.0,4.18,129,5675.95,4.53,58,2026-05-01,Philippines,Lazada,l oreal face wash,l oreal,15.665,18.585,40.62,16
JBL Bluetooth Speaker Standard,JBL,Electronics,jbl-seller-040,191.22,0.0,24,4589.38,4.99,495,2026-05-01,Vietnam,Shopee,jbl bluetooth speaker standard,jbl,140.8475,245.615,331.37,16
Baseus USB-C Cable Plus,Baseus,Accessories,baseus-seller-049,57.31,19.81,156,8940.75,3.84,41,2026-05-01,Malaysia,Shopee,baseus usb c cable plus,baseus,36.365,45.53,58.89,15
Nestle Coffee Max,Nestle,Groceries,nestle-seller-029,34.89,22.16,217,7571.37,4.43,68,2026-05-01,Malaysia,Shopee,nestle coffee max,nestle,12.36,16.91,28.24,17
Philips LED Bulb 2026,Philips,Home & Living,philips-seller-017,135.79,3.54,60,8147.65,4.41,143,2026-05-01,Singapore,Shopee,philips led bulb 2026,philips,105.53,116.58,170.69,11
L'Oreal Shampoo Max,L'Oreal,Beauty,l'oreal-seller-011,61.24,20.67,122,7471.67,4.62,12,2026-05-01,Singapore,Lazada,l oreal shampoo max,l oreal,14.97,36.22,54.89,17
Baseus USB-C Cable Max,Baseus,Accessories,baseus-seller-043,93.64,11.5,95,8896.17,4.57,223,2026-05-01,Singapore,Shopee,baseus usb c cable max,baseus,44.57,69.4,86.0125,24
Logitech Wireless Mouse Pro,Logitech,Accessories,logitech-seller-050,21.16,13.88,241,5100.07,5.0,1310,2026-05-01,Vietnam,Shopee,logitech wireless mouse pro,logitech,22.4725,45.15,57.9425,20
L'Oreal Face Wash Max,L'Oreal,Beauty,l'oreal-seller-059,12.63,13.21,320,4041.56,4.25,153,2026-05-01,Singapore,Shopee,l oreal face wash max,l oreal,38.55,43.62,54.08,13
Oishi Crackers,Oishi,Groceries,oishi-seller-031,27.52,14.48,229,6301.42,5.0,2060,2026-05-01,Philippines,Lazada,oishi crackers,oishi,17.4725,23.795,27.4225,14
Maybelline Lip Tint,Maybelline,Beauty,maybelline-seller-009,27.36,20.04,173,4733.45,4.02,240,2026-05-01,Indonesia,Lazada,maybelline lip tint,maybelline,24.55,33.5,37.435,15
Samsung Monitor,Samsung,Electronics,samsung-seller-005,336.89,18.72,29,9769.79,4.28,207,2026-05-01,Vietnam,Lazada,samsung monitor,samsung,177.91500000000002,272.4,418.955,10
Kikkoman Teriyaki Sauce Standard,Kikkoman,Groceries,kikkoman-seller-008,25.27,18.39,251,6342.49,4.75,154,2026-05-01,Indonesia,Shopee,kikkoman teriyaki sauce standard,kikkoman,14.587499999999999,20.385,25.2925,16
Baseus Phone Holder Pro,Baseus,Accessories,baseus-seller-002,100.97,8.62,80,8077.69,4.56,162,2026-05-01,Singapore,Shopee,baseus phone holder pro,baseus,44.57,69.4,86.0125,24
Innisfree Cleanser Pro,Innisfree,Beauty,innisfree-seller-005,6.2,14.12,341,2113.01,4.05,694,2026-05-01,Thailand,Lazada,innisfree cleanser pro,innisfree,21.59,27.8,41.525,15
Baseus Phone Holder 2026,Baseus,Accessories,baseus-seller-055,63.31,15.31,105,6648.06,4.74,348,2026-05-01,Thailand,Lazada,baseus phone holder 2026,baseus,29.2975,59.59,66.9225,22
Samsung SSD Mini,Samsung,Electronics,samsung-seller-045,358.38,25.34,23,8242.73,4.47,84,2026-05-01,Indonesia,Lazada,samsung ssd mini,samsung,174.74,264.04,328.74,11
Maybelline Mascara Standard,Maybelline,Beauty,maybelline-seller-022,13.8,12.85,257,3545.83,4.52,819,2026-05-01,Vietnam,Lazada,maybelline mascara standard,maybelline,12.9575,21.795,29.6375,16
Nestle Coffee 2026,Nestle,Groceries,nestle-seller-014,17.32,9.02,262,4537.17,4.3,346,2026-05-01,Singapore,Lazada,nestle coffee 2026,nestle,13.46,17.32,26.8,17
Logitech Mechanical Keyboard Standard,Logitech,Accessories,logitech-seller-052,76.47,16.78,98,7494.53,4.88,315,2026-05-01,Indonesia,Lazada,logitech mechanical keyboard standard,logitech,27.134999999999998,47.39,63.665000000000006,15
L'Oreal Hair Serum Mini,L'Oreal,Beauty,l'oreal-seller-048,58.21,21.68,164,9546.83,4.7,439,2026-05-01,Indonesia,Shopee,l oreal hair serum mini,l oreal,15.8,24.3,46.02,9
LocknLock Water Bottle Pro,LocknLock,Home & Living,locknlock-seller-047,61.95,2.55,85,5265.83,4.58,147,2026-05-01,Indonesia,Shopee,locknlock water bottle pro,locknlock,52.4625,80.89,127.785,10
Anker Power Bank 2026,Anker,Accessories,anker-seller-042,31.69,20.99,188,5957.92,4.17,515,2026-05-01,Vietnam,Shopee,anker power bank 2026,anker,22.4725,45.15,57.9425,20
JBL Bluetooth Speaker Standard,JBL,Electronics,jbl-seller-060,283.88,12.25,19,5393.77,4.37,20,2026-05-01,Malaysia,Lazada,jbl bluetooth speaker standard,jbl,202.53,271.275,336.1925,16
Kikkoman Teriyaki Sauce Max,Kikkoman,Groceries,kikkoman-seller-044,7.12,6.37,464,3304.43,4.77,272,2026-05-01,Vietnam,Shopee,kikkoman teriyaki sauce max,kikkoman,7.15,19.055,31.1475,14
LocknLock Water Bottle Plus,LocknLock,Home & Living,locknlock-seller-050,40.78,1.14,109,4445.49,4.36,79,2026-05-01,Philippines,Shopee,locknlock water bottle plus,locknlock,71.9875,83.66,103.23,14
Samsung Monitor Mini,Samsung,Electronics,samsung-seller-009,263.51,3.3,19,5006.68,4.58,47,2026-05-01,Singapore,Shopee,samsung monitor mini,samsung,141.1975,249.04500000000002,445.39,10
Baseus Laptop Stand Pro,Baseus,Accessories,baseus-seller-013,45.72,24.94,131,5989.84,4.27,111,2026-05-01,Vietnam,Lazada,baseus laptop stand pro,baseus,43.84,48.67,54.01,13
Logitech Wireless Mouse Standard,Logitech,Accessories,logitech-seller-038,44.34,16.17,127,5631.36,4.34,247,2026-05-01,Malaysia,Lazada,logitech wireless mouse standard,logitech,30.759999999999998,44.34,67.69,11
Samsung Tablet Mini,Samsung,Electronics,samsung-seller-003,296.34,9.51,24,7112.23,4.66,493,2026-05-01,Vietnam,Shopee,samsung tablet mini,samsung,140.8475,245.615,331.37,16
Logitech Wireless Mouse 2026,Logitech,Accessories,logitech-seller-029,46.38,17.87,149,6910.09,5.0,216,2026-05-01,Vietnam,Shopee,logitech wireless mouse 2026,logitech,22.4725,45.15,57.9425,20
Anker Charging Cable Mini,Anker,Accessories,anker-seller-042,57.51,17.77,114,6555.66,4.82,360,2026-05-01,Thailand,Lazada,anker charging cable mini,anker,29.2975,59.59,66.9225,22
Kikkoman Teriyaki Sauce Plus,Kikkoman,Groceries,kikkoman-seller-043,16.04,5.46,258,4138.75,4.18,62,2026-05-01,Thailand,Lazada,kikkoman teriyaki sauce plus,kikkoman,8.004999999999999,15.02,23.1725,20
Anker Power Bank 2026,Anker,Accessories,anker-seller-032,7.06,16.24,370,2611.0,4.04,1432,2026-05-01,Vietnam,Shopee,anker power bank 2026,anker,22.4725,45.15,57.9425,20
Nestle Chocolate Drink Pro,Nestle,Groceries,nestle-seller-024,29.48,17.91,222,6543.46,4.34,784,2026-05-01,Philippines,Lazada,nestle chocolate drink pro,nestle,17.4725,23.795,27.4225,14
Kikkoman Teriyaki Sauce Pro,Kikkoman,Groceries,kikkoman-seller-045,29.07,5.08,186,5406.6,3.88,283,2026-05-01,Indonesia,Lazada,kikkoman teriyaki sauce pro,kikkoman,10.84,21.16,32.38,15
Anker Charging Cable Max,Anker,Accessories,anker-seller-040,55.72,15.01,131,7299.53,4.36,25,2026-05-01,Indonesia,Shopee,anker charging cable max,anker,32.875,42.94,56.325,15
Logitech Wireless Mouse,Logitech,Accessories,logitech-seller-034,17.59,1.62,188,3306.97,4.11,21,2026-05-01,Singapore,Lazada,logitech wireless mouse,logitech,20.38,50.97,66.06,17
IKEA Desk Lamp Pro,IKEA,Home & Living,ikea-seller-047,78.89,16.88,66,5206.56,4.68,1216,2026-05-01,Thailand,Lazada,ikea desk lamp pro,ikea,43.7525,67.965,115.715,10
Kikkoman Teriyaki Sauce Max,Kikkoman,Groceries,kikkoman-seller-049,10.57,19.96,458,4841.02,4.88,207,2026-05-01,Thailand,Shopee,kikkoman teriyaki sauce max,kikkoman,7.825,10.67,17.595,16
Anker USB-C Hub Pro,Anker,Accessories,anker-seller-018,86.02,0.0,91,7827.74,4.71,79,2026-05-01,Singapore,Shopee,anker usb c hub pro,anker,44.57,69.4,86.0125,24
L'Oreal Shampoo Pro,L'Oreal,Beauty,l'oreal-seller-055,54.55,28.65,144,7855.15,4.55,1264,2026-05-01,Indonesia,Lazada,l oreal shampoo pro,l oreal,24.55,33.5,37.435,15
Xiaomi Bluetooth Speaker Plus,Xiaomi,Electronics,xiaomi-seller-029,182.55,12.68,30,5476.54,5.0,151,2026-05-01,Indonesia,Lazada,xiaomi bluetooth speaker plus,xiaomi,174.74,264.04,328.74,11
Nestle Coffee Max,Nestle,Groceries,nestle-seller-028,30.09,4.69,247,7432.16,4.15,234,2026-05-01,Vietnam,Shopee,nestle coffee max,nestle,7.15,19.055,31.1475,14
L'Oreal Face Wash,L'Oreal,Beauty,l'oreal-seller-023,56.23,20.72,155,8715.31,4.32,389,2026-05-01,Indonesia,Shopee,l oreal face wash,l oreal,15.8,24.3,46.02,9
Maybelline Mascara,Maybelline,Beauty,maybelline-seller-002,28.55,23.39,200,5710.56,4.64,97,2026-05-01,Vietnam,Lazada,maybelline mascara,maybelline,12.9575,21.795,29.6375,16
Samsung Tablet,Samsung,Electronics,samsung-seller-004,88.64,0.09,46,4077.66,4.22,60,2026-05-01,Malaysia,Lazada,samsung tablet,samsung,202.53,271.275,336.1925,16
Maybelline Foundation Plus,Maybelline,Beauty,maybelline-seller-037,32.9,11.87,149,4902.75,4.74,74,2026-05-01,Vietnam,Lazada,maybelline foundation plus,maybelline,12.9575,21.795,29.6375,16
Nestle Cereal Max,Nestle,Groceries,nestle-seller-060,13.69,7.3,332,4543.7,4.44,10,2026-05-01,Philippines,Lazada,nestle cereal max,nestle,17.4725,23.795,27.4225,14
Anker Power Bank Pro,Anker,Accessories,anker-seller-006,58.01,17.71,140,8121.47,3.78,151,2026-05-01,Thailand,Shopee,anker power bank pro,anker,46.2225,52.769999999999996,54.332499999999996,10
Maybelline Foundation Standard,Maybelline,Beauty,maybelline-seller-040,27.8,17.94,204,5670.5,4.75,237,2026-05-01,Thailand,Lazada,maybelline foundation standard,maybelline,21.59,27.8,41.525,15
Maybelline Foundation,Maybelline,Beauty,maybelline-seller-042,25.47,13.28,197,5017.89,4.19,246,2026-05-01,Malaysia,Lazada,maybelline foundation,maybelline,17.73,37.79,48.92,17
Anker Power Bank Max,Anker,Accessories,anker-seller-021,63.44,20.94,111,7041.9,4.52,15,2026-05-01,Indonesia,Shopee,anker power bank max,anker,32.875,42.94,56.325,15
JBL Bluetooth Speaker Plus,JBL,Electronics,jbl-seller-001,122.26,8.41,41,5012.78,4.57,400,2026-05-01,Malaysia,Shopee,jbl bluetooth speaker plus,jbl,124.2925,230.48000000000002,300.105,14
Innisfree Cleanser,Innisfree,Beauty,innisfree-seller-036,43.62,11.56,144,6281.13,4.4,165,2026-05-01,Singapore,Shopee,innisfree cleanser,innisfree,38.55,43.62,54.08,13
Baseus USB-C Cable Pro,Baseus,Accessories,baseus-seller-058,34.11,28.44,164,5594.2,4.57,361,2026-05-01,Thailand,Lazada,baseus usb c cable pro,baseus,29.2975,59.59,66.9225,22
Anker USB-C Hub Pro,Anker,Accessories,anker-seller-050,15.73,10.02,194,3052.43,4.56,37,2026-05-01,Indonesia,Lazada,anker usb c hub pro,anker,27.134999999999998,47.39,63.665000000000006,15
Xiaomi Smart Band Max,Xiaomi,Electronics,xiaomi-seller-012,461.1,2.35,14,6455.33,4.45,68,2026-05-01,Malaysia,Lazada,xiaomi smart band max,xiaomi,202.53,271.275,336.1925,16
Oishi Crackers Standard,Oishi,Groceries,oishi-seller-012,14.9,7.67,329,4902.81,4.33,182,2026-05-01,Thailand,Shopee,oishi crackers standard,oishi,7.825,10.67,17.595,16
LocknLock Water Bottle Mini,LocknLock,Home & Living,locknlock-seller-046,80.53,7.22,59,4751.21,4.45,13,2026-05-01,Philippines,Lazada,locknlock water bottle mini,locknlock,26.0225,63.43,93.08250000000001,8
Innisfree Clay Mask Max,Innisfree,Beauty,innisfree-seller-055,5.68,9.65,459,2606.6,4.26,251,2026-05-01,Thailand,Shopee,innisfree clay mask max,innisfree,25.49,35.27,46.04,17
IKEA Storage Box Standard,IKEA,Home & Living,ikea-seller-005,113.88,0.0,71,8085.3,4.96,165,2026-05-01,Malaysia,Shopee,ikea storage box standard,ikea,48.035,82.215,128.3375,12
Baseus USB-C Cable 2026,Baseus,Accessories,baseus-seller-014,6.38,0.0,281,1793.21,5.0,84,2026-05-01,Indonesia,Lazada,baseus usb c cable 2026,baseus,27.134999999999998,47.39,63.665000000000006,15
Xiaomi Router Plus,Xiaomi,Electronics,xiaomi-seller-057,135.07,10.38,38,5132.54,4.61,63,2026-05-01,Malaysia,Lazada,xiaomi router plus,xiaomi,202.53,271.275,336.1925,16
Anker Power Bank,Anker,Accessories,anker-seller-024,60.47,9.86,100,6047.13,4.45,42,2026-05-01,Malaysia,Shopee,anker power bank,anker,36.365,45.53,58.89,15
Innisfree Moisturizer Mini,Innisfree,Beauty,innisfree-seller-002,41.72,12.57,145,6049.05,5.0,47,2026-05-01,Malaysia,Lazada,innisfree moisturizer mini,innisfree,17.73,37.79,48.92,17
Anker USB-C Hub Mini,Anker,Accessories,anker-seller-002,72.08,1.45,95,6847.77,4.72,206,2026-05-01,Thailand,Lazada,anker usb c hub mini,anker,29.2975,59.59,66.9225,22
Maybelline Lip Tint,Maybelline,Beauty,maybelline-seller-048,34.77,0.0,180,6259.39,4.66,10,2026-05-01,Vietnam,Shopee,maybelline lip tint,maybelline,33.82,35.96,39.14,9
Nestle Chocolate Drink Standard,Nestle,Groceries,nestle-seller-043,38.51,9.05,185,7124.4,4.54,859,2026-05-01,Indonesia,Lazada,nestle chocolate drink standard,nestle,10.84,21.16,32.38,15
Samsung SSD Standard,Samsung,Electronics,samsung-seller-060,198.13,4.97,28,5547.63,4.67,185,2026-05-01,Philippines,Shopee,samsung ssd standard,samsung,149.2225,197.375,293.7,12
Philips LED Bulb,Philips,Home & Living,philips-seller-057,32.95,12.37,107,3526.05,5.0,943,2026-05-01,Thailand,Lazada,philips led bulb,philips,43.7525,67.965,115.715,10
LocknLock Lunch Box Mini,LocknLock,Home & Living,locknlock-seller-034,130.32,20.38,52,6776.73,4.61,197,2026-05-01,Indonesia,Shopee,locknlock lunch box mini,locknlock,52.4625,80.89,127.785,10
L'Oreal Face Wash Pro,L'Oreal,Beauty,l'oreal-seller-059,54.89,10.06,103,5653.85,3.74,152,2026-05-01,Singapore,Lazada,l oreal face wash pro,l oreal,14.97,36.22,54.89,17
Nestle Coffee Plus,Nestle,Groceries,nestle-seller-021,14.0,1.77,273,3820.98,3.84,419,2026-05-01,Thailand,Lazada,nestle coffee plus,nestle,8.004999999999999,15.02,23.1725,20
Nestle Chocolate Drink Plus,Nestle,Groceries,nestle-seller-024,27.21,8.3,228,6204.8,4.8,469,2026-05-01,Philippines,Shopee,nestle chocolate drink plus,nestle,15.2025,24.104999999999997,26.9825,10
Philips LED Bulb Pro,Philips,Home & Living,philips-seller-042,128.14,20.87,53,6791.24,4.26,225,2026-05-01,Vietnam,Lazada,philips led bulb pro,philips,31.21,85.15,128.47,15
JBL Bluetooth Speaker Mini,JBL,Electronics,jbl-seller-053,234.58,5.6,16,3753.29,4.03,12,2026-05-01,Singapore,Shopee,jbl bluetooth speaker mini,jbl,141.1975,249.04500000000002,445.39,10
Samsung Tablet Max,Samsung,Electronics,samsung-seller-009,403.53,5.11,14,5649.35,4.16,15,2026-05-01,Thailand,Shopee,samsung tablet max,samsung,170.1975,358.53,429.9,14
Innisfree Moisturizer Standard,Innisfree,Beauty,innisfree-seller-006,26.62,0.44,166,4419.3,4.82,1674,2026-05-01,Indonesia,Lazada,innisfree moisturizer standard,innisfree,24.55,33.5,37.435,15
IKEA Kitchen Organizer Plus,IKEA,Home & Living,ikea-seller-041,115.67,9.91,50,5783.68,4.32,1872,2026-05-01,Singapore,Lazada,ikea kitchen organizer plus,ikea,71.955,118.91,148.615,20
Xiaomi Smart Band Standard,Xiaomi,Electronics,xiaomi-seller-027,114.42,11.62,43,4919.99,4.61,17,2026-05-01,Thailand,Shopee,xiaomi smart band standard,xiaomi,170.1975,358.53,429.9,14
Logitech Wireless Mouse,Logitech,Accessories,logitech-seller-028,73.71,22.4,109,8034.32,4.69,23,2026-05-01,Malaysia,Lazada,logitech wireless mouse,logitech,30.759999999999998,44.34,67.69,11
Logitech Webcam,Logitech,Accessories,logitech-seller-034,46.18,7.82,136,6281.12,4.25,225,2026-05-01,Vietnam,Shopee,logitech webcam,logitech,22.4725,45.15,57.9425,20
L'Oreal Hair Serum Max,L'Oreal,Beauty,l'oreal-seller-036,36.22,12.38,136,4926.08,4.91,498,2026-05-01,Singapore,Lazada,l oreal hair serum max,l oreal,14.97,36.22,54.89,17
Anker Charging Cable Mini,Anker,Accessories,anker-seller-039,47.73,14.03,117,5584.73,4.05,399,2026-05-01,Thailand,Lazada,anker charging cable mini,anker,29.2975,59.59,66.9225,22
Logitech Webcam Pro,Logitech,Accessories,logitech-seller-029,56.93,4.32,126,7172.66,4.71,381,2026-05-01,Indonesia,Shopee,logitech webcam pro,logitech,32.875,42.94,56.325,15
JBL Earbuds Max,JBL,Electronics,jbl-seller-009,177.59,17.89,24,4262.23,4.6,68,2026-05-01,Singapore,Lazada,jbl earbuds max,jbl,246.51999999999998,358.64,433.225,7
Philips LED Bulb 2026,Philips,Home & Living,philips-seller-058,109.17,15.13,74,8078.43,4.46,51,2026-05-01,Philippines,Shopee,philips led bulb 2026,philips,71.9875,83.66,103.23,14
JBL Earbuds Plus,JBL,Electronics,jbl-seller-012,453.48,6.76,14,6348.78,4.59,560,2026-05-01,Vietnam,Lazada,jbl earbuds plus,jbl,177.91500000000002,272.4,418.955,10
Logitech Mechanical Keyboard Plus,Logitech,Accessories,logitech-seller-022,27.48,5.82,138,3792.18,4.84,194,2026-05-01,Indonesia,Lazada,logitech mechanical keyboard plus,logitech,27.134999999999998,47.39,63.665000000000006,15
Innisfree Moisturizer Pro,Innisfree,Beauty,innisfree-seller-049,47.49,12.86,134,6363.29,4.47,115,2026-05-01,Vietnam,Lazada,innisfree moisturizer pro,innisfree,12.9575,21.795,29.6375,16
Baseus Phone Holder 2026,Baseus,Accessories,baseus-seller-028,39.21,15.0,156,6116.17,5.0,106,2026-05-01,Thailand,Shopee,baseus phone holder 2026,baseus,46.2225,52.769999999999996,54.332499999999996,10
Philips Air Fryer Standard,Philips,Home & Living,philips-seller-023,66.56,3.57,70,4658.99,4.43,137,2026-05-01,Indonesia,Lazada,philips air fryer standard,philips,62.99,90.78,111.11250000000001,8
Anker Charging Cable Plus,Anker,Accessories,anker-seller-029,31.67,8.99,160,5066.91,5.0,60,2026-05-01,Malaysia,Shopee,anker charging cable plus,anker,36.365,45.53,58.89,15
Innisfree Cleanser,Innisfree,Beauty,innisfree-seller-007,25.49,5.82,191,4869.0,4.81,882,2026-05-01,Thailand,Shopee,innisfree cleanser,innisfree,25.49,35.27,46.04,17
Oishi Green Tea Mini,Oishi,Groceries,oishi-seller-054,23.09,20.69,236,5448.22,4.14,223,2026-05-01,Thailand,Lazada,oishi green tea mini,oishi,8.004999999999999,15.02,23.1725,20
Baseus USB-C Cable Mini,Baseus,Accessories,baseus-seller-035,66.55,8.93,105,6987.65,4.85,282,2026-05-01,Indonesia,Shopee,baseus usb c cable mini,baseus,32.875,42.94,56.325,15
Xiaomi Bluetooth Speaker 2026,Xiaomi,Electronics,xiaomi-seller-019,485.63,16.16,22,10683.94,4.45,180,2026-05-01,Thailand,Shopee,xiaomi bluetooth speaker 2026,xiaomi,170.1975,358.53,429.9,14
Samsung SSD,Samsung,Electronics,samsung-seller-030,29.29,4.32,69,2021.3,4.65,53,2026-05-01,Indonesia,Lazada,samsung ssd,samsung,174.74,264.04,328.74,11
Anker Charging Cable Plus,Anker,Accessories,anker-seller-017,61.93,6.31,117,7245.43,4.71,200,2026-05-01,Malaysia,Shopee,anker charging cable plus,anker,36.365,45.53,58.89,15
Maybelline Lip Tint Standard,Maybelline,Beauty,maybelline-seller-023,40.47,6.04,153,6192.27,4.53,297,2026-05-01,Vietnam,Shopee,maybelline lip tint standard,maybelline,33.82,35.96,39.14,9
Anker USB-C Hub Mini,Anker,Accessories,anker-seller-022,28.34,9.14,160,4533.8,4.79,24,2026-05-01,Vietnam,Shopee,anker usb c hub mini,anker,22.4725,45.15,57.9425,20
Philips LED Bulb Max,Philips,Home & Living,philips-seller-045,102.83,16.48,62,6375.29,4.35,331,2026-05-01,Malaysia,Lazada,philips led bulb max,philips,99.43,120.33,145.39,9
Xiaomi Router,Xiaomi,Electronics,xiaomi-seller-034,70.48,17.68,68,4792.6,4.38,40,2026-05-01,Malaysia,Shopee,xiaomi router,xiaomi,124.2925,230.48000000000002,300.105,14
Philips Desk Fan Standard,Philips,Home & Living,philips-seller-041,36.95,9.83,94,3473.08,4.03,91,2026-05-01,Malaysia,Shopee,philips desk fan standard,philips,48.035,82.215,128.3375,12
Oishi Crackers Plus,Oishi,Groceries,oishi-seller-056,29.96,15.42,241,7220.31,4.48,20,2026-05-01,Philippines,Shopee,oishi crackers plus,oishi,15.2025,24.104999999999997,26.9825,10
Innisfree Clay Mask Plus,Innisfree,Beauty,innisfree-seller-053,46.04,30.22,185,8516.96,5.0,260,2026-05-01,Thailand,Shopee,innisfree clay mask plus,innisfree,25.49,35.27,46.04,17
L'Oreal Shampoo Max,L'Oreal,Beauty,l'oreal-seller-057,51.95,5.33,96,4987.45,4.69,84,2026-05-01,Thailand,Lazada,l oreal shampoo max,l oreal,21.59,27.8,41.525,15
Anker USB-C Hub Plus,Anker,Accessories,anker-seller-036,22.91,15.09,199,4558.12,4.74,1014,2026-05-01,Vietnam,Shopee,anker usb c hub plus,anker,22.4725,45.15,57.9425,20
Oishi Snack Mix Max,Oishi,Groceries,oishi-seller-017,15.29,6.82,332,5076.64,4.52,786,2026-05-01,Indonesia,Shopee,oishi snack mix max,oishi,14.587499999999999,20.385,25.2925,16
IKEA Kitchen Organizer Pro,IKEA,Home & Living,ikea-seller-031,87.52,0.0,51,4463.39,4.79,354,2026-05-01,Indonesia,Lazada,ikea kitchen organizer pro,ikea,62.99,90.78,111.11250000000001,8
L'Oreal Hair Serum Max,L'Oreal,Beauty,l'oreal-seller-032,46.02,14.91,183,8421.98,4.31,215,2026-05-01,Indonesia,Shopee,l oreal hair serum max,l oreal,15.8,24.3,46.02,9
LocknLock Lunch Box Plus,LocknLock,Home & Living,locknlock-seller-019,80.85,7.47,59,4770.35,4.82,140,2026-05-01,Singapore,Lazada,locknlock lunch box plus,locknlock,71.955,118.91,148.615,20
Anker Charging Cable Plus,Anker,Accessories,anker-seller-021,44.12,10.87,164,7234.89,4.57,114,2026-05-01,Vietnam,Shopee,anker charging cable plus,anker,22.4725,45.15,57.9425,20
Logitech Mechanical Keyboard Pro,Logitech,Accessories,logitech-seller-043,24.67,8.08,159,3923.27,4.75,97,2026-05-01,Thailand,Lazada,logitech mechanical keyboard pro,logitech,29.2975,59.59,66.9225,22
Samsung SSD,Samsung,Electronics,samsung-seller-057,173.3,15.8,38,6585.41,4.51,77,2026-05-01,Vietnam,Lazada,samsung ssd,samsung,177.91500000000002,272.4,418.955,10
LocknLock Lunch Box 2026,LocknLock,Home & Living,locknlock-seller-002,98.0,13.63,62,6076.08,4.7,276,2026-05-01,Singapore,Lazada,locknlock lunch box 2026,locknlock,71.955,118.91,148.615,20
IKEA Storage Box Standard,IKEA,Home & Living,ikea-seller-036,163.44,18.84,47,7681.66,5.0,24,2026-05-01,Malaysia,Lazada,ikea storage box standard,ikea,99.43,120.33,145.39,9
Innisfree Moisturizer,Innisfree,Beauty,innisfree-seller-029,22.79,0.0,185,4216.91,3.99,82,2026-05-01,Malaysia,Lazada,innisfree moisturizer,innisfree,17.73,37.79,48.92,17
L'Oreal Hair Serum Plus,L'Oreal,Beauty,l'oreal-seller-047,9.82,9.65,325,3190.7,4.27,579,2026-05-01,Singapore,Lazada,l oreal hair serum plus,l oreal,14.97,36.22,54.89,17
Anker Charging Cable Plus,Anker,Accessories,anker-seller-015,68.6,4.66,98,6723.01,5.0,185,2026-05-01,Thailand,Lazada,anker charging cable plus,anker,29.2975,59.59,66.9225,22
IKEA Kitchen Organizer Standard,IKEA,Home & Living,ikea-seller-040,67.3,13.46,78,5249.02,4.65,1146,2026-05-01,Indonesia,Shopee,ikea kitchen organizer standard,ikea,52.4625,80.89,127.785,10
Kikkoman Soy Sauce Max,Kikkoman,Groceries,kikkoman-seller-002,8.61,9.75,377,3247.53,4.14,127,2026-05-01,Indonesia,Lazada,kikkoman soy sauce max,kikkoman,10.84,21.16,32.38,15
Innisfree Cleanser Standard,Innisfree,Beauty,innisfree-seller-042,41.08,2.13,174,7148.66,4.71,374,2026-05-01,Singapore,Shopee,innisfree cleanser standard,innisfree,38.55,43.62,54.08,13
Maybelline Mascara 2026,Maybelline,Beauty,maybelline-seller-054,33.82,23.46,220,7440.25,4.83,448,2026-05-01,Vietnam,Shopee,maybelline mascara 2026,maybelline,33.82,35.96,39.14,9
Nestle Coffee Pro,Nestle,Groceries,nestle-seller-022,21.16,0.0,202,4274.19,4.78,232,2026-05-01,Indonesia,Lazada,nestle coffee pro,nestle,10.84,21.16,32.38,15
Philips LED Bulb Standard,Philips,Home & Living,philips-seller-003,166.35,14.45,46,7652.33,4.74,354,2026-05-01,Singapore,Shopee,philips led bulb standard,philips,105.53,116.58,170.69,11
LocknLock Food Container Standard,LocknLock,Home & Living,locknlock-seller-011,85.68,17.92,73,6254.3,4.54,62,2026-05-01,Vietnam,Shopee,locknlock food container standard,locknlock,72.255,89.83,137.9425,10
Logitech Webcam,Logitech,Accessories,logitech-seller-045,83.61,14.72,97,8110.27,5.0,108,2026-05-01,Malaysia,Lazada,logitech webcam,logitech,30.759999999999998,44.34,67.69,11
Maybelline Mascara,Maybelline,Beauty,maybelline-seller-051,34.96,19.36,233,8145.16,4.81,72,2026-05-01,Thailand,Shopee,maybelline mascara,maybelline,25.49,35.27,46.04,17
Kikkoman Teriyaki Sauce,Kikkoman,Groceries,kikkoman-seller-006,33.07,21.83,203,6712.83,4.91,172,2026-05-01,Singapore,Lazada,kikkoman teriyaki sauce,kikkoman,13.46,17.32,26.8,17
Philips Desk Fan,Philips,Home & Living,philips-seller-047,146.45,15.55,62,9080.1,4.72,257,2026-05-01,Vietnam,Shopee,philips desk fan,philips,72.255,89.83,137.9425,10
Baseus Phone Holder Mini,Baseus,Accessories,baseus-seller-059,67.15,19.58,104,6983.09,4.07,12,2026-05-01,Singapore,Shopee,baseus phone holder mini,baseus,44.57,69.4,86.0125,24
LocknLock Water Bottle,LocknLock,Home & Living,locknlock-seller-039,137.07,17.17,72,9869.38,4.97,735,2026-05-01,Thailand,Shopee,locknlock water bottle,locknlock,43.480000000000004,63.32,111.52000000000001,11
Samsung Tablet Standard,Samsung,Electronics,samsung-seller-020,384.59,23.39,19,7307.28,4.61,92,2026-05-01,Malaysia,Lazada,samsung tablet standard,samsung,202.53,271.275,336.1925,16
Oishi Snack Mix Max,Oishi,Groceries,oishi-seller-037,21.21,4.36,225,4772.37,4.32,30,2026-05-01,Malaysia,Lazada,oishi snack mix max,oishi,15.18,21.21,26.63,13
Innisfree Clay Mask 2026,Innisfree,Beauty,innisfree-seller-027,30.96,31.29,177,5479.52,4.6,59,2026-05-01,Singapore,Lazada,innisfree clay mask 2026,innisfree,14.97,36.22,54.89,17
JBL Headphones Mini,JBL,Electronics,jbl-seller-033,166.93,14.19,25,4173.35,4.28,18,2026-05-01,Indonesia,Lazada,jbl headphones mini,jbl,174.74,264.04,328.74,11
Anker Power Bank Plus,Anker,Accessories,anker-seller-024,12.83,7.03,214,2744.75,4.42,112,2026-05-01,Thailand,Lazada,anker power bank plus,anker,29.2975,59.59,66.9225,22
Xiaomi Router Standard,Xiaomi,Electronics,xiaomi-seller-026,325.66,13.63,21,6838.84,3.99,700,2026-05-01,Indonesia,Shopee,xiaomi router standard,xiaomi,144.42000000000002,251.925,324.045,10
Innisfree Cleanser Standard,Innisfree,Beauty,innisfree-seller-042,65.56,9.94,106,6949.07,3.56,116,2026-05-01,Thailand,Lazada,innisfree cleanser standard,innisfree,21.59,27.8,41.525,15
Kikkoman Soy Sauce Standard,Kikkoman,Groceries,kikkoman-seller-036,15.18,14.89,314,4765.62,4.45,241,2026-05-01,Malaysia,Lazada,kikkoman soy sauce standard,kikkoman,15.18,21.21,26.63,13
Samsung SSD Standard,Samsung,Electronics,samsung-seller-010,150.99,20.69,47,7096.34,4.5,79,2026-05-01,Thailand,Shopee,samsung ssd standard,samsung,170.1975,358.53,429.9,14
Philips Desk Fan,Philips,Home & Living,philips-seller-015,140.88,18.82,42,5917.1,4.5,445,2026-05-01,Singapore,Lazada,philips desk fan,philips,71.955,118.91,148.615,20
Innisfree Moisturizer Max,Innisfree,Beauty,innisfree-seller-022,28.34,6.43,178,5044.23,4.97,427,2026-05-01,Vietnam,Lazada,innisfree moisturizer max,innisfree,12.9575,21.795,29.6375,16
Maybelline Lip Tint Mini,Maybelline,Beauty,maybelline-seller-027,41.38,11.68,163,6745.2,4.07,217,2026-05-01,Thailand,Shopee,maybelline lip tint mini,maybelline,25.49,35.27,46.04,17
Kikkoman Teriyaki Sauce Mini,Kikkoman,Groceries,kikkoman-seller-032,30.53,0.49,194,5922.15,4.11,623,2026-05-01,Vietnam,Lazada,kikkoman teriyaki sauce mini,kikkoman,10.715,12.39,21.2325,10
Innisfree Cleanser Plus,Innisfree,Beauty,innisfree-seller-033,5.79,4.66,463,2682.8,4.32,270,2026-05-01,Malaysia,Shopee,innisfree cleanser plus,innisfree,17.195,31.865000000000002,47.5,10
Anker Power Bank Standard,Anker,Accessories,anker-seller-025,50.38,5.85,136,6852.05,5.0,1623,2026-05-01,Indonesia,Shopee,anker power bank standard,anker,32.875,42.94,56.325,15
Kikkoman Soy Sauce 2026,Kikkoman,Groceries,kikkoman-seller-013,27.12,10.99,261,7078.23,4.8,16,2026-05-01,Thailand,Shopee,kikkoman soy sauce 2026,kikkoman,7.825,10.67,17.595,16
Anker Charging Cable 2026,Anker,Accessories,anker-seller-041,73.75,7.33,110,8112.96,4.59,69,2026-05-01,Singapore,Shopee,anker charging cable 2026,anker,44.57,69.4,86.0125,24
Kikkoman Teriyaki Sauce Plus,Kikkoman,Groceries,kikkoman-seller-001,19.82,23.44,291,5767.37,4.89,269,2026-05-01,Indonesia,Lazada,kikkoman teriyaki sauce plus,kikkoman,10.84,21.16,32.38,15
JBL Headphones Max,JBL,Electronics,jbl-seller-018,255.84,17.95,25,6395.95,4.31,346,2026-05-01,Malaysia,Shopee,jbl headphones max,jbl,124.2925,230.48000000000002,300.105,14
LocknLock Lunch Box Max,LocknLock,Home & Living,locknlock-seller-011,109.68,9.51,45,4935.78,4.21,533,2026-05-01,Indonesia,Lazada,locknlock lunch box max,locknlock,62.99,90.78,111.11250000000001,8
Philips LED Bulb,Philips,Home & Living,philips-seller-040,50.54,21.12,75,3790.78,4.89,32,2026-05-01,Thailand,Lazada,philips led bulb,philips,43.7525,67.965,115.715,10
Philips Air Fryer Plus,Philips,Home & Living,philips-seller-030,25.34,8.11,115,2913.98,4.62,81,2026-05-01,Philippines,Lazada,philips air fryer plus,philips,26.0225,63.43,93.08250000000001,8
Oishi Crackers Max,Oishi,Groceries,oishi-seller-054,5.28,5.53,432,2282.89,4.28,519,2026-05-01,Thailand,Lazada,oishi crackers max,oishi,8.004999999999999,15.02,23.1725,20
Innisfree Clay Mask 2026,Innisfree,Beauty,innisfree-seller-031,10.01,17.58,375,3755.25,4.77,579,2026-05-01,Singapore,Shopee,innisfree clay mask 2026,innisfree,38.55,43.62,54.08,13
Maybelline Mascara 2026,Maybelline,Beauty,maybelline-seller-045,35.96,2.92,178,6400.65,4.99,295,2026-05-01,Vietnam,Shopee,maybelline mascara 2026,maybelline,33.82,35.96,39.14,9
L'Oreal Shampoo Mini,L'Oreal,Beauty,l'oreal-seller-030,11.27,11.03,275,3099.76,4.41,113,2026-05-01,Vietnam,Lazada,l oreal shampoo mini,l oreal,12.9575,21.795,29.6375,16
Anker Power Bank Mini,Anker,Accessories,anker-seller-057,44.37,13.2,141,6256.36,4.52,388,2026-05-01,Indonesia,Shopee,anker power bank mini,anker,32.875,42.94,56.325,15
Logitech Mechanical Keyboard Pro,Logitech,Accessories,logitech-seller-053,67.82,13.38,85,5765.09,4.81,731,2026-05-01,Thailand,Lazada,logitech mechanical keyboard pro,logitech,29.2975,59.59,66.9225,22
Maybelline Foundation Pro,Maybelline,Beauty,maybelline-seller-036,68.86,4.43,99,6816.87,5.0,154,2026-05-01,Singapore,Lazada,maybelline foundation pro,maybelline,14.97,36.22,54.89,17
Baseus USB-C Cable Standard,Baseus,Accessories,baseus-seller-047,31.32,21.12,196,6138.64,4.38,70,2026-05-01,Indonesia,Shopee,baseus usb c cable standard,baseus,32.875,42.94,56.325,15
Nestle Chocolate Drink Standard,Nestle,Groceries,nestle-seller-009,9.6,3.34,299,2870.66,4.14,226,2026-05-01,Thailand,Lazada,nestle chocolate drink standard,nestle,8.004999999999999,15.02,23.1725,20
Maybelline Lip Tint Mini,Maybelline,Beauty,maybelline-seller-018,34.98,12.12,144,5037.39,3.86,34,2026-05-01,Indonesia,Lazada,maybelline lip tint mini,maybelline,24.55,33.5,37.435,15
Oishi Green Tea,Oishi,Groceries,oishi-seller-015,19.13,30.54,292,5585.04,4.75,334,2026-05-01,Philippines,Lazada,oishi green tea,oishi,17.4725,23.795,27.4225,14
IKEA Desk Lamp 2026,IKEA,Home & Living,ikea-seller-031,118.12,4.67,72,8504.66,4.64,232,2026-05-01,Thailand,Shopee,ikea desk lamp 2026,ikea,43.480000000000004,63.32,111.52000000000001,11
Logitech Wireless Mouse Mini,Logitech,Accessories,logitech-seller-052,52.51,2.65,94,4935.74,4.27,105,2026-05-01,Vietnam,Lazada,logitech wireless mouse mini,logitech,43.84,48.67,54.01,13
JBL Earbuds Mini,JBL,Electronics,jbl-seller-049,477.21,2.06,18,8589.83,4.7,495,2026-05-01,Singapore,Lazada,jbl earbuds mini,jbl,246.51999999999998,358.64,433.225,7
LocknLock Food Container,LocknLock,Home & Living,locknlock-seller-025,155.75,21.5,42,6541.4,4.98,736,2026-05-01,Vietnam,Shopee,locknlock food container,locknlock,72.255,89.83,137.9425,10
Innisfree Cleanser Pro,Innisfree,Beauty,innisfree-seller-034,44.72,17.1,151,6752.21,4.6,1006,2026-05-01,Philippines,Lazada,innisfree cleanser pro,innisfree,15.665,18.585,40.62,16
Kikkoman Teriyaki Sauce Max,Kikkoman,Groceries,kikkoman-seller-010,32.96,0.0,199,6558.14,4.64,49,2026-05-01,Vietnam,Shopee,kikkoman teriyaki sauce max,kikkoman,7.15,19.055,31.1475,14
Samsung Monitor Max,Samsung,Electronics,samsung-seller-008,472.85,12.31,22,10402.79,4.34,172,2026-05-01,Singapore,Lazada,samsung monitor max,samsung,246.51999999999998,358.64,433.225,7
L'Oreal Shampoo,L'Oreal,Beauty,l'oreal-seller-024,35.55,11.91,157,5581.01,4.75,83,2026-05-01,Indonesia,Lazada,l oreal shampoo,l oreal,24.55,33.5,37.435,15
Xiaomi Router Mini,Xiaomi,Electronics,xiaomi-seller-057,315.45,17.59,21,6624.42,5.0,20,2026-05-01,Singapore,Lazada,xiaomi router mini,xiaomi,246.51999999999998,358.64,433.225,7
L'Oreal Face Wash Standard,L'Oreal,Beauty,l'oreal-seller-013,12.47,0.0,233,2905.43,5.0,109,2026-05-01,Thailand,Lazada,l oreal face wash standard,l oreal,21.59,27.8,41.525,15
IKEA Desk Lamp Mini,IKEA,Home & Living,ikea-seller-020,205.25,4.34,34,6978.38,4.4,52,2026-05-01,Singapore,Lazada,ikea desk lamp mini,ikea,71.955,118.91,148.615,20
Innisfree Cleanser Standard,Innisfree,Beauty,innisfree-seller-039,28.21,2.5,211,5953.11,4.38,184,2026-05-01,Malaysia,Shopee,innisfree cleanser standard,innisfree,17.195,31.865000000000002,47.5,10
Maybelline Foundation Plus,Maybelline,Beauty,maybelline-seller-003,15.45,28.57,348,5378.1,4.17,148,2026-05-01,Malaysia,Shopee,maybelline foundation plus,maybelline,17.195,31.865000000000002,47.5,10
Maybelline Mascara Mini,Maybelline,Beauty,maybelline-seller-053,12.1,8.19,254,3072.58,4.22,180,2026-05-01,Philippines,Lazada,maybelline mascara mini,maybelline,15.665,18.585,40.62,16
Philips Air Fryer Plus,Philips,Home & Living,philips-seller-012,85.15,21.42,69,5875.5,4.86,124,2026-05-01,Vietnam,Lazada,philips air fryer plus,philips,31.21,85.15,128.47,15
Anker USB-C Hub Mini,Anker,Accessories,anker-seller-058,34.72,27.1,188,6528.27,4.67,272,2026-05-01,Singapore,Shopee,anker usb c hub mini,anker,44.57,69.4,86.0125,24
Oishi Green Tea Plus,Oishi,Groceries,oishi-seller-054,8.88,6.16,395,3509.52,4.91,128,2026-05-01,Philippines,Shopee,oishi green tea plus,oishi,15.2025,24.104999999999997,26.9825,10
Samsung Tablet Standard,Samsung,Electronics,samsung-seller-021,324.89,12.35,29,9421.91,4.19,873,2026-05-01,Vietnam,Shopee,samsung tablet standard,samsung,140.8475,245.615,331.37,16
Kikkoman Soy Sauce Pro,Kikkoman,Groceries,kikkoman-seller-054,23.21,24.21,247,5733.35,4.25,163,2026-05-01,Vietnam,Lazada,kikkoman soy sauce pro,kikkoman,10.715,12.39,21.2325,10
Kikkoman Teriyaki Sauce Mini,Kikkoman,Groceries,kikkoman-seller-001,16.82,21.08,275,4624.35,4.29,940,2026-05-01,Philippines,Lazada,kikkoman teriyaki sauce mini,kikkoman,17.4725,23.795,27.4225,14
Samsung Tablet Standard,Samsung,Electronics,samsung-seller-005,53.66,0.0,64,3434.36,4.52,196,2026-05-01,Philippines,Lazada,samsung tablet standard,samsung,61.2375,94.35,246.20000000000002,10
L'Oreal Shampoo Plus,L'Oreal,Beauty,l'oreal-seller-003,16.83,13.8,291,4897.15,3.86,79,2026-05-01,Thailand,Shopee,l oreal shampoo plus,l oreal,25.49,35.27,46.04,17
LocknLock Water Bottle Max,LocknLock,Home & Living,locknlock-seller-048,32.51,16.81,164,5332.3,4.86,352,2026-05-01,Malaysia,Shopee,locknlock water bottle max,locknlock,48.035,82.215,128.3375,12
Maybelline Foundation Standard,Maybelline,Beauty,maybelline-seller-022,39.12,2.76,148,5789.76,3.71,27,2026-05-01,Vietnam,Lazada,maybelline foundation standard,maybelline,12.9575,21.795,29.6375,16
LocknLock Water Bottle Standard,LocknLock,Home & Living,locknlock-seller-059,175.03,21.47,56,9801.75,3.76,122,2026-05-01,Singapore,Shopee,locknlock water bottle standard,locknlock,105.53,116.58,170.69,11
Logitech Mechanical Keyboard Mini,Logitech,Accessories,logitech-seller-041,78.97,21.68,122,9634.01,4.45,51,2026-05-01,Vietnam,Shopee,logitech mechanical keyboard mini,logitech,22.4725,45.15,57.9425,20
Logitech Webcam Pro,Logitech,Accessories,logitech-seller-030,49.32,12.19,144,7102.71,4.25,91,2026-05-01,Vietnam,Shopee,logitech webcam pro,logitech,22.4725,45.15,57.9425,20
Maybelline Lip Tint,Maybelline,Beauty,maybelline-seller-013,38.55,27.13,195,7517.91,4.41,56,2026-05-01,Vietnam,Shopee,maybelline lip tint,maybelline,33.82,35.96,39.14,9
L'Oreal Hair Serum Max,L'Oreal,Beauty,l'oreal-seller-019,10.32,17.23,377,3890.07,4.76,53,2026-05-01,Philippines,Shopee,l oreal hair serum max,l oreal,10.32,35.96,39.27,9
Kikkoman Teriyaki Sauce Plus,Kikkoman,Groceries,kikkoman-seller-015,8.25,7.15,376,3102.21,4.97,76,2026-05-01,Thailand,Lazada,kikkoman teriyaki sauce plus,kikkoman,8.004999999999999,15.02,23.1725,20
Oishi Snack Mix Pro,Oishi,Groceries,oishi-seller-045,3.8,2.15,496,1884.78,4.22,169,2026-05-01,Thailand,Lazada,oishi snack mix pro,oishi,8.004999999999999,15.02,23.1725,20
Anker Charging Cable Mini,Anker,Accessories,anker-seller-024,63.14,14.9,118,7450.88,4.57,370,2026-05-01,Singapore,Lazada,anker charging cable mini,anker,20.38,50.97,66.06,17
Oishi Crackers Plus,Oishi,Groceries,oishi-seller-010,25.27,8.1,233,5887.75,4.5,2935,2026-05-01,Malaysia,Lazada,oishi crackers plus,oishi,15.18,21.21,26.63,13
JBL Headphones,JBL,Electronics,jbl-seller-044,129.18,23.08,38,4908.73,4.33,5,2026-05-01,Indonesia,Shopee,jbl headphones,jbl,144.42000000000002,251.925,324.045,10
Maybelline Lip Tint Mini,Maybelline,Beauty,maybelline-seller-054,57.24,13.81,154,8814.46,4.92,52,2026-05-01,Malaysia,Shopee,maybelline lip tint mini,maybelline,17.195,31.865000000000002,47.5,10
Baseus USB-C Cable Pro,Baseus,Accessories,baseus-seller-014,45.96,30.43,150,6893.45,4.68,230,2026-05-01,Philippines,Lazada,baseus usb c cable pro,baseus,22.48,27.73,45.96,9
Logitech Webcam Max,Logitech,Accessories,logitech-seller-041,56.64,8.81,101,5720.9,3.97,137,2026-05-01,Singapore,Lazada,logitech webcam max,logitech,20.38,50.97,66.06,17
Nestle Chocolate Drink Pro,Nestle,Groceries,nestle-seller-024,23.42,5.33,229,5363.66,4.74,672,2026-05-01,Thailand,Lazada,nestle chocolate drink pro,nestle,8.004999999999999,15.02,23.1725,20
IKEA Storage Box Max,IKEA,Home & Living,ikea-seller-007,94.04,16.84,62,5830.21,4.18,163,2026-05-01,Indonesia,Lazada,ikea storage box max,ikea,62.99,90.78,111.11250000000001,8
Logitech Mechanical Keyboard Plus,Logitech,Accessories,logitech-seller-022,88.49,10.82,85,7521.58,4.56,24,2026-05-01,Philippines,Lazada,logitech mechanical keyboard plus,logitech,22.48,27.73,45.96,9
Nestle Cereal 2026,Nestle,Groceries,nestle-seller-030,8.58,23.72,470,4030.54,4.66,76,2026-05-01,Malaysia,Shopee,nestle cereal 2026,nestle,12.36,16.91,28.24,17
Anker Power Bank Plus,Anker,Accessories,anker-seller-038,35.93,15.52,165,5928.56,4.61,1607,2026-05-01,Indonesia,Shopee,anker power bank plus,anker,32.875,42.94,56.325,15
JBL Bluetooth Speaker Pro,JBL,Electronics,jbl-seller-047,341.5,5.3,25,8537.41,4.28,720,2026-05-01,Indonesia,Lazada,jbl bluetooth speaker pro,jbl,174.74,264.04,328.74,11
Samsung Monitor Pro,Samsung,Electronics,samsung-seller-003,329.76,8.08,33,10881.99,4.92,79,2026-05-01,Malaysia,Lazada,samsung monitor pro,samsung,202.53,271.275,336.1925,16
JBL Earbuds Mini,JBL,Electronics,jbl-seller-026,400.09,26.45,26,10402.24,4.51,118,2026-05-01,Thailand,Shopee,jbl earbuds mini,jbl,170.1975,358.53,429.9,14
Kikkoman Soy Sauce Pro,Kikkoman,Groceries,kikkoman-seller-057,30.83,13.45,237,7306.69,4.9,148,2026-05-01,Indonesia,Shopee,kikkoman soy sauce pro,kikkoman,14.587499999999999,20.385,25.2925,16
IKEA Desk Lamp Max,IKEA,Home & Living,ikea-seller-022,142.25,0.0,61,8676.97,4.97,32,2026-05-01,Indonesia,Shopee,ikea desk lamp max,ikea,52.4625,80.89,127.785,10
L'Oreal Hair Serum Plus,L'Oreal,Beauty,l'oreal-seller-026,23.52,6.71,212,4986.81,4.58,69,2026-05-01,Vietnam,Shopee,l oreal hair serum plus,l oreal,33.82,35.96,39.14,9
Baseus USB-C Cable 2026,Baseus,Accessories,baseus-seller-057,62.17,6.45,98,6093.0,4.77,21,2026-05-01,Thailand,Lazada,baseus usb c cable 2026,baseus,29.2975,59.59,66.9225,22
L'Oreal Shampoo 2026,L'Oreal,Beauty,l'oreal-seller-055,14.64,5.88,237,3469.24,4.63,218,2026-05-01,Thailand,Lazada,l oreal shampoo 2026,l oreal,21.59,27.8,41.525,15
Baseus USB-C Cable 2026,Baseus,Accessories,baseus-seller-044,61.67,20.97,109,6722.23,4.79,385,2026-05-01,Thailand,Lazada,baseus usb c cable 2026,baseus,29.2975,59.59,66.9225,22
Anker USB-C Hub Pro,Anker,Accessories,anker-seller-007,61.79,6.69,94,5808.5,4.73,262,2026-05-01,Indonesia,Lazada,anker usb c hub pro,anker,27.134999999999998,47.39,63.665000000000006,15
Nestle Chocolate Drink Plus,Nestle,Groceries,nestle-seller-054,6.78,14.57,421,2853.94,4.22,238,2026-05-01,Singapore,Lazada,nestle chocolate drink plus,nestle,13.46,17.32,26.8,17
Anker USB-C Hub Pro,Anker,Accessories,anker-seller-049,79.39,4.34,98,7780.08,4.78,220,2026-05-01,Singapore,Shopee,anker usb c hub pro,anker,44.57,69.4,86.0125,24
Innisfree Cleanser Max,Innisfree,Beauty,innisfree-seller-056,23.7,8.1,219,5189.61,4.71,604,2026-05-01,Thailand,Lazada,innisfree cleanser max,innisfree,21.59,27.8,41.525,15
IKEA Storage Box Plus,IKEA,Home & Living,ikea-seller-043,21.57,11.87,121,2610.32,4.35,94,2026-05-01,Singapore,Lazada,ikea storage box plus,ikea,71.955,118.91,148.615,20
Kikkoman Soy Sauce,Kikkoman,Groceries,kikkoman-seller-016,32.66,0.0,210,6858.16,4.66,333,2026-05-01,Philippines,Shopee,kikkoman soy sauce,kikkoman,15.2025,24.104999999999997,26.9825,10
Maybelline Mascara Mini,Maybelline,Beauty,maybelline-seller-039,48.92,18.92,130,6359.67,4.58,483,2026-05-01,Malaysia,Lazada,maybelline mascara mini,maybelline,17.73,37.79,48.92,17
Oishi Snack Mix 2026,Oishi,Groceries,oishi-seller-003,25.57,10.96,279,7134.98,5.0,410,2026-05-01,Singapore,Shopee,oishi snack mix 2026,oishi,9.27,10.24,17.47,11
Xiaomi Bluetooth Speaker Plus,Xiaomi,Electronics,xiaomi-seller-042,300.87,3.08,18,5415.66,5.0,78,2026-05-01,Thailand,Lazada,xiaomi bluetooth speaker plus,xiaomi,282.03,313.03999999999996,366.7725,10
Nestle Cereal Plus,Nestle,Groceries,nestle-seller-044,10.93,12.93,316,3452.82,4.71,68,2026-05-01,Thailand,Lazada,nestle cereal plus,nestle,8.004999999999999,15.02,23.1725,20
Innisfree Clay Mask 2026,Innisfree,Beauty,innisfree-seller-026,54.08,5.02,156,8436.52,4.36,204,2026-05-01,Singapore,Shopee,innisfree clay mask 2026,innisfree,38.55,43.62,54.08,13
Xiaomi Bluetooth Speaker Max,Xiaomi,Electronics,xiaomi-seller-047,80.89,2.13,57,4610.69,4.88,83,2026-05-01,Philippines,Shopee,xiaomi bluetooth speaker max,xiaomi,149.2225,197.375,293.7,12
Logitech Mechanical Keyboard 2026,Logitech,Accessories,logitech-seller-037,58.63,0.0,85,4983.84,5.0,124,2026-05-01,Vietnam,Lazada,logitech mechanical keyboard 2026,logitech,43.84,48.67,54.01,13
Xiaomi Bluetooth Speaker Max,Xiaomi,Electronics,xiaomi-seller-043,266.03,13.54,24,6384.66,3.78,97,2026-05-01,Indonesia,Lazada,xiaomi bluetooth speaker max,xiaomi,174.74,264.04,328.74,11
Anker Charging Cable Pro,Anker,Accessories,anker-seller-048,50.97,9.73,108,5504.97,4.73,306,2026-05-01,Singapore,Lazada,anker charging cable pro,anker,20.38,50.97,66.06,17
LocknLock Lunch Box Pro,LocknLock,Home & Living,locknlock-seller-050,88.68,20.12,88,7803.44,3.77,126,2026-05-01,Philippines,Shopee,locknlock lunch box pro,locknlock,71.9875,83.66,103.23,14
LocknLock Water Bottle,LocknLock,Home & Living,locknlock-seller-012,184.43,11.41,35,6455.15,4.45,169,2026-05-01,Singapore,Lazada,locknlock water bottle,locknlock,71.955,118.91,148.615,20
Logitech Wireless Mouse Pro,Logitech,Accessories,logitech-seller-060,71.84,11.95,108,7759.03,4.08,1234,2026-05-01,Singapore,Lazada,logitech wireless mouse pro,logitech,20.38,50.97,66.06,17
Kikkoman Teriyaki Sauce Plus,Kikkoman,Groceries,kikkoman-seller-004,27.13,5.96,205,5561.36,4.73,206,2026-05-01,Philippines,Lazada,kikkoman teriyaki sauce plus,kikkoman,17.4725,23.795,27.4225,14
Logitech Mechanical Keyboard Plus,Logitech,Accessories,logitech-seller-024,44.41,17.31,124,5506.84,4.76,1063,2026-05-01,Singapore,Lazada,logitech mechanical keyboard plus,logitech,20.38,50.97,66.06,17
Innisfree Moisturizer Max,Innisfree,Beauty,innisfree-seller-019,10.88,17.16,293,3187.86,4.7,108,2026-05-01,Vietnam,Lazada,innisfree moisturizer max,innisfree,12.9575,21.795,29.6375,16
Nestle Cereal Plus,Nestle,Groceries,nestle-seller-002,15.3,19.94,283,4329.09,4.69,48,2026-05-01,Vietnam,Lazada,nestle cereal plus,nestle,10.715,12.39,21.2325,10
Maybelline Mascara Mini,Maybelline,Beauty,maybelline-seller-008,13.91,34.59,311,4327.28,3.97,150,2026-05-01,Singapore,Lazada,maybelline mascara mini,maybelline,14.97,36.22,54.89,17
Philips Air Fryer 2026,Philips,Home & Living,philips-seller-012,65.95,18.77,102,6726.82,4.2,470,2026-05-01,Malaysia,Shopee,philips air fryer 2026,philips,48.035,82.215,128.3375,12
Kikkoman Soy Sauce Max,Kikkoman,Groceries,kikkoman-seller-032,15.84,22.5,359,5685.81,4.24,123,2026-05-01,Vietnam,Shopee,kikkoman soy sauce max,kikkoman,7.15,19.055,31.1475,14
Innisfree Cleanser Mini,Innisfree,Beauty,innisfree-seller-016,67.37,12.73,120,8084.54,4.31,26,2026-05-01,Singapore,Lazada,innisfree cleanser mini,innisfree,14.97,36.22,54.89,17
Logitech Mechanical Keyboard Pro,Logitech,Accessories,logitech-seller-003,20.8,24.44,180,3743.87,4.87,588,2026-05-01,Philippines,Lazada,logitech mechanical keyboard pro,logitech,22.48,27.73,45.96,9
Samsung Tablet Standard,Samsung,Electronics,samsung-seller-022,337.61,23.58,20,6752.29,4.4,25,2026-05-01,Thailand,Shopee,samsung tablet standard,samsung,170.1975,358.53,429.9,14
JBL Bluetooth Speaker 2026,JBL,Electronics,jbl-seller-048,433.11,13.08,14,6063.57,5.0,37,2026-05-01,Philippines,Lazada,jbl bluetooth speaker 2026,jbl,61.2375,94.35,246.20000000000002,10
Xiaomi Smart Band Mini,Xiaomi,Electronics,xiaomi-seller-017,87.7,12.79,52,4560.4,4.12,35,2026-05-01,Malaysia,Shopee,xiaomi smart band mini,xiaomi,124.2925,230.48000000000002,300.105,14
Anker Power Bank Plus,Anker,Accessories,anker-seller-014,45.53,21.78,154,7011.55,4.57,29,2026-05-01,Malaysia,Shopee,anker power bank plus,anker,36.365,45.53,58.89,15
Nestle Chocolate Drink Max,Nestle,Groceries,nestle-seller-003,9.35,0.0,357,3336.57,4.25,87,2026-05-01,Singapore,Lazada,nestle chocolate drink max,nestle,13.46,17.32,26.8,17
Kikkoman Teriyaki Sauce Pro,Kikkoman,Groceries,kikkoman-seller-001,32.13,13.62,215,6907.68,4.91,238,2026-05-01,Indonesia,Lazada,kikkoman teriyaki sauce pro,kikkoman,10.84,21.16,32.38,15
Anker Power Bank 2026,Anker,Accessories,anker-seller-018,11.46,1.87,263,3013.5,3.86,66,2026-05-01,Singapore,Shopee,anker power bank 2026,anker,44.57,69.4,86.0125,24
Philips Air Fryer Standard,Philips,Home & Living,philips-seller-015,123.91,12.3,63,7806.02,4.75,82,2026-05-01,Malaysia,Lazada,philips air fryer standard,philips,99.43,120.33,145.39,9
L'Oreal Shampoo Mini,L'Oreal,Beauty,l'oreal-seller-019,9.9,13.66,347,3434.14,4.41,217,2026-05-01,Thailand,Shopee,l oreal shampoo mini,l oreal,25.49,35.27,46.04,17
LocknLock Lunch Box Mini,LocknLock,Home & Living,locknlock-seller-022,53.17,24.93,107,5689.21,4.66,59,2026-05-01,Philippines,Lazada,locknlock lunch box mini,locknlock,26.0225,63.43,93.08250000000001,8
Samsung SSD Pro,Samsung,Electronics,samsung-seller-022,256.62,0.0,23,5902.31,4.23,29,2026-05-01,Indonesia,Lazada,samsung ssd pro,samsung,174.74,264.04,328.74,11
Xiaomi Bluetooth Speaker,Xiaomi,Electronics,xiaomi-seller-048,162.07,17.86,29,4700.16,4.36,11,2026-05-01,Malaysia,Lazada,xiaomi bluetooth speaker,xiaomi,202.53,271.275,336.1925,16
Philips LED Bulb Max,Philips,Home & Living,philips-seller-025,111.89,13.76,60,6713.32,4.79,178,2026-05-01,Singapore,Shopee,philips led bulb max,philips,105.53,116.58,170.69,11
Baseus Phone Holder Standard,Baseus,Accessories,baseus-seller-041,61.67,0.64,83,5118.36,4.87,24,2026-05-01,Malaysia,Lazada,baseus phone holder standard,baseus,30.759999999999998,44.34,67.69,11
Logitech Webcam Mini,Logitech,Accessories,logitech-seller-024,97.71,21.22,74,7230.83,4.19,180,2026-05-01,Singapore,Lazada,logitech webcam mini,logitech,20.38,50.97,66.06,17
Innisfree Cleanser Plus,Innisfree,Beauty,innisfree-seller-002,58.85,13.54,146,8591.57,4.44,77,2026-05-01,Malaysia,Lazada,innisfree cleanser plus,innisfree,17.73,37.79,48.92,17
LocknLock Lunch Box Plus,LocknLock,Home & Living,locknlock-seller-027,53.78,9.88,94,5055.34,4.78,33,2026-05-01,Thailand,Shopee,locknlock lunch box plus,locknlock,43.480000000000004,63.32,111.52000000000001,11
Philips Air Fryer 2026,Philips,Home & Living,philips-seller-025,27.89,17.04,99,2761.18,4.53,111,2026-05-01,Vietnam,Lazada,philips air fryer 2026,philips,31.21,85.15,128.47,15
Samsung SSD Standard,Samsung,Electronics,samsung-seller-026,319.2,14.65,24,7660.84,4.08,118,2026-05-01,Indonesia,Shopee,samsung ssd standard,samsung,144.42000000000002,251.925,324.045,10
Baseus Laptop Stand 2026,Baseus,Accessories,baseus-seller-056,10.65,26.24,371,3949.48,4.36,375,2026-05-01,Thailand,Shopee,baseus laptop stand 2026,baseus,46.2225,52.769999999999996,54.332499999999996,10
LocknLock Food Container,LocknLock,Home & Living,locknlock-seller-014,123.17,14.49,46,5665.72,4.96,483,2026-05-01,Thailand,Lazada,locknlock food container,locknlock,43.7525,67.965,115.715,10
Innisfree Cleanser Standard,Innisfree,Beauty,innisfree-seller-043,63.61,4.16,117,7442.3,4.11,180,2026-05-01,Singapore,Lazada,innisfree cleanser standard,innisfree,14.97,36.22,54.89,17
Philips Desk Fan Plus,Philips,Home & Living,philips-seller-015,73.69,14.04,62,4568.58,4.81,705,2026-05-01,Philippines,Lazada,philips desk fan plus,philips,26.0225,63.43,93.08250000000001,8
JBL Earbuds 2026,JBL,Electronics,jbl-seller-060,95.82,19.14,41,3928.63,4.18,237,2026-05-01,Singapore,Lazada,jbl earbuds 2026,jbl,246.51999999999998,358.64,433.225,7
L'Oreal Face Wash,L'Oreal,Beauty,l'oreal-seller-022,27.77,11.83,162,4498.66,4.27,746,2026-05-01,Thailand,Lazada,l oreal face wash,l oreal,21.59,27.8,41.525,15
Anker Power Bank Max,Anker,Accessories,anker-seller-027,58.02,26.17,146,8471.4,4.15,163,2026-05-01,Singapore,Shopee,anker power bank max,anker,44.57,69.4,86.0125,24
Kikkoman Soy Sauce Mini,Kikkoman,Groceries,kikkoman-seller-015,26.8,15.73,216,5789.21,3.96,52,2026-05-01,Singapore,Lazada,kikkoman soy sauce mini,kikkoman,13.46,17.32,26.8,17
Philips Desk Fan Plus,Philips,Home & Living,philips-seller-002,63.32,9.93,64,4052.76,4.97,341,2026-05-01,Thailand,Shopee,philips desk fan plus,philips,43.480000000000004,63.32,111.52000000000001,11
Kikkoman Teriyaki Sauce Max,Kikkoman,Groceries,kikkoman-seller-006,16.57,11.23,319,5286.27,4.35,162,2026-05-01,Malaysia,Shopee,kikkoman teriyaki sauce max,kikkoman,12.36,16.91,28.24,17
Philips Air Fryer Mini,Philips,Home & Living,philips-seller-033,182.41,21.86,56,10214.98,4.89,368,2026-05-01,Malaysia,Shopee,philips air fryer mini,philips,48.035,82.215,128.3375,12
JBL Headphones,JBL,Electronics,jbl-seller-016,443.55,19.0,24,10645.2,4.55,35,2026-05-01,Thailand,Shopee,jbl headphones,jbl,170.1975,358.53,429.9,14
Nestle Coffee Pro,Nestle,Groceries,nestle-seller-005,32.91,19.51,193,6350.7,4.68,1100,2026-05-01,Thailand,Lazada,nestle coffee pro,nestle,8.004999999999999,15.02,23.1725,20
LocknLock Food Container 2026,LocknLock,Home & Living,locknlock-seller-044,158.67,14.81,51,8092.3,4.03,198,2026-05-01,Vietnam,Shopee,locknlock food container 2026,locknlock,72.255,89.83,137.9425,10
Oishi Snack Mix Mini,Oishi,Groceries,oishi-seller-042,34.2,11.78,160,5471.34,4.43,135,2026-05-01,Indonesia,Lazada,oishi snack mix mini,oishi,10.84,21.16,32.38,15
Oishi Snack Mix Max,Oishi,Groceries,oishi-seller-005,5.01,20.48,520,2607.06,4.65,313,2026-05-01,Vietnam,Lazada,oishi snack mix max,oishi,10.715,12.39,21.2325,10
Samsung Monitor,Samsung,Electronics,samsung-seller-025,238.58,19.92,27,6441.55,4.76,313,2026-05-01,Vietnam,Shopee,samsung monitor,samsung,140.8475,245.615,331.37,16
Maybelline Lip Tint Standard,Maybelline,Beauty,maybelline-seller-046,16.32,18.58,263,4291.0,4.97,94,2026-05-01,Vietnam,Lazada,maybelline lip tint standard,maybelline,12.9575,21.795,29.6375,16
JBL Headphones Standard,JBL,Electronics,jbl-seller-019,371.45,9.91,21,7800.43,4.87,534,2026-05-01,Indonesia,Shopee,jbl headphones standard,jbl,144.42000000000002,251.925,324.045,10
Innisfree Cleanser Mini,Innisfree,Beauty,innisfree-seller-041,64.54,11.69,142,9164.01,4.26,618,2026-05-01,Singapore,Shopee,innisfree cleanser mini,innisfree,38.55,43.62,54.08,13
Xiaomi Smart Band 2026,Xiaomi,Electronics,xiaomi-seller-055,263.42,23.37,28,7375.63,4.9,49,2026-05-01,Philippines,Lazada,xiaomi smart band 2026,xiaomi,61.2375,94.35,246.20000000000002,10
Nestle Cereal Max,Nestle,Groceries,nestle-seller-022,35.66,13.07,221,7881.83,4.5,494,2026-05-01,Malaysia,Shopee,nestle cereal max,nestle,12.36,16.91,28.24,17
Xiaomi Bluetooth Speaker Standard,Xiaomi,Electronics,xiaomi-seller-022,227.82,13.92,37,8429.52,4.65,46,2026-05-01,Thailand,Shopee,xiaomi bluetooth speaker standard,xiaomi,170.1975,358.53,429.9,14
Samsung Monitor,Samsung,Electronics,samsung-seller-016,196.62,5.54,36,7078.34,5.0,148,2026-05-01,Philippines,Shopee,samsung monitor,samsung,149.2225,197.375,293.7,12
Maybelline Foundation Pro,Maybelline,Beauty,maybelline-seller-051,17.73,5.86,213,3776.34,3.8,167,2026-05-01,Malaysia,Lazada,maybelline foundation pro,maybelline,17.73,37.79,48.92,17
LocknLock Lunch Box Standard,LocknLock,Home & Living,locknlock-seller-049,110.13,0.0,59,6497.44,3.97,72,2026-05-01,Singapore,Lazada,locknlock lunch box standard,locknlock,71.955,118.91,148.615,20
LocknLock Water Bottle 2026,LocknLock,Home & Living,locknlock-seller-057,116.7,18.36,63,7352.35,3.47,86,2026-05-01,Thailand,Shopee,locknlock water bottle 2026,locknlock,43.480000000000004,63.32,111.52000000000001,11
Innisfree Cleanser 2026,Innisfree,Beauty,innisfree-seller-037,52.34,7.14,129,6751.89,3.94,10,2026-05-01,Malaysia,Lazada,innisfree cleanser 2026,innisfree,17.73,37.79,48.92,17
Samsung Monitor Max,Samsung,Electronics,samsung-seller-019,38.84,14.78,62,2407.85,5.0,255,2026-05-01,Philippines,Lazada,samsung monitor max,samsung,61.2375,94.35,246.20000000000002,10
Kikkoman Teriyaki Sauce,Kikkoman,Groceries,kikkoman-seller-025,10.77,11.04,386,4158.8,4.07,166,2026-05-01,Thailand,Shopee,kikkoman teriyaki sauce,kikkoman,7.825,10.67,17.595,16
Logitech Webcam Pro,Logitech,Accessories,logitech-seller-010,45.5,2.78,110,5004.96,4.01,235,2026-05-01,Malaysia,Shopee,logitech webcam pro,logitech,36.365,45.53,58.89,15
Innisfree Cleanser Mini,Innisfree,Beauty,innisfree-seller-048,15.8,6.69,277,4377.08,4.81,460,2026-05-01,Indonesia,Shopee,innisfree cleanser mini,innisfree,15.8,24.3,46.02,9
Samsung SSD Pro,Samsung,Electronics,samsung-seller-042,136.42,19.39,29,3956.15,4.0,20,2026-05-01,Indonesia,Lazada,samsung ssd pro,samsung,174.74,264.04,328.74,11
LocknLock Food Container,LocknLock,Home & Living,locknlock-seller-060,57.04,18.91,73,4164.06,4.67,52,2026-05-01,Thailand,Lazada,locknlock food container,locknlock,43.7525,67.965,115.715,10
LocknLock Water Bottle Plus,LocknLock,Home & Living,locknlock-seller-058,52.21,19.73,120,6265.79,4.04,77,2026-05-01,Singapore,Shopee,locknlock water bottle plus,locknlock,105.53,116.58,170.69,11
Anker USB-C Hub Pro,Anker,Accessories,anker-seller-014,42.02,15.73,149,6260.42,5.0,45,2026-05-01,Singapore,Shopee,anker usb c hub pro,anker,44.57,69.4,86.0125,24
Maybelline Lip Tint,Maybelline,Beauty,maybelline-seller-008,4.27,13.07,542,2314.9,3.96,228,2026-05-01,Thailand,Shopee,maybelline lip tint,maybelline,25.49,35.27,46.04,17
Innisfree Moisturizer Mini,Innisfree,Beauty,innisfree-seller-059,50.42,14.43,153,7714.34,4.27,1159,2026-05-01,Philippines,Shopee,innisfree moisturizer mini,innisfree,10.32,35.96,39.27,9
IKEA Kitchen Organizer 2026,IKEA,Home & Living,ikea-seller-024,107.67,18.36,77,8290.89,4.58,378,2026-05-01,Philippines,Shopee,ikea kitchen organizer 2026,ikea,71.9875,83.66,103.23,14
Samsung SSD Pro,Samsung,Electronics,samsung-seller-033,136.78,27.78,50,6839.15,4.26,471,2026-05-01,Philippines,Shopee,samsung ssd pro,samsung,149.2225,197.375,293.7,12
Philips Desk Fan Mini,Philips,Home & Living,philips-seller-056,33.56,26.78,120,4026.81,4.66,259,2026-05-01,Vietnam,Lazada,philips desk fan mini,philips,31.21,85.15,128.47,15
Samsung Tablet 2026,Samsung,Electronics,samsung-seller-016,423.23,11.24,19,8041.35,5.0,140,2026-05-01,Vietnam,Shopee,samsung tablet 2026,samsung,140.8475,245.615,331.37,16
Oishi Crackers Max,Oishi,Groceries,oishi-seller-030,5.94,9.17,511,3036.11,4.8,101,2026-05-01,Malaysia,Shopee,oishi crackers max,oishi,12.36,16.91,28.24,17
LocknLock Lunch Box Pro,LocknLock,Home & Living,locknlock-seller-006,20.55,32.36,178,3658.23,5.0,110,2026-05-01,Thailand,Shopee,locknlock lunch box pro,locknlock,43.480000000000004,63.32,111.52000000000001,11
Logitech Webcam Pro,Logitech,Accessories,logitech-seller-004,10.58,6.7,301,3183.24,4.52,1309,2026-05-01,Philippines,Shopee,logitech webcam pro,logitech,14.13,47.96,49.95,13
Kikkoman Teriyaki Sauce Plus,Kikkoman,Groceries,kikkoman-seller-007,5.35,16.16,598,3202.07,4.6,425,2026-05-01,Thailand,Shopee,kikkoman teriyaki sauce plus,kikkoman,7.825,10.67,17.595,16
Maybelline Mascara 2026,Maybelline,Beauty,maybelline-seller-031,11.2,0.0,285,3192.07,4.88,552,2026-05-01,Indonesia,Shopee,maybelline mascara 2026,maybelline,15.8,24.3,46.02,9
Anker USB-C Hub Standard,Anker,Accessories,anker-seller-035,49.4,9.77,113,5582.29,5.0,47,2026-05-01,Vietnam,Lazada,anker usb c hub standard,anker,43.84,48.67,54.01,13
LocknLock Food Container Mini,LocknLock,Home & Living,locknlock-seller-001,19.05,10.68,171,3257.6,4.3,282,2026-05-01,Indonesia,Shopee,locknlock food container mini,locknlock,52.4625,80.89,127.785,10
Baseus Laptop Stand,Baseus,Accessories,baseus-seller-042,65.54,17.36,111,7275.37,3.91,190,2026-05-01,Indonesia,Lazada,baseus laptop stand,baseus,27.134999999999998,47.39,63.665000000000006,15
Anker Charging Cable Mini,Anker,Accessories,anker-seller-018,29.83,4.0,134,3996.78,4.93,726,2026-05-01,Thailand,Lazada,anker charging cable mini,anker,29.2975,59.59,66.9225,22
Maybelline Foundation Mini,Maybelline,Beauty,maybelline-seller-019,50.49,13.72,140,7068.93,4.1,231,2026-05-01,Singapore,Shopee,maybelline foundation mini,maybelline,38.55,43.62,54.08,13
Maybelline Mascara Pro,Maybelline,Beauty,maybelline-seller-018,16.29,9.77,206,3356.2,4.01,4669,2026-05-01,Philippines,Lazada,maybelline mascara pro,maybelline,15.665,18.585,40.62,16
Xiaomi Smart Band Plus,Xiaomi,Electronics,xiaomi-seller-001,266.21,5.74,19,5057.91,5.0,119,2026-05-01,Philippines,Lazada,xiaomi smart band plus,xiaomi,61.2375,94.35,246.20000000000002,10
Xiaomi Smart Band Standard,Xiaomi,Electronics,xiaomi-seller-049,355.49,10.75,34,12086.71,4.52,549,2026-05-01,Malaysia,Lazada,xiaomi smart band standard,xiaomi,202.53,271.275,336.1925,16
Anker Charging Cable Max,Anker,Accessories,anker-seller-044,8.59,0.0,225,1933.34,4.4,2275,2026-05-01,Singapore,Lazada,anker charging cable max,anker,20.38,50.97,66.06,17
Oishi Green Tea 2026,Oishi,Groceries,oishi-seller-020,29.83,18.56,240,7158.56,4.9,1122,2026-05-01,Indonesia,Shopee,oishi green tea 2026,oishi,14.587499999999999,20.385,25.2925,16
Maybelline Foundation Standard,Maybelline,Beauty,maybelline-seller-044,36.8,12.23,173,6366.08,4.79,26,2026-05-01,Indonesia,Lazada,maybelline foundation standard,maybelline,24.55,33.5,37.435,15
Philips LED Bulb Pro,Philips,Home & Living,philips-seller-011,72.48,3.11,59,4276.32,4.41,553,2026-05-01,Malaysia,Shopee,philips led bulb pro,philips,48.035,82.215,128.3375,12
Oishi Crackers Max,Oishi,Groceries,oishi-seller-011,4.03,6.68,509,2051.55,4.75,37,2026-05-01,Thailand,Lazada,oishi crackers max,oishi,8.004999999999999,15.02,23.1725,20
LocknLock Lunch Box Pro,LocknLock,Home & Living,locknlock-seller-015,99.43,27.58,62,6164.43,4.94,23,2026-05-01,Malaysia,Lazada,locknlock lunch box pro,locknlock,99.43,120.33,145.39,9
Innisfree Clay Mask Pro,Innisfree,Beauty,innisfree-seller-022,6.96,16.8,336,2338.3,4.52,42,2026-05-01,Malaysia,Lazada,innisfree clay mask pro,innisfree,17.73,37.79,48.92,17
Innisfree Moisturizer Plus,Innisfree,Beauty,innisfree-seller-037,40.41,14.49,139,5616.81,3.55,104,2026-05-01,Philippines,Lazada,innisfree moisturizer plus,innisfree,15.665,18.585,40.62,16
Anker USB-C Hub Plus,Anker,Accessories,anker-seller-023,18.87,28.8,212,3999.39,4.46,2,2026-05-01,Singapore,Lazada,anker usb c hub plus,anker,20.38,50.97,66.06,17
JBL Bluetooth Speaker,JBL,Electronics,jbl-seller-046,279.65,14.29,27,7550.64,4.25,861,2026-05-01,Philippines,Shopee,jbl bluetooth speaker,jbl,149.2225,197.375,293.7,12
Innisfree Moisturizer Standard,Innisfree,Beauty,innisfree-seller-021,35.27,11.06,191,6736.84,4.77,213,2026-05-01,Thailand,Shopee,innisfree moisturizer standard,innisfree,25.49,35.27,46.04,17
Maybelline Lip Tint Max,Maybelline,Beauty,maybelline-seller-013,14.97,7.13,217,3248.56,4.53,206,2026-05-01,Singapore,Lazada,maybelline lip tint max,maybelline,14.97,36.22,54.89,17
L'Oreal Shampoo 2026,L'Oreal,Beauty,l'oreal-seller-011,42.26,4.13,126,5325.23,4.2,35,2026-05-01,Thailand,Lazada,l oreal shampoo 2026,l oreal,21.59,27.8,41.525,15
LocknLock Water Bottle,LocknLock,Home & Living,locknlock-seller-043,22.71,22.35,135,3065.19,4.61,1364,2026-05-01,Malaysia,Lazada,locknlock water bottle,locknlock,99.43,120.33,145.39,9
Nestle Chocolate Drink Mini,Nestle,Groceries,nestle-seller-025,14.7,13.86,295,4336.73,4.04,377,2026-05-01,Singapore,Lazada,nestle chocolate drink mini,nestle,13.46,17.32,26.8,17
Baseus Laptop Stand Pro,Baseus,Accessories,baseus-seller-035,11.57,18.91,307,3553.05,4.56,43,2026-05-01,Vietnam,Shopee,baseus laptop stand pro,baseus,22.4725,45.15,57.9425,20
L'Oreal Hair Serum 2026,L'Oreal,Beauty,l'oreal-seller-057,37.79,18.0,151,5705.66,4.69,100,2026-05-01,Malaysia,Lazada,l oreal hair serum 2026,l oreal,17.73,37.79,48.92,17
Maybelline Foundation,Maybelline,Beauty,maybelline-seller-010,9.47,9.13,364,3446.68,4.83,60,2026-05-01,Philippines,Shopee,maybelline foundation,maybelline,10.32,35.96,39.27,9
IKEA Kitchen Organizer Standard,IKEA,Home & Living,ikea-seller-029,93.35,11.68,55,5134.04,4.68,16,2026-05-01,Thailand,Lazada,ikea kitchen organizer standard,ikea,43.7525,67.965,115.715,10
Philips Desk Fan Pro,Philips,Home & Living,philips-seller-036,170.25,7.78,53,9023.38,3.67,141,2026-05-01,Thailand,Lazada,philips desk fan pro,philips,43.7525,67.965,115.715,10
Logitech Wireless Mouse,Logitech,Accessories,logitech-seller-051,35.46,18.81,149,5282.96,4.72,116,2026-05-01,Indonesia,Lazada,logitech wireless mouse,logitech,27.134999999999998,47.39,63.665000000000006,15
Innisfree Cleanser 2026,Innisfree,Beauty,innisfree-seller-012,18.69,12.35,217,4055.28,4.23,83,2026-05-01,Philippines,Lazada,innisfree cleanser 2026,innisfree,15.665,18.585,40.62,16
Nestle Cereal Pro,Nestle,Groceries,nestle-seller-013,8.41,14.92,338,2843.78,4.7,374,2026-05-01,Malaysia,Lazada,nestle cereal pro,nestle,15.18,21.21,26.63,13
Maybelline Lip Tint Standard,Maybelline,Beauty,maybelline-seller-009,6.88,7.33,324,2228.72,4.57,61,2026-05-01,Philippines,Lazada,maybelline lip tint standard,maybelline,15.665,18.585,40.62,16
JBL Earbuds,JBL,Electronics,jbl-seller-004,30.76,19.3,86,2645.09,4.26,754,2026-05-01,Vietnam,Lazada,jbl earbuds,jbl,177.91500000000002,272.4,418.955,10
LocknLock Water Bottle Mini,LocknLock,Home & Living,locknlock-seller-028,94.48,13.89,66,6236.01,4.24,14,2026-05-01,Indonesia,Shopee,locknlock water bottle mini,locknlock,52.4625,80.89,127.785,10
LocknLock Food Container Mini,LocknLock,Home & Living,locknlock-seller-022,28.86,0.0,89,2568.18,4.82,434,2026-05-01,Vietnam,Lazada,locknlock food container mini,locknlock,31.21,85.15,128.47,15
Baseus USB-C Cable Mini,Baseus,Accessories,baseus-seller-050,49.95,13.94,121,6044.38,4.33,211,2026-05-01,Philippines,Shopee,baseus usb c cable mini,baseus,14.13,47.96,49.95,13
IKEA Kitchen Organizer Plus,IKEA,Home & Living,ikea-seller-040,51.96,13.73,86,4468.73,4.18,65,2026-05-01,Vietnam,Shopee,ikea kitchen organizer plus,ikea,72.255,89.83,137.9425,10
Baseus Laptop Stand,Baseus,Accessories,baseus-seller-018,10.59,5.32,306,3241.49,4.96,43,2026-05-01,Philippines,Shopee,baseus laptop stand,baseus,14.13,47.96,49.95,13
Kikkoman Teriyaki Sauce Standard,Kikkoman,Groceries,kikkoman-seller-012,24.59,7.38,228,5606.61,4.31,112,2026-05-01,Singapore,Lazada,kikkoman teriyaki sauce standard,kikkoman,13.46,17.32,26.8,17
Samsung Tablet Max,Samsung,Electronics,samsung-seller-053,107.84,1.14,24,2588.1,5.0,284,2026-05-01,Philippines,Lazada,samsung tablet max,samsung,61.2375,94.35,246.20000000000002,10
Logitech Mechanical Keyboard Plus,Logitech,Accessories,logitech-seller-010,74.75,8.43,103,7699.21,4.6,53,2026-05-01,Singapore,Shopee,logitech mechanical keyboard plus,logitech,44.57,69.4,86.0125,24
Philips Air Fryer Mini,Philips,Home & Living,philips-seller-030,51.73,1.98,112,5793.37,5.0,5,2026-05-01,Malaysia,Shopee,philips air fryer mini,philips,48.035,82.215,128.3375,12
LocknLock Lunch Box,LocknLock,Home & Living,locknlock-seller-037,104.64,14.51,69,7220.24,4.57,6,2026-05-01,Philippines,Shopee,locknlock lunch box,locknlock,71.9875,83.66,103.23,14
Oishi Snack Mix 2026,Oishi,Groceries,oishi-seller-007,26.19,9.02,260,6809.26,4.82,26,2026-05-01,Thailand,Shopee,oishi snack mix 2026,oishi,7.825,10.67,17.595,16
Kikkoman Teriyaki Sauce Standard,Kikkoman,Groceries,kikkoman-seller-021,31.5,13.17,211,6645.97,4.73,230,2026-05-01,Vietnam,Shopee,kikkoman teriyaki sauce standard,kikkoman,7.15,19.055,31.1475,14
Oishi Snack Mix 2026,Oishi,Groceries,oishi-seller-028,35.52,11.12,239,8488.9,4.14,32,2026-05-01,Malaysia,Shopee,oishi snack mix 2026,oishi,12.36,16.91,28.24,17
Nestle Coffee 2026,Nestle,Groceries,nestle-seller-057,32.61,15.47,260,8479.7,4.54,51,2026-05-01,Malaysia,Shopee,nestle coffee 2026,nestle,12.36,16.91,28.24,17
Xiaomi Bluetooth Speaker,Xiaomi,Electronics,xiaomi-seller-048,52.95,0.0,56,2965.27,4.74,58,2026-05-01,Singapore,Shopee,xiaomi bluetooth speaker,xiaomi,141.1975,249.04500000000002,445.39,10
Xiaomi Bluetooth Speaker Plus,Xiaomi,Electronics,xiaomi-seller-026,355.47,10.97,23,8175.79,4.21,368,2026-05-01,Philippines,Shopee,xiaomi bluetooth speaker plus,xiaomi,149.2225,197.375,293.7,12
Samsung SSD Standard,Samsung,Electronics,samsung-seller-012,78.63,1.68,46,3616.88,4.64,253,2026-05-01,Thailand,Shopee,samsung ssd standard,samsung,170.1975,358.53,429.9,14
Oishi Green Tea Plus,Oishi,Groceries,oishi-seller-048,13.26,2.43,312,4136.79,3.74,313,2026-05-01,Indonesia,Shopee,oishi green tea plus,oishi,14.587499999999999,20.385,25.2925,16
Innisfree Clay Mask 2026,Innisfree,Beauty,innisfree-seller-006,14.79,9.77,233,3446.61,4.67,74,2026-05-01,Indonesia,Lazada,innisfree clay mask 2026,innisfree,24.55,33.5,37.435,15
JBL Headphones Standard,JBL,Electronics,jbl-seller-030,315.98,15.56,25,7899.59,4.77,59,2026-05-01,Indonesia,Lazada,jbl headphones standard,jbl,174.74,264.04,328.74,11
JBL Earbuds,JBL,Electronics,jbl-seller-007,49.64,18.57,93,4616.08,4.58,27,2026-05-01,Vietnam,Shopee,jbl earbuds,jbl,140.8475,245.615,331.37,16
L'Oreal Hair Serum,L'Oreal,Beauty,l'oreal-seller-042,38.41,25.98,188,7220.87,4.36,91,2026-05-01,Malaysia,Lazada,l oreal hair serum,l oreal,17.73,37.79,48.92,17
Baseus Phone Holder,Baseus,Accessories,baseus-seller-025,44.85,15.74,153,6861.46,3.95,71,2026-05-01,Malaysia,Shopee,baseus phone holder,baseus,36.365,45.53,58.89,15
Maybelline Lip Tint Pro,Maybelline,Beauty,maybelline-seller-003,38.55,9.91,188,7248.07,5.0,102,2026-05-01,Singapore,Shopee,maybelline lip tint pro,maybelline,38.55,43.62,54.08,13
Kikkoman Soy Sauce 2026,Kikkoman,Groceries,kikkoman-seller-034,8.65,8.72,436,3772.54,5.0,60,2026-05-01,Thailand,Shopee,kikkoman soy sauce 2026,kikkoman,7.825,10.67,17.595,16
Xiaomi Smart Band Mini,Xiaomi,Electronics,xiaomi-seller-052,379.45,5.17,25,9486.15,4.32,32045,2026-05-01,Thailand,Shopee,xiaomi smart band mini,xiaomi,170.1975,358.53,429.9,14
Maybelline Foundation,Maybelline,Beauty,maybelline-seller-011,49.23,2.32,121,5957.0,3.93,1174,2026-05-01,Thailand,Lazada,maybelline foundation,maybelline,21.59,27.8,41.525,15
Kikkoman Soy Sauce Max,Kikkoman,Groceries,kikkoman-seller-052,9.42,3.97,428,4029.77,4.22,218,2026-05-01,Singapore,Shopee,kikkoman soy sauce max,kikkoman,9.27,10.24,17.47,11
L'Oreal Shampoo Standard,L'Oreal,Beauty,l'oreal-seller-032,39.93,11.43,182,7267.83,4.55,694,2026-05-01,Philippines,Shopee,l oreal shampoo standard,l oreal,10.32,35.96,39.27,9
Samsung Monitor,Samsung,Electronics,samsung-seller-017,275.75,0.0,22,6066.42,4.47,68,2026-05-01,Thailand,Lazada,samsung monitor,samsung,282.03,313.03999999999996,366.7725,10
Logitech Mechanical Keyboard Standard,Logitech,Accessories,logitech-seller-057,54.37,9.13,98,5328.0,4.12,551,2026-05-01,Indonesia,Lazada,logitech mechanical keyboard standard,logitech,27.134999999999998,47.39,63.665000000000006,15
Nestle Coffee Mini,Nestle,Groceries,nestle-seller-025,5.19,7.56,566,2936.34,4.3,550,2026-05-01,Singapore,Shopee,nestle coffee mini,nestle,9.27,10.24,17.47,11
Oishi Green Tea Pro,Oishi,Groceries,oishi-seller-058,19.1,22.61,317,6055.97,4.8,182,2026-05-01,Indonesia,Shopee,oishi green tea pro,oishi,14.587499999999999,20.385,25.2925,16
Xiaomi Smart Band Plus,Xiaomi,Electronics,xiaomi-seller-030,438.69,1.7,19,8335.12,4.28,71,2026-05-01,Thailand,Shopee,xiaomi smart band plus,xiaomi,170.1975,358.53,429.9,14
Kikkoman Soy Sauce Pro,Kikkoman,Groceries,kikkoman-seller-031,13.46,0.0,282,3795.09,4.6,236,2026-05-01,Singapore,Lazada,kikkoman soy sauce pro,kikkoman,13.46,17.32,26.8,17
Nestle Chocolate Drink Mini,Nestle,Groceries,nestle-seller-024,15.07,10.37,239,3601.77,4.97,124,2026-05-01,Singapore,Lazada,nestle chocolate drink mini,nestle,13.46,17.32,26.8,17
JBL Headphones,JBL,Electronics,jbl-seller-055,190.14,14.07,31,5894.42,4.55,263,2026-05-01,Indonesia,Shopee,jbl headphones,jbl,144.42000000000002,251.925,324.045,10
Oishi Crackers 2026,Oishi,Groceries,oishi-seller-052,9.08,7.6,414,3758.26,5.0,617,2026-05-01,Indonesia,Shopee,oishi crackers 2026,oishi,14.587499999999999,20.385,25.2925,16
Baseus USB-C Cable Max,Baseus,Accessories,baseus-seller-026,47.82,10.58,122,5833.48,4.45,7,2026-05-01,Thailand,Shopee,baseus usb c cable max,baseus,46.2225,52.769999999999996,54.332499999999996,10
Oishi Snack Mix 2026,Oishi,Groceries,oishi-seller-047,12.36,20.81,390,4819.87,4.11,240,2026-05-01,Malaysia,Shopee,oishi snack mix 2026,oishi,12.36,16.91,28.24,17
Maybelline Foundation Max,Maybelline,Beauty,maybelline-seller-038,17.82,8.26,211,3759.89,5.0,64,2026-05-01,Philippines,Lazada,maybelline foundation max,maybelline,15.665,18.585,40.62,16
Nestle Cereal Pro,Nestle,Groceries,nestle-seller-043,34.32,8.85,185,6349.72,4.96,253,2026-05-01,Indonesia,Lazada,nestle cereal pro,nestle,10.84,21.16,32.38,15
Samsung SSD,Samsung,Electronics,samsung-seller-013,127.45,5.88,47,5990.26,4.89,80,2026-06-01,Thailand,Shopee,samsung ssd,samsung,130.51,335.13,400.98,21
Kikkoman Soy Sauce,Kikkoman,Groceries,kikkoman-seller-051,2.47,18.67,869,2145.33,4.87,66,2026-06-01,Thailand,Shopee,kikkoman soy sauce,kikkoman,19.3525,26.14,31.0125,18
JBL Bluetooth Speaker Mini,JBL,Electronics,jbl-seller-031,297.49,0.0,22,6544.75,4.79,72,2026-06-01,Thailand,Shopee,jbl bluetooth speaker mini,jbl,130.51,335.13,400.98,21
Kikkoman Teriyaki Sauce Plus,Kikkoman,Groceries,kikkoman-seller-014,17.23,20.0,287,4943.89,5.0,41,2026-06-01,Singapore,Lazada,kikkoman teriyaki sauce plus,kikkoman,9.92,17.23,26.82,11
LocknLock Water Bottle Max,LocknLock,Home & Living,locknlock-seller-018,167.68,20.9,43,7210.21,4.63,49,2026-06-01,Singapore,Lazada,locknlock water bottle max,locknlock,44.129999999999995,77.22,134.60999999999999,11
L'Oreal Hair Serum Pro,L'Oreal,Beauty,l'oreal-seller-052,23.06,9.15,179,4128.26,4.31,426,2026-06-01,Philippines,Lazada,l oreal hair serum pro,l oreal,23.6,35.21,46.78,13
Baseus Laptop Stand,Baseus,Accessories,baseus-seller-034,85.88,17.95,80,6870.35,4.3,64,2026-06-01,Singapore,Lazada,baseus laptop stand,baseus,31.630000000000003,74.88499999999999,94.3075,12
Innisfree Cleanser Standard,Innisfree,Beauty,innisfree-seller-035,50.54,16.52,154,7783.2,4.86,155,2026-06-01,Malaysia,Shopee,innisfree cleanser standard,innisfree,26.44,36.06,47.22,17
Nestle Coffee Standard,Nestle,Groceries,nestle-seller-036,28.96,13.03,257,7442.55,4.89,31,2026-06-01,Thailand,Shopee,nestle coffee standard,nestle,19.3525,26.14,31.0125,18
Nestle Cereal Plus,Nestle,Groceries,nestle-seller-028,10.17,13.14,339,3448.39,4.15,55,2026-06-01,Philippines,Lazada,nestle cereal plus,nestle,9.469999999999999,18.91,27.225,15
IKEA Storage Box,IKEA,Home & Living,ikea-seller-057,114.85,15.13,65,7465.42,4.56,179,2026-06-01,Indonesia,Shopee,ikea storage box,ikea,59.1825,86.66,100.125,10
Kikkoman Soy Sauce,Kikkoman,Groceries,kikkoman-seller-002,28.47,4.2,234,6662.01,4.67,82,2026-06-01,Indonesia,Shopee,kikkoman soy sauce,kikkoman,12.39,17.055,23.5925,12
Philips LED Bulb Mini,Philips,Home & Living,philips-seller-056,47.25,17.56,86,4063.43,4.95,77,2026-06-01,Thailand,Lazada,philips led bulb mini,philips,36.3525,48.61,55.9375,18
LocknLock Lunch Box 2026,LocknLock,Home & Living,locknlock-seller-045,13.09,12.41,224,2932.06,4.3,132,2026-06-01,Indonesia,Shopee,locknlock lunch box 2026,locknlock,59.1825,86.66,100.125,10
L'Oreal Shampoo Max,L'Oreal,Beauty,l'oreal-seller-011,19.65,14.0,264,5188.26,4.1,53,2026-06-01,Indonesia,Shopee,l oreal shampoo max,l oreal,21.189999999999998,31.74,37.8225,18
Kikkoman Teriyaki Sauce,Kikkoman,Groceries,kikkoman-seller-013,33.88,10.75,203,6878.4,4.01,83,2026-06-01,Philippines,Shopee,kikkoman teriyaki sauce,kikkoman,11.52,17.95,33.2325,10
JBL Earbuds Mini,JBL,Electronics,jbl-seller-027,430.62,12.03,21,9042.93,4.25,106,2026-06-01,Malaysia,Shopee,jbl earbuds mini,jbl,170.58499999999998,301.84,418.6,15
L'Oreal Face Wash Pro,L'Oreal,Beauty,l'oreal-seller-001,37.12,0.0,128,4751.61,4.93,200,2026-06-01,Singapore,Lazada,l oreal face wash pro,l oreal,25.4825,34.504999999999995,44.245000000000005,12
Philips Air Fryer 2026,Philips,Home & Living,philips-seller-060,86.3,3.66,51,4401.3,5.0,24,2026-06-01,Vietnam,Lazada,philips air fryer 2026,philips,71.56,86.3,120.19,19
Anker USB-C Hub 2026,Anker,Accessories,anker-seller-031,51.72,8.63,113,5844.9,4.53,80,2026-06-01,Philippines,Shopee,anker usb c hub 2026,anker,27.4,44.769999999999996,57.135,18
Xiaomi Router Plus,Xiaomi,Electronics,xiaomi-seller-026,444.02,17.85,26,11544.45,4.72,122,2026-06-01,Thailand,Shopee,xiaomi router plus,xiaomi,130.51,335.13,400.98,21
Nestle Coffee 2026,Nestle,Groceries,nestle-seller-018,15.61,18.32,339,5291.56,4.32,1101,2026-06-01,Indonesia,Shopee,nestle coffee 2026,nestle,12.39,17.055,23.5925,12
Baseus Phone Holder Mini,Baseus,Accessories,baseus-seller-044,64.04,12.2,92,5891.86,4.77,71,2026-06-01,Thailand,Lazada,baseus phone holder mini,baseus,32.91,48.63,64.04,13
Xiaomi Router Pro,Xiaomi,Electronics,xiaomi-seller-049,419.21,29.77,26,10899.41,4.57,380,2026-06-01,Thailand,Shopee,xiaomi router pro,xiaomi,130.51,335.13,400.98,21
Baseus Laptop Stand Mini,Baseus,Accessories,baseus-seller-007,10.73,0.0,273,2929.99,4.67,544,2026-06-01,Malaysia,Shopee,baseus laptop stand mini,baseus,31.5875,54.175,61.865,12
Kikkoman Teriyaki Sauce Pro,Kikkoman,Groceries,kikkoman-seller-053,28.39,5.5,180,5110.2,4.88,34,2026-06-01,Philippines,Lazada,kikkoman teriyaki sauce pro,kikkoman,9.469999999999999,18.91,27.225,15
Oishi Crackers Pro,Oishi,Groceries,oishi-seller-057,5.02,2.56,445,2233.54,4.58,197,2026-06-01,Vietnam,Lazada,oishi crackers pro,oishi,8.3,13.47,23.04,19
JBL Bluetooth Speaker Max,JBL,Electronics,jbl-seller-030,301.84,2.73,25,7545.93,4.18,12,2026-06-01,Malaysia,Shopee,jbl bluetooth speaker max,jbl,170.58499999999998,301.84,418.6,15
JBL Bluetooth Speaker Mini,JBL,Electronics,jbl-seller-007,212.77,7.68,24,5106.58,4.53,485,2026-06-01,Singapore,Shopee,jbl bluetooth speaker mini,jbl,169.8025,198.085,425.855,8
Kikkoman Teriyaki Sauce,Kikkoman,Groceries,kikkoman-seller-045,6.48,9.84,396,2567.69,5.0,827,2026-06-01,Vietnam,Lazada,kikkoman teriyaki sauce,kikkoman,8.3,13.47,23.04,19
Baseus USB-C Cable,Baseus,Accessories,baseus-seller-050,93.2,11.52,85,7921.81,4.16,32,2026-06-01,Singapore,Lazada,baseus usb c cable,baseus,31.630000000000003,74.88499999999999,94.3075,12
Maybelline Lip Tint Pro,Maybelline,Beauty,maybelline-seller-027,16.38,6.51,224,3669.35,4.43,136,2026-06-01,Malaysia,Lazada,maybelline lip tint pro,maybelline,23.314999999999998,37.66,43.7,7
L'Oreal Shampoo Standard,L'Oreal,Beauty,l'oreal-seller-046,24.82,11.84,195,4840.43,3.6,80,2026-06-01,Philippines,Lazada,l oreal shampoo standard,l oreal,23.6,35.21,46.78,13
LocknLock Water Bottle Mini,LocknLock,Home & Living,locknlock-seller-028,42.18,5.76,108,4555.38,4.73,42,2026-06-01,Singapore,Shopee,locknlock water bottle mini,locknlock,44.0475,62.41,106.82,16
Baseus Laptop Stand Mini,Baseus,Accessories,baseus-seller-039,25.35,11.77,171,4334.39,4.38,228,2026-06-01,Philippines,Lazada,baseus laptop stand mini,baseus,24.622500000000002,33.35,53.59,16
Philips Desk Fan Plus,Philips,Home & Living,philips-seller-003,25.89,17.88,123,3184.73,4.72,24,2026-06-01,Indonesia,Lazada,philips desk fan plus,philips,44.355000000000004,66.42,95.805,19
Philips LED Bulb Mini,Philips,Home & Living,philips-seller-007,66.54,13.66,96,6387.99,4.81,706,2026-06-01,Indonesia,Shopee,philips led bulb mini,philips,59.1825,86.66,100.125,10
Maybelline Lip Tint Max,Maybelline,Beauty,maybelline-seller-058,5.39,34.03,561,3024.15,4.58,74,2026-06-01,Vietnam,Shopee,maybelline lip tint max,maybelline,23.4,29.675,42.49,6
Samsung Tablet Standard,Samsung,Electronics,samsung-seller-023,179.13,14.42,36,6448.67,4.57,72,2026-06-01,Indonesia,Lazada,samsung tablet standard,samsung,261.12,318.16,394.03,13
Samsung Tablet Standard,Samsung,Electronics,samsung-seller-026,248.48,22.21,30,7454.49,4.06,42,2026-06-01,Philippines,Lazada,samsung tablet standard,samsung,112.31,203.53,247.99,18
Logitech Webcam 2026,Logitech,Accessories,logitech-seller-002,7.39,13.07,307,2268.35,5.0,273,2026-06-01,Philippines,Lazada,logitech webcam 2026,logitech,24.622500000000002,33.35,53.59,16
Anker Charging Cable,Anker,Accessories,anker-seller-002,57.31,16.91,106,6075.17,4.15,65,2026-06-01,Philippines,Lazada,anker charging cable,anker,24.622500000000002,33.35,53.59,16
Innisfree Cleanser Pro,Innisfree,Beauty,innisfree-seller-023,23.6,9.26,204,4815.35,5.0,684,2026-06-01,Philippines,Lazada,innisfree cleanser pro,innisfree,23.6,35.21,46.78,13
Xiaomi Bluetooth Speaker Plus,Xiaomi,Electronics,xiaomi-seller-045,323.64,0.0,17,5501.89,4.39,412,2026-06-01,Thailand,Lazada,xiaomi bluetooth speaker plus,xiaomi,325.015,419.08,439.26,11
Oishi Crackers,Oishi,Groceries,oishi-seller-056,2.62,9.86,607,1591.78,4.09,799,2026-06-01,Philippines,Lazada,oishi crackers,oishi,9.469999999999999,18.91,27.225,15
JBL Bluetooth Speaker,JBL,Electronics,jbl-seller-032,261.12,9.97,24,6266.95,4.15,6,2026-06-01,Indonesia,Lazada,jbl bluetooth speaker,jbl,261.12,318.16,394.03,13
Maybelline Lip Tint Max,Maybelline,Beauty,maybelline-seller-052,32.41,24.48,184,5962.7,4.86,260,2026-06-01,Vietnam,Lazada,maybelline lip tint max,maybelline,20.79,32.31,42.192499999999995,14
L'Oreal Face Wash Standard,L'Oreal,Beauty,l'oreal-seller-041,24.78,13.64,159,3940.24,4.13,29,2026-06-01,Thailand,Lazada,l oreal face wash standard,l oreal,25.16,32.515,41.565000000000005,18
LocknLock Lunch Box 2026,LocknLock,Home & Living,locknlock-seller-049,49.48,24.02,84,4156.34,4.1,875,2026-06-01,Singapore,Lazada,locknlock lunch box 2026,locknlock,44.129999999999995,77.22,134.60999999999999,11
Maybelline Foundation Pro,Maybelline,Beauty,maybelline-seller-022,55.62,2.9,143,7953.18,4.31,79,2026-06-01,Singapore,Shopee,maybelline foundation pro,maybelline,16.1,41.34,55.62,13
Oishi Snack Mix Standard,Oishi,Groceries,oishi-seller-008,13.41,6.29,280,3753.64,4.31,116,2026-06-01,Singapore,Lazada,oishi snack mix standard,oishi,9.92,17.23,26.82,11
Philips Desk Fan Mini,Philips,Home & Living,philips-seller-019,52.98,13.37,79,4185.52,4.23,101,2026-06-01,Thailand,Lazada,philips desk fan mini,philips,36.3525,48.61,55.9375,18
Samsung Tablet Standard,Samsung,Electronics,samsung-seller-013,129.46,0.0,39,5048.93,3.94,222,2026-06-01,Indonesia,Shopee,samsung tablet standard,samsung,129.46,237.33,276.88,9
Philips Air Fryer,Philips,Home & Living,philips-seller-017,56.85,22.09,109,6196.27,4.69,123,2026-06-01,Vietnam,Shopee,philips air fryer,philips,40.9225,58.269999999999996,92.35,14
LocknLock Food Container 2026,LocknLock,Home & Living,locknlock-seller-059,56.59,14.35,94,5319.54,4.22,19,2026-06-01,Thailand,Lazada,locknlock food container 2026,locknlock,36.3525,48.61,55.9375,18
Maybelline Lip Tint Standard,Maybelline,Beauty,maybelline-seller-021,65.01,23.99,150,9751.0,4.88,161,2026-06-01,Singapore,Shopee,maybelline lip tint standard,maybelline,16.1,41.34,55.62,13
Logitech Webcam 2026,Logitech,Accessories,logitech-seller-043,36.93,12.3,128,4726.98,4.38,213,2026-06-01,Thailand,Lazada,logitech webcam 2026,logitech,32.91,48.63,64.04,13
Xiaomi Router 2026,Xiaomi,Electronics,xiaomi-seller-016,222.35,19.72,47,10450.22,4.27,368,2026-06-01,Malaysia,Shopee,xiaomi router 2026,xiaomi,170.58499999999998,301.84,418.6,15
Oishi Green Tea Pro,Oishi,Groceries,oishi-seller-016,15.61,7.14,221,3449.76,3.71,1139,2026-06-01,Thailand,Lazada,oishi green tea pro,oishi,13.52,24.71,29.355,11
JBL Headphones Mini,JBL,Electronics,jbl-seller-037,118.12,20.07,39,4606.51,4.21,74,2026-06-01,Vietnam,Lazada,jbl headphones mini,jbl,159.38,220.85,322.325,19
Kikkoman Teriyaki Sauce Max,Kikkoman,Groceries,kikkoman-seller-037,28.5,16.06,195,5557.85,4.56,1141,2026-06-01,Thailand,Lazada,kikkoman teriyaki sauce max,kikkoman,13.52,24.71,29.355,11
Innisfree Moisturizer Pro,Innisfree,Beauty,innisfree-seller-024,63.55,21.13,120,7625.47,4.29,113,2026-06-01,Singapore,Lazada,innisfree moisturizer pro,innisfree,25.4825,34.504999999999995,44.245000000000005,12
LocknLock Water Bottle Max,LocknLock,Home & Living,locknlock-seller-009,67.78,20.78,64,4338.1,4.64,54,2026-06-01,Thailand,Lazada,locknlock water bottle max,locknlock,36.3525,48.61,55.9375,18
Philips LED Bulb Standard,Philips,Home & Living,philips-seller-059,154.34,0.0,58,8951.57,4.66,177,2026-06-01,Malaysia,Shopee,philips led bulb standard,philips,64.2325,103.155,148.29500000000002,14
LocknLock Water Bottle,LocknLock,Home & Living,locknlock-seller-053,34.5,20.67,119,4105.65,4.55,39,2026-06-01,Indonesia,Lazada,locknlock water bottle,locknlock,44.355000000000004,66.42,95.805,19
Maybelline Lip Tint Max,Maybelline,Beauty,maybelline-seller-036,41.1,19.74,211,8671.37,4.87,348,2026-06-01,Indonesia,Shopee,maybelline lip tint max,maybelline,21.189999999999998,31.74,37.8225,18
Maybelline Mascara Plus,Maybelline,Beauty,maybelline-seller-040,42.52,31.37,151,6420.87,4.66,17,2026-06-01,Thailand,Lazada,maybelline mascara plus,maybelline,25.16,32.515,41.565000000000005,18
LocknLock Water Bottle 2026,LocknLock,Home & Living,locknlock-seller-002,145.89,11.24,37,5397.94,5.0,17,2026-06-01,Singapore,Lazada,locknlock water bottle 2026,locknlock,44.129999999999995,77.22,134.60999999999999,11
Philips LED Bulb Pro,Philips,Home & Living,philips-seller-031,75.7,0.0,55,4163.71,5.0,194,2026-06-01,Indonesia,Lazada,philips led bulb pro,philips,44.355000000000004,66.42,95.805,19
Baseus Laptop Stand Standard,Baseus,Accessories,baseus-seller-047,27.34,20.23,193,5276.47,4.4,30,2026-06-01,Philippines,Shopee,baseus laptop stand standard,baseus,27.4,44.769999999999996,57.135,18
Baseus Phone Holder Plus,Baseus,Accessories,baseus-seller-028,61.66,12.72,120,7399.16,4.42,340,2026-06-01,Malaysia,Lazada,baseus phone holder plus,baseus,35.487500000000004,48.595,59.79,14
Xiaomi Router Plus,Xiaomi,Electronics,xiaomi-seller-020,106.19,13.44,61,6477.3,4.78,26,2026-06-01,Philippines,Shopee,xiaomi router plus,xiaomi,159.5475,230.03,387.995,12
Kikkoman Teriyaki Sauce,Kikkoman,Groceries,kikkoman-seller-001,32.39,20.7,178,5766.29,4.82,1488,2026-06-01,Indonesia,Lazada,kikkoman teriyaki sauce,kikkoman,11.45,22.83,25.98,11
Maybelline Mascara,Maybelline,Beauty,maybelline-seller-005,4.69,10.42,480,2249.47,4.67,122,2026-06-01,Indonesia,Shopee,maybelline mascara,maybelline,21.189999999999998,31.74,37.8225,18
LocknLock Lunch Box 2026,LocknLock,Home & Living,locknlock-seller-047,99.45,24.88,87,8651.73,4.47,453,2026-06-01,Indonesia,Shopee,locknlock lunch box 2026,locknlock,59.1825,86.66,100.125,10
IKEA Desk Lamp Standard,IKEA,Home & Living,ikea-seller-042,35.7,14.0,107,3819.45,4.8,74,2026-06-01,Thailand,Shopee,ikea desk lamp standard,ikea,22.4125,58.07,98.2,12
L'Oreal Shampoo Plus,L'Oreal,Beauty,l'oreal-seller-037,35.74,14.02,202,7218.7,5.0,240,2026-06-01,Singapore,Shopee,l oreal shampoo plus,l oreal,16.1,41.34,55.62,13
JBL Headphones Plus,JBL,Electronics,jbl-seller-009,217.16,7.01,27,5863.35,4.55,95,2026-06-01,Philippines,Lazada,jbl headphones plus,jbl,112.31,203.53,247.99,18
Anker Charging Cable 2026,Anker,Accessories,anker-seller-046,54.23,14.48,122,6616.09,4.6,220,2026-06-01,Malaysia,Shopee,anker charging cable 2026,anker,31.5875,54.175,61.865,12
Xiaomi Smart Band Pro,Xiaomi,Electronics,xiaomi-seller-026,503.5,19.39,18,9063.04,4.85,26,2026-06-01,Singapore,Lazada,xiaomi smart band pro,xiaomi,221.5825,330.62,426.51,12
Maybelline Lip Tint Standard,Maybelline,Beauty,maybelline-seller-022,38.95,8.73,186,7244.01,4.62,69,2026-06-01,Thailand,Shopee,maybelline lip tint standard,maybelline,21.075,38.95,45.89,11
LocknLock Water Bottle Mini,LocknLock,Home & Living,locknlock-seller-004,179.18,18.85,55,9855.17,4.36,72,2026-06-01,Singapore,Shopee,locknlock water bottle mini,locknlock,44.0475,62.41,106.82,16
L'Oreal Shampoo Standard,L'Oreal,Beauty,l'oreal-seller-034,52.65,13.09,167,8792.87,4.16,33,2026-06-01,Indonesia,Shopee,l oreal shampoo standard,l oreal,21.189999999999998,31.74,37.8225,18
Innisfree Moisturizer Standard,Innisfree,Beauty,innisfree-seller-052,55.68,12.11,146,8129.85,4.99,47,2026-06-01,Vietnam,Shopee,innisfree moisturizer standard,innisfree,23.4,29.675,42.49,6
Logitech Wireless Mouse Max,Logitech,Accessories,logitech-seller-040,42.78,10.29,103,4406.19,4.24,26,2026-06-01,Indonesia,Lazada,logitech wireless mouse max,logitech,27.8625,33.620000000000005,48.815,16
IKEA Storage Box Standard,IKEA,Home & Living,ikea-seller-056,64.91,10.59,70,4543.74,4.42,216,2026-06-01,Singapore,Shopee,ikea storage box standard,ikea,44.0475,62.41,106.82,16
LocknLock Lunch Box 2026,LocknLock,Home & Living,locknlock-seller-058,91.48,28.63,93,8507.18,4.14,123,2026-06-01,Philippines,Shopee,locknlock lunch box 2026,locknlock,66.11500000000001,95.83,134.365,15
IKEA Storage Box Standard,IKEA,Home & Living,ikea-seller-040,106.52,8.93,50,5326.23,5.0,132,2026-06-01,Singapore,Shopee,ikea storage box standard,ikea,44.0475,62.41,106.82,16
Innisfree Clay Mask Pro,Innisfree,Beauty,innisfree-seller-044,29.19,25.38,238,6948.17,4.33,47,2026-06-01,Vietnam,Shopee,innisfree clay mask pro,innisfree,23.4,29.675,42.49,6
Anker USB-C Hub Mini,Anker,Accessories,anker-seller-010,15.59,15.65,244,3804.75,4.62,1330,2026-06-01,Thailand,Shopee,anker usb c hub mini,anker,15.7225,38.33,65.97250000000001,14
Samsung Tablet,Samsung,Electronics,samsung-seller-025,402.76,0.0,14,5638.66,4.85,39,2026-06-01,Indonesia,Lazada,samsung tablet,samsung,261.12,318.16,394.03,13
IKEA Storage Box 2026,IKEA,Home & Living,ikea-seller-024,50.63,0.91,83,4202.52,4.77,62,2026-06-01,Singapore,Shopee,ikea storage box 2026,ikea,44.0475,62.41,106.82,16
Xiaomi Bluetooth Speaker Standard,Xiaomi,Electronics,xiaomi-seller-023,290.06,16.17,41,11892.52,5.0,69,2026-06-01,Thailand,Shopee,xiaomi bluetooth speaker standard,xiaomi,130.51,335.13,400.98,21
IKEA Kitchen Organizer Standard,IKEA,Home & Living,ikea-seller-043,91.93,0.35,54,4964.45,5.0,40,2026-06-01,Vietnam,Lazada,ikea kitchen organizer standard,ikea,71.56,86.3,120.19,19
Philips Desk Fan Max,Philips,Home & Living,philips-seller-035,89.5,19.06,59,5280.53,4.12,7,2026-06-01,Philippines,Lazada,philips desk fan max,philips,37.525000000000006,55.78,86.005,19
Philips LED Bulb Pro,Philips,Home & Living,philips-seller-021,110.17,20.7,60,6609.94,4.08,40,2026-06-01,Indonesia,Lazada,philips led bulb pro,philips,44.355000000000004,66.42,95.805,19
Nestle Chocolate Drink Plus,Nestle,Groceries,nestle-seller-026,11.43,2.17,324,3702.61,4.52,65,2026-06-01,Thailand,Lazada,nestle chocolate drink plus,nestle,13.52,24.71,29.355,11
Anker USB-C Hub Plus,Anker,Accessories,anker-seller-007,34.56,16.42,147,5080.82,4.52,545,2026-06-01,Singapore,Lazada,anker usb c hub plus,anker,31.630000000000003,74.88499999999999,94.3075,12
LocknLock Food Container Plus,LocknLock,Home & Living,locknlock-seller-051,38.25,0.68,92,3518.67,5.0,97,2026-06-01,Malaysia,Lazada,locknlock food container plus,locknlock,80.775,96.74,115.86,11
IKEA Desk Lamp Standard,IKEA,Home & Living,ikea-seller-020,69.82,13.07,85,5934.39,4.69,52,2026-06-01,Malaysia,Shopee,ikea desk lamp standard,ikea,64.2325,103.155,148.29500000000002,14
Maybelline Mascara Mini,Maybelline,Beauty,maybelline-seller-002,28.6,13.66,203,5804.8,5.0,98,2026-06-01,Indonesia,Shopee,maybelline mascara mini,maybelline,21.189999999999998,31.74,37.8225,18
Xiaomi Bluetooth Speaker Mini,Xiaomi,Electronics,xiaomi-seller-004,201.11,0.0,31,6234.27,4.73,254,2026-06-01,Vietnam,Lazada,xiaomi bluetooth speaker mini,xiaomi,159.38,220.85,322.325,19
Philips LED Bulb Mini,Philips,Home & Living,philips-seller-024,137.24,5.35,49,6724.96,5.0,56,2026-06-01,Philippines,Lazada,philips led bulb mini,philips,37.525000000000006,55.78,86.005,19
Oishi Snack Mix 2026,Oishi,Groceries,oishi-seller-058,31.5,15.04,249,7844.57,5.0,767,2026-06-01,Philippines,Shopee,oishi snack mix 2026,oishi,11.52,17.95,33.2325,10
Baseus USB-C Cable Plus,Baseus,Accessories,baseus-seller-014,68.03,13.58,87,5918.5,4.94,597,2026-06-01,Thailand,Lazada,baseus usb c cable plus,baseus,32.91,48.63,64.04,13
Anker USB-C Hub Max,Anker,Accessories,anker-seller-008,46.32,9.75,132,6113.97,4.66,46,2026-06-01,Indonesia,Shopee,anker usb c hub max,anker,35.8975,44.595,48.6625,8
Kikkoman Teriyaki Sauce 2026,Kikkoman,Groceries,kikkoman-seller-025,9.58,20.31,431,4127.19,4.59,317,2026-06-01,Malaysia,Shopee,kikkoman teriyaki sauce 2026,kikkoman,8.545,10.09,23.2675,8
Xiaomi Smart Band 2026,Xiaomi,Electronics,xiaomi-seller-039,437.47,25.24,25,10936.86,4.25,84,2026-06-01,Thailand,Lazada,xiaomi smart band 2026,xiaomi,325.015,419.08,439.26,11
Samsung Tablet Max,Samsung,Electronics,samsung-seller-056,143.82,8.06,29,4170.77,4.44,149,2026-06-01,Thailand,Lazada,samsung tablet max,samsung,325.015,419.08,439.26,11
Kikkoman Teriyaki Sauce Plus,Kikkoman,Groceries,kikkoman-seller-045,19.79,14.13,264,5225.66,4.65,112,2026-06-01,Philippines,Lazada,kikkoman teriyaki sauce plus,kikkoman,9.469999999999999,18.91,27.225,15
JBL Earbuds,JBL,Electronics,jbl-seller-058,62.2,9.5,46,2861.04,4.64,526,2026-06-01,Vietnam,Lazada,jbl earbuds,jbl,159.38,220.85,322.325,19
Maybelline Mascara Max,Maybelline,Beauty,maybelline-seller-045,38.7,16.34,156,6037.59,4.52,92,2026-06-01,Thailand,Lazada,maybelline mascara max,maybelline,25.16,32.515,41.565000000000005,18
Xiaomi Router Max,Xiaomi,Electronics,xiaomi-seller-015,423.08,14.01,28,11846.37,4.92,54,2026-06-01,Singapore,Shopee,xiaomi router max,xiaomi,169.8025,198.085,425.855,8
Logitech Mechanical Keyboard Standard,Logitech,Accessories,logitech-seller-012,24.41,16.8,184,4492.22,4.26,1570,2026-06-01,Vietnam,Shopee,logitech mechanical keyboard standard,logitech,23.115000000000002,26.305,38.2975,16
Kikkoman Teriyaki Sauce Max,Kikkoman,Groceries,kikkoman-seller-046,25.43,17.22,243,6179.12,4.26,21,2026-06-01,Indonesia,Lazada,kikkoman teriyaki sauce max,kikkoman,11.45,22.83,25.98,11
Maybelline Foundation Pro,Maybelline,Beauty,maybelline-seller-055,4.61,0.0,353,1628.93,4.39,84,2026-06-01,Philippines,Lazada,maybelline foundation pro,maybelline,23.6,35.21,46.78,13
Logitech Mechanical Keyboard,Logitech,Accessories,logitech-seller-057,6.24,3.45,288,1797.66,4.43,114,2026-06-01,Indonesia,Lazada,logitech mechanical keyboard,logitech,27.8625,33.620000000000005,48.815,16
LocknLock Water Bottle 2026,LocknLock,Home & Living,locknlock-seller-034,93.65,10.54,75,7023.78,4.46,465,2026-06-01,Thailand,Shopee,locknlock water bottle 2026,locknlock,22.4125,58.07,98.2,12
Xiaomi Smart Band 2026,Xiaomi,Electronics,xiaomi-seller-003,328.78,15.66,24,7890.79,4.07,147,2026-06-01,Vietnam,Lazada,xiaomi smart band 2026,xiaomi,159.38,220.85,322.325,19
Baseus USB-C Cable 2026,Baseus,Accessories,baseus-seller-028,66.96,8.5,101,6762.9,4.09,248,2026-06-01,Singapore,Shopee,baseus usb c cable 2026,baseus,33.685,60.15,77.1075,14
Samsung SSD Plus,Samsung,Electronics,samsung-seller-039,342.96,14.67,24,8231.16,4.73,109,2026-06-01,Indonesia,Lazada,samsung ssd plus,samsung,261.12,318.16,394.03,13
Kikkoman Teriyaki Sauce Standard,Kikkoman,Groceries,kikkoman-seller-037,4.71,2.22,523,2464.18,4.73,79,2026-06-01,Vietnam,Shopee,kikkoman teriyaki sauce standard,kikkoman,5.9025,12.245000000000001,26.2275,16
Innisfree Clay Mask Pro,Innisfree,Beauty,innisfree-seller-030,21.47,0.24,233,5003.05,5.0,151,2026-06-01,Vietnam,Shopee,innisfree clay mask pro,innisfree,23.4,29.675,42.49,6
JBL Bluetooth Speaker Pro,JBL,Electronics,jbl-seller-033,69.1,13.8,66,4560.7,4.62,707,2026-06-01,Thailand,Shopee,jbl bluetooth speaker pro,jbl,130.51,335.13,400.98,21
Kikkoman Soy Sauce Pro,Kikkoman,Groceries,kikkoman-seller-043,25.6,8.02,231,5913.39,4.3,639,2026-06-01,Vietnam,Shopee,kikkoman soy sauce pro,kikkoman,5.9025,12.245000000000001,26.2275,16
Anker USB-C Hub,Anker,Accessories,anker-seller-016,34.2,12.26,156,5334.98,4.56,451,2026-06-01,Philippines,Lazada,anker usb c hub,anker,24.622500000000002,33.35,53.59,16
IKEA Desk Lamp Mini,IKEA,Home & Living,ikea-seller-021,43.72,2.63,87,3803.69,5.0,151,2026-06-01,Indonesia,Lazada,ikea desk lamp mini,ikea,44.355000000000004,66.42,95.805,19
Anker Power Bank Mini,Anker,Accessories,anker-seller-002,8.96,13.16,335,3001.46,4.84,1812,2026-06-01,Vietnam,Shopee,anker power bank mini,anker,23.115000000000002,26.305,38.2975,16
Innisfree Clay Mask 2026,Innisfree,Beauty,innisfree-seller-058,35.75,21.67,230,8222.36,4.76,44,2026-06-01,Indonesia,Shopee,innisfree clay mask 2026,innisfree,21.189999999999998,31.74,37.8225,18
Anker USB-C Hub Mini,Anker,Accessories,anker-seller-004,25.87,6.59,201,5200.02,4.32,125,2026-06-01,Vietnam,Shopee,anker usb c hub mini,anker,23.115000000000002,26.305,38.2975,16
Kikkoman Soy Sauce Mini,Kikkoman,Groceries,kikkoman-seller-035,14.34,4.31,329,4717.04,3.85,76,2026-06-01,Singapore,Shopee,kikkoman soy sauce mini,kikkoman,8.4425,14.235,24.1375,12
Samsung Tablet Plus,Samsung,Electronics,samsung-seller-019,318.19,0.0,25,7954.72,4.59,57,2026-06-01,Vietnam,Shopee,samsung tablet plus,samsung,174.54500000000002,302.36,365.38,16
Samsung SSD Max,Samsung,Electronics,samsung-seller-032,362.9,13.73,13,4717.71,4.73,65,2026-06-01,Philippines,Lazada,samsung ssd max,samsung,112.31,203.53,247.99,18
Maybelline Foundation Plus,Maybelline,Beauty,maybelline-seller-059,33.65,9.2,144,4845.13,4.55,119,2026-06-01,Indonesia,Lazada,maybelline foundation plus,maybelline,11.55,12.44,33.65,5
LocknLock Water Bottle 2026,LocknLock,Home & Living,locknlock-seller-019,15.54,14.61,163,2532.45,4.45,205,2026-06-01,Thailand,Lazada,locknlock water bottle 2026,locknlock,36.3525,48.61,55.9375,18
JBL Bluetooth Speaker Pro,JBL,Electronics,jbl-seller-048,397.01,26.15,26,10322.32,4.39,202,2026-06-01,Philippines,Shopee,jbl bluetooth speaker pro,jbl,159.5475,230.03,387.995,12
L'Oreal Shampoo Plus,L'Oreal,Beauty,l'oreal-seller-027,55.51,17.34,144,7992.87,4.48,285,2026-06-01,Vietnam,Lazada,l oreal shampoo plus,l oreal,20.79,32.31,42.192499999999995,14
Xiaomi Router Pro,Xiaomi,Electronics,xiaomi-seller-014,381.39,13.7,25,9534.81,4.52,26,2026-06-01,Philippines,Shopee,xiaomi router pro,xiaomi,159.5475,230.03,387.995,12
JBL Headphones Plus,JBL,Electronics,jbl-seller-029,404.93,6.59,17,6883.76,3.82,753,2026-06-01,Singapore,Lazada,jbl headphones plus,jbl,221.5825,330.62,426.51,12
Innisfree Moisturizer Max,Innisfree,Beauty,innisfree-seller-026,26.01,0.0,150,3901.26,4.34,480,2026-06-01,Singapore,Lazada,innisfree moisturizer max,innisfree,25.4825,34.504999999999995,44.245000000000005,12
Oishi Crackers 2026,Oishi,Groceries,oishi-seller-037,4.51,27.16,724,3266.13,3.88,142,2026-06-01,Thailand,Shopee,oishi crackers 2026,oishi,19.3525,26.14,31.0125,18
Samsung Monitor Pro,Samsung,Electronics,samsung-seller-042,441.05,9.67,22,9703.0,4.37,212,2026-06-01,Thailand,Lazada,samsung monitor pro,samsung,325.015,419.08,439.26,11
Xiaomi Bluetooth Speaker Standard,Xiaomi,Electronics,xiaomi-seller-035,41.01,4.54,83,3403.56,4.97,386,2026-06-01,Malaysia,Shopee,xiaomi bluetooth speaker standard,xiaomi,170.58499999999998,301.84,418.6,15
Maybelline Foundation Standard,Maybelline,Beauty,maybelline-seller-013,38.33,15.98,151,5787.26,5.0,56,2026-06-01,Philippines,Lazada,maybelline foundation standard,maybelline,23.6,35.21,46.78,13
IKEA Kitchen Organizer Plus,IKEA,Home & Living,ikea-seller-060,19.2,12.76,133,2553.6,4.69,5301,2026-06-01,Thailand,Lazada,ikea kitchen organizer plus,ikea,36.3525,48.61,55.9375,18
Nestle Coffee Max,Nestle,Groceries,nestle-seller-014,2.51,0.0,609,1526.7,4.75,215,2026-06-01,Indonesia,Lazada,nestle coffee max,nestle,11.45,22.83,25.98,11
Maybelline Lip Tint Mini,Maybelline,Beauty,maybelline-seller-050,7.91,14.48,422,3336.54,4.94,334,2026-06-01,Singapore,Shopee,maybelline lip tint mini,maybelline,16.1,41.34,55.62,13
IKEA Desk Lamp Plus,IKEA,Home & Living,ikea-seller-021,48.58,16.9,82,3983.71,4.6,120,2026-06-01,Thailand,Lazada,ikea desk lamp plus,ikea,36.3525,48.61,55.9375,18
Nestle Cereal Mini,Nestle,Groceries,nestle-seller-060,27.82,23.45,280,7789.86,4.4,39,2026-06-01,Singapore,Shopee,nestle cereal mini,nestle,8.4425,14.235,24.1375,12
Logitech Wireless Mouse Standard,Logitech,Accessories,logitech-seller-001,20.17,4.47,221,4457.72,4.61,60,2026-06-01,Indonesia,Shopee,logitech wireless mouse standard,logitech,35.8975,44.595,48.6625,8
Anker Charging Cable 2026,Anker,Accessories,anker-seller-048,59.65,9.25,98,5845.25,4.36,158,2026-06-01,Vietnam,Lazada,anker charging cable 2026,anker,25.2775,41.18,61.199999999999996,12
L'Oreal Hair Serum Mini,L'Oreal,Beauty,l'oreal-seller-059,46.77,11.71,174,8138.06,4.72,383,2026-06-01,Thailand,Shopee,l oreal hair serum mini,l oreal,21.075,38.95,45.89,11
JBL Headphones 2026,JBL,Electronics,jbl-seller-019,274.09,18.66,24,6578.19,3.99,255,2026-06-01,Malaysia,Lazada,jbl headphones 2026,jbl,62.62,186.04,274.09,5
IKEA Desk Lamp 2026,IKEA,Home & Living,ikea-seller-027,29.46,8.48,118,3475.93,5.0,66,2026-06-01,Malaysia,Shopee,ikea desk lamp 2026,ikea,64.2325,103.155,148.29500000000002,14
Kikkoman Teriyaki Sauce Max,Kikkoman,Groceries,kikkoman-seller-018,5.94,4.03,408,2424.43,4.09,267,2026-06-01,Vietnam,Lazada,kikkoman teriyaki sauce max,kikkoman,8.3,13.47,23.04,19
Baseus USB-C Cable Plus,Baseus,Accessories,baseus-seller-007,18.13,30.81,276,5005.25,5.0,18,2026-06-01,Philippines,Shopee,baseus usb c cable plus,baseus,27.4,44.769999999999996,57.135,18
JBL Earbuds Plus,JBL,Electronics,jbl-seller-011,296.51,22.18,31,9191.77,4.11,221,2026-06-01,Vietnam,Shopee,jbl earbuds plus,jbl,174.54500000000002,302.36,365.38,16
Samsung Tablet 2026,Samsung,Electronics,samsung-seller-029,332.98,17.55,14,4661.79,4.69,323,2026-06-01,Vietnam,Lazada,samsung tablet 2026,samsung,159.38,220.85,322.325,19
LocknLock Food Container Standard,LocknLock,Home & Living,locknlock-seller-057,150.87,11.64,34,5129.42,4.24,21,2026-06-01,Vietnam,Lazada,locknlock food container standard,locknlock,71.56,86.3,120.19,19
Oishi Crackers Pro,Oishi,Groceries,oishi-seller-044,26.62,1.05,216,5750.91,4.23,139,2026-06-01,Malaysia,Shopee,oishi crackers pro,oishi,8.545,10.09,23.2675,8
Baseus USB-C Cable Max,Baseus,Accessories,baseus-seller-021,54.17,15.91,134,7258.86,4.61,178,2026-06-01,Singapore,Shopee,baseus usb c cable max,baseus,33.685,60.15,77.1075,14
Maybelline Foundation Standard,Maybelline,Beauty,maybelline-seller-040,52.2,19.27,137,7151.82,4.44,79,2026-06-01,Malaysia,Shopee,maybelline foundation standard,maybelline,26.44,36.06,47.22,17
Nestle Cereal 2026,Nestle,Groceries,nestle-seller-033,6.76,15.77,413,2791.4,4.58,238,2026-06-01,Indonesia,Lazada,nestle cereal 2026,nestle,11.45,22.83,25.98,11
JBL Bluetooth Speaker Standard,JBL,Electronics,jbl-seller-042,117.64,13.78,41,4823.09,4.96,753,2026-06-01,Malaysia,Shopee,jbl bluetooth speaker standard,jbl,170.58499999999998,301.84,418.6,15
Innisfree Moisturizer Pro,Innisfree,Beauty,innisfree-seller-003,8.58,11.95,297,2548.99,4.39,46,2026-06-01,Thailand,Lazada,innisfree moisturizer pro,innisfree,25.16,32.515,41.565000000000005,18
Anker Power Bank Standard,Anker,Accessories,anker-seller-009,9.79,17.27,276,2703.14,4.42,10,2026-06-01,Malaysia,Lazada,anker power bank standard,anker,35.487500000000004,48.595,59.79,14
IKEA Storage Box Plus,IKEA,Home & Living,ikea-seller-013,94.33,9.6,77,7263.21,4.53,54,2026-06-01,Indonesia,Shopee,ikea storage box plus,ikea,59.1825,86.66,100.125,10
Xiaomi Router Max,Xiaomi,Electronics,xiaomi-seller-018,416.42,20.27,31,12909.13,4.13,63,2026-06-01,Singapore,Lazada,xiaomi router max,xiaomi,221.5825,330.62,426.51,12
Innisfree Cleanser,Innisfree,Beauty,innisfree-seller-051,19.52,13.72,215,4197.68,4.26,25,2026-06-01,Philippines,Lazada,innisfree cleanser,innisfree,23.6,35.21,46.78,13
L'Oreal Hair Serum Max,L'Oreal,Beauty,l'oreal-seller-017,29.46,7.02,155,4566.49,4.69,199,2026-06-01,Singapore,Lazada,l oreal hair serum max,l oreal,25.4825,34.504999999999995,44.245000000000005,12
JBL Earbuds Standard,JBL,Electronics,jbl-seller-059,361.75,22.74,23,8320.25,4.32,315,2026-06-01,Indonesia,Shopee,jbl earbuds standard,jbl,129.46,237.33,276.88,9
Maybelline Mascara Standard,Maybelline,Beauty,maybelline-seller-052,41.34,22.17,199,8226.53,4.2,80,2026-06-01,Singapore,Shopee,maybelline mascara standard,maybelline,16.1,41.34,55.62,13
Oishi Green Tea Pro,Oishi,Groceries,oishi-seller-005,20.57,14.0,296,6089.21,4.53,152,2026-06-01,Thailand,Shopee,oishi green tea pro,oishi,19.3525,26.14,31.0125,18
Logitech Wireless Mouse Max,Logitech,Accessories,logitech-seller-001,41.21,8.16,127,5233.16,4.14,339,2026-06-01,Thailand,Shopee,logitech wireless mouse max,logitech,15.7225,38.33,65.97250000000001,14
IKEA Desk Lamp Mini,IKEA,Home & Living,ikea-seller-041,57.74,0.0,56,3233.48,4.38,17,2026-06-01,Philippines,Lazada,ikea desk lamp mini,ikea,37.525000000000006,55.78,86.005,19
Baseus USB-C Cable Standard,Baseus,Accessories,baseus-seller-046,13.37,15.0,242,3235.38,4.37,36,2026-06-01,Singapore,Lazada,baseus usb c cable standard,baseus,31.630000000000003,74.88499999999999,94.3075,12
Oishi Green Tea Max,Oishi,Groceries,oishi-seller-006,13.47,11.77,300,4041.81,4.67,151,2026-06-01,Vietnam,Lazada,oishi green tea max,oishi,8.3,13.47,23.04,19
IKEA Storage Box,IKEA,Home & Living,ikea-seller-013,14.73,10.17,160,2356.28,4.7,1109,2026-06-01,Singapore,Lazada,ikea storage box,ikea,44.129999999999995,77.22,134.60999999999999,11
Philips LED Bulb Plus,Philips,Home & Living,philips-seller-019,134.53,5.15,46,6188.47,4.42,73,2026-06-01,Philippines,Lazada,philips led bulb plus,philips,37.525000000000006,55.78,86.005,19
Xiaomi Router Standard,Xiaomi,Electronics,xiaomi-seller-006,399.78,25.36,25,9994.49,4.07,1521,2026-06-01,Philippines,Shopee,xiaomi router standard,xiaomi,159.5475,230.03,387.995,12
L'Oreal Face Wash Mini,L'Oreal,Beauty,l'oreal-seller-013,11.88,8.45,321,3812.32,4.31,37,2026-06-01,Thailand,Shopee,l oreal face wash mini,l oreal,21.075,38.95,45.89,11
Logitech Wireless Mouse,Logitech,Accessories,logitech-seller-021,48.37,10.54,136,6578.65,4.19,36,2026-06-01,Philippines,Shopee,logitech wireless mouse,logitech,27.4,44.769999999999996,57.135,18
Samsung Tablet Pro,Samsung,Electronics,samsung-seller-039,335.13,2.95,22,7372.88,4.2,27,2026-06-01,Thailand,Shopee,samsung tablet pro,samsung,130.51,335.13,400.98,21
Nestle Cereal,Nestle,Groceries,nestle-seller-023,24.56,9.55,228,5599.08,3.9,101,2026-06-01,Singapore,Lazada,nestle cereal,nestle,9.92,17.23,26.82,11
IKEA Kitchen Organizer Max,IKEA,Home & Living,ikea-seller-017,70.06,13.36,79,5535.11,4.34,155,2026-06-01,Philippines,Shopee,ikea kitchen organizer max,ikea,66.11500000000001,95.83,134.365,15
Logitech Wireless Mouse Plus,Logitech,Accessories,logitech-seller-023,77.07,6.52,105,8091.96,4.2,155,2026-06-01,Malaysia,Shopee,logitech wireless mouse plus,logitech,31.5875,54.175,61.865,12
LocknLock Water Bottle Max,LocknLock,Home & Living,locknlock-seller-049,87.52,18.35,66,5776.03,4.55,206,2026-06-01,Philippines,Shopee,locknlock water bottle max,locknlock,66.11500000000001,95.83,134.365,15
Baseus Phone Holder Standard,Baseus,Accessories,baseus-seller-021,22.44,18.58,180,4039.26,4.23,136,2026-06-01,Philippines,Lazada,baseus phone holder standard,baseus,24.622500000000002,33.35,53.59,16
Philips LED Bulb Mini,Philips,Home & Living,philips-seller-017,108.15,2.59,52,5623.88,4.82,172,2026-06-01,Indonesia,Lazada,philips led bulb mini,philips,44.355000000000004,66.42,95.805,19
JBL Headphones,JBL,Electronics,jbl-seller-031,235.96,20.07,39,9202.39,4.47,206,2026-06-01,Philippines,Lazada,jbl headphones,jbl,112.31,203.53,247.99,18
Innisfree Moisturizer Mini,Innisfree,Beauty,innisfree-seller-048,57.63,19.2,98,5647.41,4.45,178,2026-06-01,Malaysia,Lazada,innisfree moisturizer mini,innisfree,23.314999999999998,37.66,43.7,7
IKEA Desk Lamp Max,IKEA,Home & Living,ikea-seller-023,19.69,13.95,177,3484.32,4.49,564,2026-06-01,Thailand,Shopee,ikea desk lamp max,ikea,22.4125,58.07,98.2,12
JBL Earbuds Plus,JBL,Electronics,jbl-seller-056,186.51,2.29,23,4289.76,4.69,734,2026-06-01,Singapore,Lazada,jbl earbuds plus,jbl,221.5825,330.62,426.51,12
Oishi Crackers,Oishi,Groceries,oishi-seller-025,4.48,26.32,580,2599.62,4.65,179,2026-06-01,Singapore,Lazada,oishi crackers,oishi,9.92,17.23,26.82,11
Nestle Cereal,Nestle,Groceries,nestle-seller-041,8.47,23.01,484,4098.33,4.62,94,2026-06-01,Singapore,Shopee,nestle cereal,nestle,8.4425,14.235,24.1375,12
L'Oreal Hair Serum,L'Oreal,Beauty,l'oreal-seller-053,45.03,10.88,144,6484.66,4.76,223,2026-06-01,Thailand,Lazada,l oreal hair serum,l oreal,25.16,32.515,41.565000000000005,18
Kikkoman Soy Sauce 2026,Kikkoman,Groceries,kikkoman-seller-007,18.65,9.17,292,5446.91,4.74,322,2026-06-01,Philippines,Shopee,kikkoman soy sauce 2026,kikkoman,11.52,17.95,33.2325,10
Xiaomi Bluetooth Speaker Pro,Xiaomi,Electronics,xiaomi-seller-013,25.19,17.94,95,2393.49,5.0,567,2026-06-01,Vietnam,Lazada,xiaomi bluetooth speaker pro,xiaomi,159.38,220.85,322.325,19
Xiaomi Bluetooth Speaker,Xiaomi,Electronics,xiaomi-seller-055,288.01,18.73,23,6624.2,4.96,528,2026-06-01,Vietnam,Lazada,xiaomi bluetooth speaker,xiaomi,159.38,220.85,322.325,19
Oishi Snack Mix Mini,Oishi,Groceries,oishi-seller-047,24.6,10.15,205,5043.38,4.64,290,2026-06-01,Indonesia,Lazada,oishi snack mix mini,oishi,11.45,22.83,25.98,11
Xiaomi Bluetooth Speaker Max,Xiaomi,Electronics,xiaomi-seller-004,530.15,13.85,15,7952.25,4.45,100,2026-06-01,Singapore,Lazada,xiaomi bluetooth speaker max,xiaomi,221.5825,330.62,426.51,12
Anker Power Bank Plus,Anker,Accessories,anker-seller-039,54.12,10.21,125,6765.48,4.48,368,2026-06-01,Malaysia,Shopee,anker power bank plus,anker,31.5875,54.175,61.865,12
Kikkoman Teriyaki Sauce,Kikkoman,Groceries,kikkoman-seller-014,22.15,0.0,249,5515.75,4.12,64,2026-06-01,Malaysia,Shopee,kikkoman teriyaki sauce,kikkoman,8.545,10.09,23.2675,8
Anker Power Bank 2026,Anker,Accessories,anker-seller-022,71.55,22.24,104,7440.89,5.0,129,2026-06-01,Singapore,Lazada,anker power bank 2026,anker,31.630000000000003,74.88499999999999,94.3075,12
LocknLock Lunch Box Standard,LocknLock,Home & Living,locknlock-seller-039,108.26,18.93,59,6387.52,4.76,1162,2026-06-01,Philippines,Lazada,locknlock lunch box standard,locknlock,37.525000000000006,55.78,86.005,19
Maybelline Foundation,Maybelline,Beauty,maybelline-seller-045,26.3,24.37,192,5049.19,5.0,137,2026-06-01,Thailand,Lazada,maybelline foundation,maybelline,25.16,32.515,41.565000000000005,18
LocknLock Water Bottle Standard,LocknLock,Home & Living,locknlock-seller-029,101.53,13.11,62,6295.1,5.0,414,2026-06-01,Thailand,Lazada,locknlock water bottle standard,locknlock,36.3525,48.61,55.9375,18
Oishi Snack Mix Max,Oishi,Groceries,oishi-seller-015,8.39,0.0,347,2912.28,4.84,772,2026-06-01,Malaysia,Lazada,oishi snack mix max,oishi,12.25,18.32,24.49,9
Maybelline Foundation Mini,Maybelline,Beauty,maybelline-seller-051,41.71,10.41,159,6631.58,4.49,22,2026-06-01,Malaysia,Lazada,maybelline foundation mini,maybelline,23.314999999999998,37.66,43.7,7
Nestle Chocolate Drink Mini,Nestle,Groceries,nestle-seller-059,9.52,10.27,420,3997.51,5.0,22,2026-06-01,Malaysia,Shopee,nestle chocolate drink mini,nestle,8.545,10.09,23.2675,8
Nestle Chocolate Drink Plus,Nestle,Groceries,nestle-seller-057,10.67,19.74,411,4384.64,4.86,65,2026-06-01,Thailand,Shopee,nestle chocolate drink plus,nestle,19.3525,26.14,31.0125,18
IKEA Storage Box,IKEA,Home & Living,ikea-seller-010,134.63,18.48,59,7943.14,4.08,11,2026-06-01,Vietnam,Lazada,ikea storage box,ikea,71.56,86.3,120.19,19
Baseus Laptop Stand Plus,Baseus,Accessories,baseus-seller-039,72.22,30.61,110,7943.8,4.15,58,2026-06-01,Indonesia,Lazada,baseus laptop stand plus,baseus,27.8625,33.620000000000005,48.815,16
Anker Charging Cable,Anker,Accessories,anker-seller-013,94.75,0.0,68,6443.27,5.0,92,2026-06-01,Philippines,Lazada,anker charging cable,anker,24.622500000000002,33.35,53.59,16
L'Oreal Hair Serum 2026,L'Oreal,Beauty,l'oreal-seller-015,56.06,25.37,156,8745.04,5.0,370,2026-06-01,Malaysia,Shopee,l oreal hair serum 2026,l oreal,26.44,36.06,47.22,17
Innisfree Cleanser Plus,Innisfree,Beauty,innisfree-seller-036,47.25,6.76,128,6047.97,4.48,63,2026-06-01,Philippines,Shopee,innisfree cleanser plus,innisfree,13.15,19.785,27.4575,8
Innisfree Moisturizer Mini,Innisfree,Beauty,innisfree-seller-057,37.49,3.2,132,4948.76,4.52,363,2026-06-01,Thailand,Lazada,innisfree moisturizer mini,innisfree,25.16,32.515,41.565000000000005,18
Kikkoman Soy Sauce Pro,Kikkoman,Groceries,kikkoman-seller-047,27.37,12.68,271,7415.98,3.67,151,2026-06-01,Indonesia,Shopee,kikkoman soy sauce pro,kikkoman,12.39,17.055,23.5925,12
Philips Air Fryer 2026,Philips,Home & Living,philips-seller-051,63.33,2.1,71,4496.3,4.2,66,2026-06-01,Vietnam,Shopee,philips air fryer 2026,philips,40.9225,58.269999999999996,92.35,14
Anker Charging Cable 2026,Anker,Accessories,anker-seller-010,78.22,12.67,82,6413.68,4.66,100,2026-06-01,Singapore,Lazada,anker charging cable 2026,anker,31.630000000000003,74.88499999999999,94.3075,12
Baseus Phone Holder,Baseus,Accessories,baseus-seller-027,77.52,6.1,102,7907.41,5.0,61,2026-06-01,Malaysia,Shopee,baseus phone holder,baseus,31.5875,54.175,61.865,12
Xiaomi Bluetooth Speaker Max,Xiaomi,Electronics,xiaomi-seller-025,297.68,9.84,18,5358.19,5.0,22,2026-06-01,Vietnam,Lazada,xiaomi bluetooth speaker max,xiaomi,159.38,220.85,322.325,19
LocknLock Food Container Standard,LocknLock,Home & Living,locknlock-seller-060,26.01,14.84,152,3953.07,4.01,138,2026-06-01,Indonesia,Shopee,locknlock food container standard,locknlock,59.1825,86.66,100.125,10
L'Oreal Face Wash Mini,L'Oreal,Beauty,l'oreal-seller-030,6.53,13.45,355,2317.78,4.54,373,2026-06-01,Malaysia,Lazada,l oreal face wash mini,l oreal,23.314999999999998,37.66,43.7,7
IKEA Storage Box Standard,IKEA,Home & Living,ikea-seller-008,131.7,0.0,57,7507.1,4.82,127,2026-06-01,Malaysia,Shopee,ikea storage box standard,ikea,64.2325,103.155,148.29500000000002,14
LocknLock Food Container 2026,LocknLock,Home & Living,locknlock-seller-021,33.99,5.06,83,2821.07,4.79,35,2026-06-01,Vietnam,Lazada,locknlock food container 2026,locknlock,71.56,86.3,120.19,19
IKEA Kitchen Organizer Plus,IKEA,Home & Living,ikea-seller-042,101.24,10.69,41,4150.77,4.71,485,2026-06-01,Philippines,Lazada,ikea kitchen organizer plus,ikea,37.525000000000006,55.78,86.005,19
Nestle Chocolate Drink,Nestle,Groceries,nestle-seller-049,12.25,32.7,347,4250.05,3.86,116,2026-06-01,Malaysia,Lazada,nestle chocolate drink,nestle,12.25,18.32,24.49,9
Maybelline Lip Tint Standard,Maybelline,Beauty,maybelline-seller-057,52.46,19.5,143,7501.68,4.05,680,2026-06-01,Vietnam,Lazada,maybelline lip tint standard,maybelline,20.79,32.31,42.192499999999995,14
Nestle Coffee Standard,Nestle,Groceries,nestle-seller-009,12.41,12.55,359,4456.43,3.91,40,2026-06-01,Indonesia,Shopee,nestle coffee standard,nestle,12.39,17.055,23.5925,12
IKEA Kitchen Organizer 2026,IKEA,Home & Living,ikea-seller-006,33.9,14.3,120,4067.49,4.7,86,2026-06-01,Thailand,Shopee,ikea kitchen organizer 2026,ikea,22.4125,58.07,98.2,12
L'Oreal Hair Serum Pro,L'Oreal,Beauty,l'oreal-seller-049,45.69,14.56,120,5482.32,5.0,442,2026-06-01,Malaysia,Lazada,l oreal hair serum pro,l oreal,23.314999999999998,37.66,43.7,7
Samsung SSD Mini,Samsung,Electronics,samsung-seller-027,334.81,9.99,22,7365.78,4.76,252,2026-06-01,Vietnam,Lazada,samsung ssd mini,samsung,159.38,220.85,322.325,19
Kikkoman Soy Sauce,Kikkoman,Groceries,kikkoman-seller-014,2.62,26.58,695,1821.64,4.93,278,2026-06-01,Philippines,Lazada,kikkoman soy sauce,kikkoman,9.469999999999999,18.91,27.225,15
Anker USB-C Hub 2026,Anker,Accessories,anker-seller-004,110.81,18.91,89,9862.51,3.94,311,2026-06-01,Singapore,Shopee,anker usb c hub 2026,anker,33.685,60.15,77.1075,14
Baseus Phone Holder 2026,Baseus,Accessories,baseus-seller-031,37.01,20.02,184,6809.0,4.68,224,2026-06-01,Philippines,Shopee,baseus phone holder 2026,baseus,27.4,44.769999999999996,57.135,18
Oishi Green Tea,Oishi,Groceries,oishi-seller-009,28.11,9.9,223,6269.48,4.55,649,2026-06-01,Vietnam,Shopee,oishi green tea,oishi,5.9025,12.245000000000001,26.2275,16
Innisfree Cleanser Max,Innisfree,Beauty,innisfree-seller-026,12.44,19.96,273,3396.49,4.71,92,2026-06-01,Indonesia,Lazada,innisfree cleanser max,innisfree,11.55,12.44,33.65,5
Xiaomi Router Max,Xiaomi,Electronics,xiaomi-seller-045,219.42,23.51,32,7021.33,4.89,87,2026-06-01,Vietnam,Lazada,xiaomi router max,xiaomi,159.38,220.85,322.325,19
Logitech Webcam Standard,Logitech,Accessories,logitech-seller-014,64.75,3.52,113,7316.71,4.38,1119,2026-06-01,Singapore,Shopee,logitech webcam standard,logitech,33.685,60.15,77.1075,14
Anker Power Bank Standard,Anker,Accessories,anker-seller-038,46.15,27.1,132,6092.09,5.0,579,2026-06-01,Thailand,Lazada,anker power bank standard,anker,32.91,48.63,64.04,13
Xiaomi Smart Band Mini,Xiaomi,Electronics,xiaomi-seller-001,406.58,15.2,30,12197.37,5.0,85,2026-06-01,Malaysia,Shopee,xiaomi smart band mini,xiaomi,170.58499999999998,301.84,418.6,15
Maybelline Foundation Mini,Maybelline,Beauty,maybelline-seller-025,49.95,19.27,142,7092.87,4.25,9,2026-06-01,Philippines,Lazada,maybelline foundation mini,maybelline,23.6,35.21,46.78,13
LocknLock Food Container 2026,LocknLock,Home & Living,locknlock-seller-021,11.77,3.1,208,2448.47,4.88,58,2026-06-01,Thailand,Shopee,locknlock food container 2026,locknlock,22.4125,58.07,98.2,12
Baseus Laptop Stand Plus,Baseus,Accessories,baseus-seller-002,42.53,0.0,108,4593.68,4.82,585,2026-06-01,Malaysia,Lazada,baseus laptop stand plus,baseus,35.487500000000004,48.595,59.79,14
Oishi Green Tea Standard,Oishi,Groceries,oishi-seller-025,6.34,20.07,485,3074.99,4.94,142,2026-06-01,Singapore,Lazada,oishi green tea standard,oishi,9.92,17.23,26.82,11
Kikkoman Teriyaki Sauce,Kikkoman,Groceries,kikkoman-seller-045,4.2,9.18,600,2518.89,4.52,454,2026-06-01,Vietnam,Shopee,kikkoman teriyaki sauce,kikkoman,5.9025,12.245000000000001,26.2275,16
LocknLock Food Container Plus,LocknLock,Home & Living,locknlock-seller-004,149.34,7.51,67,10006.02,4.13,364,2026-06-01,Philippines,Shopee,locknlock food container plus,locknlock,66.11500000000001,95.83,134.365,15
LocknLock Water Bottle Mini,LocknLock,Home & Living,locknlock-seller-002,6.75,23.57,304,2052.64,4.54,32,2026-06-01,Philippines,Shopee,locknlock water bottle mini,locknlock,66.11500000000001,95.83,134.365,15
Oishi Snack Mix 2026,Oishi,Groceries,oishi-seller-032,2.39,13.94,774,1847.21,4.0,194,2026-06-01,Malaysia,Shopee,oishi snack mix 2026,oishi,8.545,10.09,23.2675,8
Innisfree Moisturizer Mini,Innisfree,Beauty,innisfree-seller-049,35.21,12.81,135,4753.44,5.0,174,2026-06-01,Philippines,Lazada,innisfree moisturizer mini,innisfree,23.6,35.21,46.78,13
Samsung Tablet Pro,Samsung,Electronics,samsung-seller-051,295.96,33.94,28,8286.75,4.3,200,2026-06-01,Thailand,Lazada,samsung tablet pro,samsung,325.015,419.08,439.26,11
Baseus USB-C Cable Standard,Baseus,Accessories,baseus-seller-055,44.51,0.0,121,5385.57,4.41,150,2026-06-01,Philippines,Shopee,baseus usb c cable standard,baseus,27.4,44.769999999999996,57.135,18
Anker USB-C Hub Pro,Anker,Accessories,anker-seller-029,76.82,9.06,95,7297.62,4.2,2127,2026-06-01,Vietnam,Shopee,anker usb c hub pro,anker,23.115000000000002,26.305,38.2975,16
Logitech Mechanical Keyboard 2026,Logitech,Accessories,logitech-seller-042,85.12,7.74,94,8000.84,4.26,479,2026-06-01,Singapore,Shopee,logitech mechanical keyboard 2026,logitech,33.685,60.15,77.1075,14
L'Oreal Hair Serum Plus,L'Oreal,Beauty,l'oreal-seller-042,51.23,23.38,142,7274.82,4.63,129,2026-06-01,Thailand,Lazada,l oreal hair serum plus,l oreal,25.16,32.515,41.565000000000005,18
Logitech Mechanical Keyboard 2026,Logitech,Accessories,logitech-seller-017,67.47,11.32,98,6612.5,4.52,195,2026-06-01,Vietnam,Lazada,logitech mechanical keyboard 2026,logitech,25.2775,41.18,61.199999999999996,12
Baseus Phone Holder Max,Baseus,Accessories,baseus-seller-051,78.45,20.05,104,8158.82,4.35,466,2026-06-01,Singapore,Shopee,baseus phone holder max,baseus,33.685,60.15,77.1075,14
Oishi Green Tea Standard,Oishi,Groceries,oishi-seller-047,25.5,4.09,207,5278.99,5.0,85,2026-06-01,Vietnam,Lazada,oishi green tea standard,oishi,8.3,13.47,23.04,19
Philips Desk Fan Pro,Philips,Home & Living,philips-seller-018,110.06,19.97,56,6163.39,4.68,293,2026-06-01,Thailand,Lazada,philips desk fan pro,philips,36.3525,48.61,55.9375,18
Baseus Phone Holder 2026,Baseus,Accessories,baseus-seller-014,65.85,0.0,98,6453.06,4.45,86,2026-06-01,Vietnam,Lazada,baseus phone holder 2026,baseus,25.2775,41.18,61.199999999999996,12
Xiaomi Smart Band Plus,Xiaomi,Electronics,xiaomi-seller-028,315.87,17.29,22,6949.14,4.35,48,2026-06-01,Vietnam,Lazada,xiaomi smart band plus,xiaomi,159.38,220.85,322.325,19
Oishi Crackers Standard,Oishi,Groceries,oishi-seller-043,42.1,22.09,192,8082.78,4.43,403,2026-06-01,Singapore,Lazada,oishi crackers standard,oishi,9.92,17.23,26.82,11
Maybelline Foundation 2026,Maybelline,Beauty,maybelline-seller-052,40.16,11.14,152,6104.78,4.32,23,2026-06-01,Vietnam,Lazada,maybelline foundation 2026,maybelline,20.79,32.31,42.192499999999995,14
L'Oreal Shampoo Max,L'Oreal,Beauty,l'oreal-seller-029,41.74,22.38,190,7930.69,4.31,285,2026-06-01,Malaysia,Shopee,l oreal shampoo max,l oreal,26.44,36.06,47.22,17
LocknLock Lunch Box Max,LocknLock,Home & Living,locknlock-seller-032,113.31,17.49,81,9178.06,4.98,43,2026-06-01,Vietnam,Shopee,locknlock lunch box max,locknlock,40.9225,58.269999999999996,92.35,14
Innisfree Clay Mask Mini,Innisfree,Beauty,innisfree-seller-024,49.38,0.14,138,6815.11,4.65,214,2026-06-01,Thailand,Shopee,innisfree clay mask mini,innisfree,21.075,38.95,45.89,11
IKEA Storage Box Max,IKEA,Home & Living,ikea-seller-058,77.22,0.0,66,5096.36,4.55,1139,2026-06-01,Singapore,Lazada,ikea storage box max,ikea,44.129999999999995,77.22,134.60999999999999,11
Maybelline Lip Tint Pro,Maybelline,Beauty,maybelline-seller-027,4.81,28.01,573,2753.83,5.0,119,2026-06-01,Malaysia,Shopee,maybelline lip tint pro,maybelline,26.44,36.06,47.22,17
Innisfree Moisturizer,Innisfree,Beauty,innisfree-seller-019,47.64,14.63,136,6478.48,4.51,55,2026-06-01,Thailand,Lazada,innisfree moisturizer,innisfree,25.16,32.515,41.565000000000005,18
LocknLock Food Container Plus,LocknLock,Home & Living,locknlock-seller-006,47.78,2.0,78,3726.48,4.46,1443,2026-06-01,Thailand,Lazada,locknlock food container plus,locknlock,36.3525,48.61,55.9375,18
Nestle Cereal Max,Nestle,Groceries,nestle-seller-030,26.53,10.6,201,5331.81,5.0,346,2026-06-01,Indonesia,Lazada,nestle cereal max,nestle,11.45,22.83,25.98,11
Anker Power Bank,Anker,Accessories,anker-seller-041,28.41,15.29,176,5001.02,4.55,183,2026-06-01,Singapore,Shopee,anker power bank,anker,33.685,60.15,77.1075,14
Philips Desk Fan 2026,Philips,Home & Living,philips-seller-055,15.45,23.94,175,2703.93,4.87,62,2026-06-01,Thailand,Lazada,philips desk fan 2026,philips,36.3525,48.61,55.9375,18
Kikkoman Teriyaki Sauce Standard,Kikkoman,Groceries,kikkoman-seller-053,19.31,17.92,303,5849.57,4.55,137,2026-06-01,Indonesia,Shopee,kikkoman teriyaki sauce standard,kikkoman,12.39,17.055,23.5925,12
Philips LED Bulb Mini,Philips,Home & Living,philips-seller-007,34.87,18.91,121,4219.45,4.73,120,2026-06-01,Singapore,Shopee,philips led bulb mini,philips,44.0475,62.41,106.82,16
Maybelline Lip Tint 2026,Maybelline,Beauty,maybelline-seller-048,8.65,12.58,345,2985.76,4.97,39,2026-06-01,Indonesia,Shopee,maybelline lip tint 2026,maybelline,21.189999999999998,31.74,37.8225,18
Xiaomi Bluetooth Speaker Max,Xiaomi,Electronics,xiaomi-seller-054,352.24,0.0,16,5635.88,4.34,238,2026-06-01,Thailand,Lazada,xiaomi bluetooth speaker max,xiaomi,325.015,419.08,439.26,11
Philips Air Fryer 2026,Philips,Home & Living,philips-seller-037,70.83,14.07,69,4887.24,4.78,37,2026-06-01,Malaysia,Lazada,philips air fryer 2026,philips,80.775,96.74,115.86,11
Logitech Webcam Max,Logitech,Accessories,logitech-seller-030,46.3,12.44,107,4954.42,4.43,186,2026-06-01,Malaysia,Lazada,logitech webcam max,logitech,35.487500000000004,48.595,59.79,14
Baseus USB-C Cable Plus,Baseus,Accessories,baseus-seller-010,15.61,11.76,257,4011.53,5.0,167,2026-06-01,Thailand,Shopee,baseus usb c cable plus,baseus,15.7225,38.33,65.97250000000001,14
Nestle Cereal,Nestle,Groceries,nestle-seller-014,9.49,14.62,351,3329.36,4.38,43,2026-06-01,Vietnam,Lazada,nestle cereal,nestle,8.3,13.47,23.04,19
Oishi Green Tea Standard,Oishi,Groceries,oishi-seller-019,12.33,10.77,391,4822.41,4.88,35,2026-06-01,Indonesia,Shopee,oishi green tea standard,oishi,12.39,17.055,23.5925,12
Kikkoman Soy Sauce Standard,Kikkoman,Groceries,kikkoman-seller-017,6.82,17.83,524,3572.11,4.86,122,2026-06-01,Vietnam,Shopee,kikkoman soy sauce standard,kikkoman,5.9025,12.245000000000001,26.2275,16
JBL Headphones Plus,JBL,Electronics,jbl-seller-001,129.82,10.69,53,6880.72,4.67,282,2026-06-01,Singapore,Shopee,jbl headphones plus,jbl,169.8025,198.085,425.855,8
Innisfree Moisturizer 2026,Innisfree,Beauty,innisfree-seller-020,55.06,10.57,129,7103.22,4.62,92,2026-06-01,Philippines,Lazada,innisfree moisturizer 2026,innisfree,23.6,35.21,46.78,13
Philips LED Bulb Max,Philips,Home & Living,philips-seller-032,103.82,7.88,55,5710.04,4.27,62,2026-06-01,Singapore,Lazada,philips led bulb max,philips,44.129999999999995,77.22,134.60999999999999,11
Innisfree Clay Mask Pro,Innisfree,Beauty,innisfree-seller-045,47.35,5.21,127,6014.03,4.47,56,2026-06-01,Vietnam,Lazada,innisfree clay mask pro,innisfree,20.79,32.31,42.192499999999995,14
IKEA Storage Box Max,IKEA,Home & Living,ikea-seller-038,123.33,4.08,35,4316.41,4.38,512,2026-06-01,Singapore,Lazada,ikea storage box max,ikea,44.129999999999995,77.22,134.60999999999999,11
Xiaomi Bluetooth Speaker Standard,Xiaomi,Electronics,xiaomi-seller-032,72.66,11.08,55,3996.37,4.02,116,2026-06-01,Indonesia,Lazada,xiaomi bluetooth speaker standard,xiaomi,261.12,318.16,394.03,13
Maybelline Mascara Standard,Maybelline,Beauty,maybelline-seller-016,33.29,18.58,173,5759.91,4.65,64,2026-06-01,Vietnam,Lazada,maybelline mascara standard,maybelline,20.79,32.31,42.192499999999995,14
JBL Headphones Pro,JBL,Electronics,jbl-seller-016,200.3,15.68,42,8412.62,3.97,45,2026-06-01,Philippines,Shopee,jbl headphones pro,jbl,159.5475,230.03,387.995,12
Anker Charging Cable Mini,Anker,Accessories,anker-seller-050,82.53,18.62,105,8666.06,5.0,368,2026-06-01,Indonesia,Lazada,anker charging cable mini,anker,27.8625,33.620000000000005,48.815,16
Kikkoman Teriyaki Sauce Standard,Kikkoman,Groceries,kikkoman-seller-001,30.22,17.32,205,6194.48,3.77,946,2026-06-01,Philippines,Lazada,kikkoman teriyaki sauce standard,kikkoman,9.469999999999999,18.91,27.225,15
Philips LED Bulb Mini,Philips,Home & Living,philips-seller-029,160.86,8.96,50,8043.07,4.55,452,2026-06-01,Philippines,Shopee,philips led bulb mini,philips,66.11500000000001,95.83,134.365,15
JBL Headphones Mini,JBL,Electronics,jbl-seller-025,308.21,9.59,23,7088.73,4.33,92,2026-06-01,Vietnam,Shopee,jbl headphones mini,jbl,174.54500000000002,302.36,365.38,16
Maybelline Mascara Max,Maybelline,Beauty,maybelline-seller-034,35.35,14.0,183,6469.01,4.34,996,2026-06-01,Indonesia,Shopee,maybelline mascara max,maybelline,21.189999999999998,31.74,37.8225,18
JBL Bluetooth Speaker Standard,JBL,Electronics,jbl-seller-019,494.8,11.82,20,9896.0,4.32,443,2026-06-01,Singapore,Shopee,jbl bluetooth speaker standard,jbl,169.8025,198.085,425.855,8
Xiaomi Router 2026,Xiaomi,Electronics,xiaomi-seller-054,405.03,37.19,27,10935.86,4.19,39,2026-06-01,Indonesia,Lazada,xiaomi router 2026,xiaomi,261.12,318.16,394.03,13
JBL Bluetooth Speaker Standard,JBL,Electronics,jbl-seller-025,94.04,4.73,48,4513.97,5.0,83,2026-06-01,Vietnam,Shopee,jbl bluetooth speaker standard,jbl,174.54500000000002,302.36,365.38,16
Xiaomi Bluetooth Speaker 2026,Xiaomi,Electronics,xiaomi-seller-015,259.76,25.3,44,11429.33,4.33,256,2026-06-01,Philippines,Shopee,xiaomi bluetooth speaker 2026,xiaomi,159.5475,230.03,387.995,12
Kikkoman Teriyaki Sauce,Kikkoman,Groceries,kikkoman-seller-045,32.96,5.02,172,5668.53,4.38,746,2026-06-01,Malaysia,Lazada,kikkoman teriyaki sauce,kikkoman,12.25,18.32,24.49,9
Oishi Green Tea Max,Oishi,Groceries,oishi-seller-039,5.31,3.57,501,2662.81,4.66,461,2026-06-01,Vietnam,Shopee,oishi green tea max,oishi,5.9025,12.245000000000001,26.2275,16
JBL Earbuds,JBL,Electronics,jbl-seller-045,115.71,0.0,39,4512.55,4.83,23,2026-06-01,Indonesia,Shopee,jbl earbuds,jbl,129.46,237.33,276.88,9
Philips Air Fryer Max,Philips,Home & Living,philips-seller-035,125.92,8.65,50,6295.91,4.27,1882,2026-06-01,Singapore,Shopee,philips air fryer max,philips,44.0475,62.41,106.82,16
Xiaomi Bluetooth Speaker Plus,Xiaomi,Electronics,xiaomi-seller-036,155.22,4.27,36,5588.06,4.7,887,2026-06-01,Vietnam,Lazada,xiaomi bluetooth speaker plus,xiaomi,159.38,220.85,322.325,19
Logitech Wireless Mouse Pro,Logitech,Accessories,logitech-seller-057,43.87,19.93,133,5834.71,4.93,450,2026-06-01,Philippines,Lazada,logitech wireless mouse pro,logitech,24.622500000000002,33.35,53.59,16
JBL Headphones 2026,JBL,Electronics,jbl-seller-059,353.33,21.06,23,8126.68,4.94,156,2026-06-01,Philippines,Lazada,jbl headphones 2026,jbl,112.31,203.53,247.99,18
Logitech Wireless Mouse Mini,Logitech,Accessories,logitech-seller-012,67.18,17.87,114,7658.74,4.67,53,2026-06-01,Thailand,Shopee,logitech wireless mouse mini,logitech,15.7225,38.33,65.97250000000001,14
Samsung Tablet Pro,Samsung,Electronics,samsung-seller-036,117.15,20.25,44,5154.54,4.66,58,2026-06-01,Philippines,Shopee,samsung tablet pro,samsung,159.5475,230.03,387.995,12
Baseus USB-C Cable Mini,Baseus,Accessories,baseus-seller-027,33.5,13.55,135,4522.2,4.49,62,2026-06-01,Malaysia,Lazada,baseus usb c cable mini,baseus,35.487500000000004,48.595,59.79,14
Oishi Green Tea Pro,Oishi,Groceries,oishi-seller-009,16.7,24.99,327,5461.25,5.0,78,2026-06-01,Vietnam,Shopee,oishi green tea pro,oishi,5.9025,12.245000000000001,26.2275,16
Anker USB-C Hub Mini,Anker,Accessories,anker-seller-051,27.18,10.05,152,4131.35,5.0,139,2026-06-01,Philippines,Lazada,anker usb c hub mini,anker,24.622500000000002,33.35,53.59,16
Philips Air Fryer Mini,Philips,Home & Living,philips-seller-034,19.46,14.24,152,2958.02,4.65,96,2026-06-01,Vietnam,Shopee,philips air fryer mini,philips,40.9225,58.269999999999996,92.35,14
Nestle Coffee,Nestle,Groceries,nestle-seller-031,11.09,17.8,369,4091.85,4.07,807,2026-06-01,Vietnam,Lazada,nestle coffee,nestle,8.3,13.47,23.04,19
JBL Earbuds 2026,JBL,Electronics,jbl-seller-007,130.51,8.5,45,5872.83,4.8,9,2026-06-01,Thailand,Shopee,jbl earbuds 2026,jbl,130.51,335.13,400.98,21
Philips Desk Fan Mini,Philips,Home & Living,philips-seller-055,48.64,10.97,79,3842.69,4.45,125,2026-06-01,Thailand,Lazada,philips desk fan mini,philips,36.3525,48.61,55.9375,18
Kikkoman Soy Sauce,Kikkoman,Groceries,kikkoman-seller-049,37.62,15.4,204,7674.04,4.71,600,2026-06-01,Vietnam,Shopee,kikkoman soy sauce,kikkoman,5.9025,12.245000000000001,26.2275,16
IKEA Kitchen Organizer 2026,IKEA,Home & Living,ikea-seller-016,101.95,17.62,65,6626.93,4.88,43,2026-06-01,Vietnam,Lazada,ikea kitchen organizer 2026,ikea,71.56,86.3,120.19,19
L'Oreal Hair Serum Plus,L'Oreal,Beauty,l'oreal-seller-004,46.78,10.6,116,5425.92,4.97,94,2026-06-01,Philippines,Lazada,l oreal hair serum plus,l oreal,23.6,35.21,46.78,13
Innisfree Clay Mask 2026,Innisfree,Beauty,innisfree-seller-043,5.02,5.67,444,2230.53,4.69,290,2026-06-01,Singapore,Shopee,innisfree clay mask 2026,innisfree,16.1,41.34,55.62,13
JBL Headphones,JBL,Electronics,jbl-seller-056,105.42,0.0,35,3689.86,4.4,201,2026-06-01,Philippines,Lazada,jbl headphones,jbl,112.31,203.53,247.99,18
Samsung Tablet Plus,Samsung,Electronics,samsung-seller-042,400.98,13.84,19,7618.69,4.37,248,2026-06-01,Thailand,Shopee,samsung tablet plus,samsung,130.51,335.13,400.98,21
Kikkoman Teriyaki Sauce Plus,Kikkoman,Groceries,kikkoman-seller-050,17.25,2.95,282,4863.3,4.34,232,2026-06-01,Philippines,Shopee,kikkoman teriyaki sauce plus,kikkoman,11.52,17.95,33.2325,10
IKEA Storage Box Standard,IKEA,Home & Living,ikea-seller-036,70.0,19.74,68,4759.82,4.41,81,2026-06-01,Vietnam,Lazada,ikea storage box standard,ikea,71.56,86.3,120.19,19
Anker Charging Cable Plus,Anker,Accessories,anker-seller-018,36.72,10.35,137,5030.25,4.68,793,2026-06-01,Vietnam,Shopee,anker charging cable plus,anker,23.115000000000002,26.305,38.2975,16
Maybelline Lip Tint Pro,Maybelline,Beauty,maybelline-seller-059,68.97,4.48,95,6552.05,4.6,636,2026-06-01,Singapore,Lazada,maybelline lip tint pro,maybelline,25.4825,34.504999999999995,44.245000000000005,12
LocknLock Food Container,LocknLock,Home & Living,locknlock-seller-056,93.46,10.73,60,5607.32,4.25,388,2026-06-01,Malaysia,Lazada,locknlock food container,locknlock,80.775,96.74,115.86,11
JBL Bluetooth Speaker Max,JBL,Electronics,jbl-seller-032,90.59,9.94,42,3804.83,4.05,223,2026-06-01,Philippines,Shopee,jbl bluetooth speaker max,jbl,159.5475,230.03,387.995,12
Maybelline Foundation Pro,Maybelline,Beauty,maybelline-seller-056,36.06,0.32,184,6634.99,4.3,162,2026-06-01,Malaysia,Shopee,maybelline foundation pro,maybelline,26.44,36.06,47.22,17
Innisfree Clay Mask Mini,Innisfree,Beauty,innisfree-seller-013,35.06,0.0,177,6206.5,4.55,1005,2026-06-01,Malaysia,Shopee,innisfree clay mask mini,innisfree,26.44,36.06,47.22,17
Nestle Chocolate Drink Max,Nestle,Groceries,nestle-seller-027,23.26,23.2,284,6606.05,5.0,273,2026-06-01,Malaysia,Lazada,nestle chocolate drink max,nestle,12.25,18.32,24.49,9
LocknLock Lunch Box Max,LocknLock,Home & Living,locknlock-seller-013,96.74,6.45,55,5320.9,4.96,102,2026-06-01,Malaysia,Lazada,locknlock lunch box max,locknlock,80.775,96.74,115.86,11
L'Oreal Face Wash Max,L'Oreal,Beauty,l'oreal-seller-024,5.14,11.34,479,2460.79,5.0,74,2026-06-01,Indonesia,Shopee,l oreal face wash max,l oreal,21.189999999999998,31.74,37.8225,18
Nestle Chocolate Drink Mini,Nestle,Groceries,nestle-seller-012,26.06,5.38,207,5393.48,4.44,40,2026-06-01,Philippines,Lazada,nestle chocolate drink mini,nestle,9.469999999999999,18.91,27.225,15
Oishi Crackers,Oishi,Groceries,oishi-seller-041,26.25,22.83,253,6641.08,4.45,93,2026-06-01,Vietnam,Lazada,oishi crackers,oishi,8.3,13.47,23.04,19
JBL Bluetooth Speaker Plus,JBL,Electronics,jbl-seller-031,444.76,5.6,22,9784.7,5.0,457,2026-06-01,Malaysia,Shopee,jbl bluetooth speaker plus,jbl,170.58499999999998,301.84,418.6,15
LocknLock Lunch Box Pro,LocknLock,Home & Living,locknlock-seller-010,60.78,7.64,75,4558.21,4.45,70,2026-06-01,Philippines,Lazada,locknlock lunch box pro,locknlock,37.525000000000006,55.78,86.005,19
L'Oreal Hair Serum,L'Oreal,Beauty,l'oreal-seller-036,46.02,8.84,172,7916.23,4.09,189,2026-06-01,Malaysia,Shopee,l oreal hair serum,l oreal,26.44,36.06,47.22,17
Logitech Mechanical Keyboard Plus,Logitech,Accessories,logitech-seller-030,84.67,0.26,102,8636.56,4.89,150,2026-06-01,Singapore,Shopee,logitech mechanical keyboard plus,logitech,33.685,60.15,77.1075,14
Philips Air Fryer 2026,Philips,Home & Living,philips-seller-018,41.14,11.45,91,3743.64,5.0,273,2026-06-01,Indonesia,Lazada,philips air fryer 2026,philips,44.355000000000004,66.42,95.805,19
Samsung SSD Plus,Samsung,Electronics,samsung-seller-028,220.85,15.65,25,5521.26,3.38,692,2026-06-01,Vietnam,Lazada,samsung ssd plus,samsung,159.38,220.85,322.325,19
Logitech Wireless Mouse Standard,Logitech,Accessories,logitech-seller-024,100.68,7.06,89,8960.18,4.87,334,2026-06-01,Singapore,Lazada,logitech wireless mouse standard,logitech,31.630000000000003,74.88499999999999,94.3075,12
Anker USB-C Hub Mini,Anker,Accessories,anker-seller-035,74.9,3.27,107,8014.25,4.29,434,2026-06-01,Vietnam,Shopee,anker usb c hub mini,anker,23.115000000000002,26.305,38.2975,16
Baseus Phone Holder Plus,Baseus,Accessories,baseus-seller-014,76.07,2.74,97,7379.24,4.93,51,2026-06-01,Malaysia,Shopee,baseus phone holder plus,baseus,31.5875,54.175,61.865,12
Logitech Mechanical Keyboard Mini,Logitech,Accessories,logitech-seller-047,35.72,8.96,172,6144.53,4.62,64,2026-06-01,Vietnam,Shopee,logitech mechanical keyboard mini,logitech,23.115000000000002,26.305,38.2975,16
Xiaomi Smart Band 2026,Xiaomi,Electronics,xiaomi-seller-040,62.62,9.6,47,2943.1,4.38,61,2026-06-01,Malaysia,Lazada,xiaomi smart band 2026,xiaomi,62.62,186.04,274.09,5
LocknLock Water Bottle 2026,LocknLock,Home & Living,locknlock-seller-002,44.99,5.23,87,3914.45,4.29,187,2026-06-01,Indonesia,Lazada,locknlock water bottle 2026,locknlock,44.355000000000004,66.42,95.805,19
Oishi Snack Mix 2026,Oishi,Groceries,oishi-seller-035,34.19,4.44,193,6599.33,4.24,354,2026-06-01,Indonesia,Lazada,oishi snack mix 2026,oishi,11.45,22.83,25.98,11
Oishi Crackers Max,Oishi,Groceries,oishi-seller-040,22.61,6.83,265,5992.63,3.95,397,2026-06-01,Indonesia,Shopee,oishi crackers max,oishi,12.39,17.055,23.5925,12
Logitech Wireless Mouse,Logitech,Accessories,logitech-seller-027,54.18,11.96,102,5526.16,4.21,1365,2026-06-01,Malaysia,Lazada,logitech wireless mouse,logitech,35.487500000000004,48.595,59.79,14
Samsung SSD 2026,Samsung,Electronics,samsung-seller-059,118.1,11.35,46,5432.4,4.11,227,2026-06-01,Thailand,Shopee,samsung ssd 2026,samsung,130.51,335.13,400.98,21
Logitech Wireless Mouse Max,Logitech,Accessories,logitech-seller-020,65.69,0.0,94,6174.41,4.37,1117,2026-06-01,Thailand,Lazada,logitech wireless mouse max,logitech,32.91,48.63,64.04,13
Xiaomi Smart Band Standard,Xiaomi,Electronics,xiaomi-seller-055,255.79,12.04,19,4860.05,4.79,206,2026-06-01,Singapore,Lazada,xiaomi smart band standard,xiaomi,221.5825,330.62,426.51,12
JBL Bluetooth Speaker Max,JBL,Electronics,jbl-seller-057,386.56,11.21,13,5025.3,4.43,278,2026-06-01,Vietnam,Lazada,jbl bluetooth speaker max,jbl,159.38,220.85,322.325,19
Baseus Laptop Stand 2026,Baseus,Accessories,baseus-seller-057,22.84,14.69,175,3997.55,4.3,70,2026-06-01,Singapore,Lazada,baseus laptop stand 2026,baseus,31.630000000000003,74.88499999999999,94.3075,12
Samsung Monitor Pro,Samsung,Electronics,samsung-seller-002,246.52,6.66,15,3697.75,4.42,211,2026-06-01,Philippines,Lazada,samsung monitor pro,samsung,112.31,203.53,247.99,18
Samsung SSD Pro,Samsung,Electronics,samsung-seller-010,456.78,30.54,33,15073.59,4.27,35,2026-06-01,Singapore,Lazada,samsung ssd pro,samsung,221.5825,330.62,426.51,12
Philips Desk Fan Plus,Philips,Home & Living,philips-seller-011,135.25,13.71,57,7709.25,4.78,140,2026-06-01,Philippines,Shopee,philips desk fan plus,philips,66.11500000000001,95.83,134.365,15
Nestle Cereal Plus,Nestle,Groceries,nestle-seller-018,14.13,13.92,368,5198.04,4.54,401,2026-06-01,Singapore,Shopee,nestle cereal plus,nestle,8.4425,14.235,24.1375,12
Nestle Chocolate Drink Plus,Nestle,Groceries,nestle-seller-002,10.36,9.87,330,3418.17,4.22,36,2026-06-01,Thailand,Lazada,nestle chocolate drink plus,nestle,13.52,24.71,29.355,11
Anker Power Bank,Anker,Accessories,anker-seller-002,20.84,9.17,188,3917.16,4.58,118,2026-06-01,Philippines,Shopee,anker power bank,anker,27.4,44.769999999999996,57.135,18
Innisfree Clay Mask Plus,Innisfree,Beauty,innisfree-seller-028,15.19,15.88,239,3629.71,4.8,1603,2026-06-01,Singapore,Lazada,innisfree clay mask plus,innisfree,25.4825,34.504999999999995,44.245000000000005,12
Xiaomi Bluetooth Speaker Pro,Xiaomi,Electronics,xiaomi-seller-023,208.52,5.41,31,6464.22,4.47,104,2026-06-01,Philippines,Lazada,xiaomi bluetooth speaker pro,xiaomi,112.31,203.53,247.99,18
Innisfree Moisturizer 2026,Innisfree,Beauty,innisfree-seller-011,32.55,0.57,145,4719.84,4.93,421,2026-06-01,Thailand,Lazada,innisfree moisturizer 2026,innisfree,25.16,32.515,41.565000000000005,18
Anker Charging Cable Standard,Anker,Accessories,anker-seller-049,88.06,9.31,75,6604.64,4.84,5413,2026-06-01,Thailand,Shopee,anker charging cable standard,anker,15.7225,38.33,65.97250000000001,14
Oishi Crackers Max,Oishi,Groceries,oishi-seller-036,34.81,17.27,219,7624.05,4.4,43,2026-06-01,Thailand,Shopee,oishi crackers max,oishi,19.3525,26.14,31.0125,18
Baseus Laptop Stand Plus,Baseus,Accessories,baseus-seller-010,52.55,0.0,104,5465.08,3.94,81,2026-06-01,Vietnam,Lazada,baseus laptop stand plus,baseus,25.2775,41.18,61.199999999999996,12
JBL Bluetooth Speaker 2026,JBL,Electronics,jbl-seller-027,110.72,15.08,53,5868.08,4.46,159,2026-06-01,Malaysia,Shopee,jbl bluetooth speaker 2026,jbl,170.58499999999998,301.84,418.6,15
IKEA Desk Lamp,IKEA,Home & Living,ikea-seller-006,93.41,10.96,81,7566.39,4.27,180,2026-06-01,Malaysia,Shopee,ikea desk lamp,ikea,64.2325,103.155,148.29500000000002,14
Philips Desk Fan 2026,Philips,Home & Living,philips-seller-019,142.07,14.51,52,7387.54,4.82,60,2026-06-01,Indonesia,Shopee,philips desk fan 2026,philips,59.1825,86.66,100.125,10
Xiaomi Smart Band Standard,Xiaomi,Electronics,xiaomi-seller-052,345.6,19.08,22,7603.09,4.01,18,2026-06-01,Indonesia,Lazada,xiaomi smart band standard,xiaomi,261.12,318.16,394.03,13
Logitech Mechanical Keyboard,Logitech,Accessories,logitech-seller-051,52.68,20.47,131,6900.46,4.58,734,2026-06-01,Thailand,Shopee,logitech mechanical keyboard,logitech,15.7225,38.33,65.97250000000001,14
Samsung Monitor Max,Samsung,Electronics,samsung-seller-012,413.19,1.07,21,8677.03,4.41,48,2026-06-01,Thailand,Shopee,samsung monitor max,samsung,130.51,335.13,400.98,21
Oishi Snack Mix,Oishi,Groceries,oishi-seller-011,31.36,16.7,216,6773.18,3.84,871,2026-06-01,Thailand,Shopee,oishi snack mix,oishi,19.3525,26.14,31.0125,18
Philips LED Bulb Plus,Philips,Home & Living,philips-seller-009,133.34,12.77,48,6400.39,4.56,67,2026-06-01,Malaysia,Shopee,philips led bulb plus,philips,64.2325,103.155,148.29500000000002,14
Xiaomi Smart Band 2026,Xiaomi,Electronics,xiaomi-seller-056,482.71,11.84,23,11102.25,4.5,65,2026-06-01,Thailand,Shopee,xiaomi smart band 2026,xiaomi,130.51,335.13,400.98,21
LocknLock Food Container 2026,LocknLock,Home & Living,locknlock-seller-030,56.06,7.69,76,4260.27,4.63,557,2026-06-01,Indonesia,Lazada,locknlock food container 2026,locknlock,44.355000000000004,66.42,95.805,19
Oishi Crackers Mini,Oishi,Groceries,oishi-seller-049,33.24,3.57,222,7378.57,4.35,346,2026-06-01,Thailand,Shopee,oishi crackers mini,oishi,19.3525,26.14,31.0125,18
Xiaomi Smart Band Pro,Xiaomi,Electronics,xiaomi-seller-030,123.17,23.57,48,5912.33,4.44,271,2026-06-01,Vietnam,Shopee,xiaomi smart band pro,xiaomi,174.54500000000002,302.36,365.38,16
Samsung Tablet Max,Samsung,Electronics,samsung-seller-026,318.16,15.56,14,4454.24,4.41,376,2026-06-01,Indonesia,Lazada,samsung tablet max,samsung,261.12,318.16,394.03,13
LocknLock Lunch Box Mini,LocknLock,Home & Living,locknlock-seller-046,123.01,8.59,44,5412.31,4.8,178,2026-06-01,Indonesia,Lazada,locknlock lunch box mini,locknlock,44.355000000000004,66.42,95.805,19
Maybelline Foundation 2026,Maybelline,Beauty,maybelline-seller-033,29.7,5.62,149,4425.43,5.0,342,2026-06-01,Philippines,Lazada,maybelline foundation 2026,maybelline,23.6,35.21,46.78,13
Logitech Wireless Mouse Mini,Logitech,Accessories,logitech-seller-024,55.55,22.74,117,6498.92,4.86,358,2026-06-01,Singapore,Shopee,logitech wireless mouse mini,logitech,33.685,60.15,77.1075,14
LocknLock Food Container Plus,LocknLock,Home & Living,locknlock-seller-020,168.36,26.49,55,9259.74,4.4,127,2026-06-01,Malaysia,Shopee,locknlock food container plus,locknlock,64.2325,103.155,148.29500000000002,14
Innisfree Clay Mask,Innisfree,Beauty,innisfree-seller-002,15.27,1.58,267,4076.8,4.03,266,2026-06-01,Malaysia,Shopee,innisfree clay mask,innisfree,26.44,36.06,47.22,17
Nestle Chocolate Drink,Nestle,Groceries,nestle-seller-049,22.41,6.53,226,5063.55,3.91,58,2026-06-01,Thailand,Lazada,nestle chocolate drink,nestle,13.52,24.71,29.355,11
Innisfree Clay Mask 2026,Innisfree,Beauty,innisfree-seller-002,54.58,11.2,163,8896.76,4.45,90,2026-06-01,Philippines,Shopee,innisfree clay mask 2026,innisfree,13.15,19.785,27.4575,8
Innisfree Moisturizer Plus,Innisfree,Beauty,innisfree-seller-046,27.23,0.0,151,4111.05,4.96,121,2026-06-01,Thailand,Lazada,innisfree moisturizer plus,innisfree,25.16,32.515,41.565000000000005,18
Nestle Coffee Plus,Nestle,Groceries,nestle-seller-004,9.61,2.94,319,3065.13,4.0,160,2026-06-01,Singapore,Lazada,nestle coffee plus,nestle,9.92,17.23,26.82,11
Anker Charging Cable Standard,Anker,Accessories,anker-seller-023,80.08,20.34,108,8649.04,4.46,324,2026-06-01,Thailand,Shopee,anker charging cable standard,anker,15.7225,38.33,65.97250000000001,14
Xiaomi Router Pro,Xiaomi,Electronics,xiaomi-seller-023,193.18,0.0,35,6761.2,4.54,235,2026-06-01,Singapore,Lazada,xiaomi router pro,xiaomi,221.5825,330.62,426.51,12
Anker USB-C Hub Pro,Anker,Accessories,anker-seller-022,27.24,2.7,139,3787.05,4.23,155,2026-06-01,Indonesia,Lazada,anker usb c hub pro,anker,27.8625,33.620000000000005,48.815,16
IKEA Desk Lamp Standard,IKEA,Home & Living,ikea-seller-010,23.57,11.93,126,2970.4,4.45,354,2026-06-01,Thailand,Lazada,ikea desk lamp standard,ikea,36.3525,48.61,55.9375,18
Logitech Webcam 2026,Logitech,Accessories,logitech-seller-041,31.5,6.04,130,4094.45,4.53,137,2026-06-01,Philippines,Lazada,logitech webcam 2026,logitech,24.622500000000002,33.35,53.59,16
Anker Charging Cable Pro,Anker,Accessories,anker-seller-052,28.07,8.83,176,4939.73,4.54,36,2026-06-01,Indonesia,Lazada,anker charging cable pro,anker,27.8625,33.620000000000005,48.815,16
Maybelline Foundation Pro,Maybelline,Beauty,maybelline-seller-024,37.89,11.6,131,4963.75,5.0,828,2026-06-01,Indonesia,Lazada,maybelline foundation pro,maybelline,11.55,12.44,33.65,5
JBL Earbuds,JBL,Electronics,jbl-seller-033,407.82,0.57,18,7340.74,5.0,121,2026-06-01,Vietnam,Shopee,jbl earbuds,jbl,174.54500000000002,302.36,365.38,16
Nestle Cereal Max,Nestle,Groceries,nestle-seller-046,14.86,20.31,378,5617.9,4.53,276,2026-06-01,Vietnam,Shopee,nestle cereal max,nestle,5.9025,12.245000000000001,26.2275,16
Oishi Green Tea Standard,Oishi,Groceries,oishi-seller-040,10.23,0.0,292,2987.26,4.5,262,2026-06-01,Singapore,Lazada,oishi green tea standard,oishi,9.92,17.23,26.82,11
Xiaomi Smart Band Standard,Xiaomi,Electronics,xiaomi-seller-020,101.53,11.69,44,4467.52,4.64,143,2026-06-01,Singapore,Lazada,xiaomi smart band standard,xiaomi,221.5825,330.62,426.51,12
Nestle Chocolate Drink 2026,Nestle,Groceries,nestle-seller-027,5.12,10.17,561,2874.45,5.0,40,2026-06-01,Vietnam,Shopee,nestle chocolate drink 2026,nestle,5.9025,12.245000000000001,26.2275,16
Philips Air Fryer 2026,Philips,Home & Living,philips-seller-001,49.61,7.82,92,4564.55,3.7,341,2026-06-01,Thailand,Lazada,philips air fryer 2026,philips,36.3525,48.61,55.9375,18
Anker Power Bank Plus,Anker,Accessories,anker-seller-051,26.12,11.7,182,4753.98,3.59,236,2026-06-01,Vietnam,Shopee,anker power bank plus,anker,23.115000000000002,26.305,38.2975,16
Xiaomi Router Plus,Xiaomi,Electronics,xiaomi-seller-008,361.89,6.53,26,9409.22,4.31,141,2026-06-01,Vietnam,Shopee,xiaomi router plus,xiaomi,174.54500000000002,302.36,365.38,16
Maybelline Lip Tint Pro,Maybelline,Beauty,maybelline-seller-055,14.68,12.34,258,3787.03,4.52,1517,2026-06-01,Vietnam,Lazada,maybelline lip tint pro,maybelline,20.79,32.31,42.192499999999995,14
Philips Desk Fan,Philips,Home & Living,philips-seller-048,182.55,9.25,56,10223.05,4.67,124,2026-06-01,Singapore,Lazada,philips desk fan,philips,44.129999999999995,77.22,134.60999999999999,11
IKEA Kitchen Organizer Max,IKEA,Home & Living,ikea-seller-054,162.89,11.85,49,7981.47,5.0,66,2026-06-01,Malaysia,Lazada,ikea kitchen organizer max,ikea,80.775,96.74,115.86,11
IKEA Desk Lamp,IKEA,Home & Living,ikea-seller-002,55.78,6.04,87,4852.5,4.35,60,2026-06-01,Philippines,Lazada,ikea desk lamp,ikea,37.525000000000006,55.78,86.005,19
Innisfree Cleanser Pro,Innisfree,Beauty,innisfree-seller-032,38.24,10.64,164,6271.52,4.14,18,2026-06-01,Singapore,Lazada,innisfree cleanser pro,innisfree,25.4825,34.504999999999995,44.245000000000005,12
Baseus Laptop Stand,Baseus,Accessories,baseus-seller-056,36.37,18.08,152,5528.67,4.41,724,2026-06-01,Philippines,Lazada,baseus laptop stand,baseus,24.622500000000002,33.35,53.59,16
Kikkoman Soy Sauce,Kikkoman,Groceries,kikkoman-seller-051,10.6,6.21,423,4485.35,4.44,98,2026-06-01,Malaysia,Shopee,kikkoman soy sauce,kikkoman,8.545,10.09,23.2675,8
Xiaomi Smart Band Max,Xiaomi,Electronics,xiaomi-seller-035,374.07,12.09,12,4488.86,4.4,56,2026-06-01,Thailand,Shopee,xiaomi smart band max,xiaomi,130.51,335.13,400.98,21
Samsung Monitor Plus,Samsung,Electronics,samsung-seller-037,45.51,4.94,70,3185.56,4.82,40,2026-06-01,Indonesia,Lazada,samsung monitor plus,samsung,261.12,318.16,394.03,13
L'Oreal Hair Serum Plus,L'Oreal,Beauty,l'oreal-seller-053,15.0,22.54,330,4948.58,5.0,19,2026-06-01,Philippines,Shopee,l oreal hair serum plus,l oreal,13.15,19.785,27.4575,8
JBL Bluetooth Speaker Pro,JBL,Electronics,jbl-seller-024,434.18,18.21,23,9986.08,4.13,121,2026-06-01,Singapore,Shopee,jbl bluetooth speaker pro,jbl,169.8025,198.085,425.855,8
Nestle Cereal Plus,Nestle,Groceries,nestle-seller-038,18.37,6.72,236,4334.95,4.72,84,2026-06-01,Vietnam,Lazada,nestle cereal plus,nestle,8.3,13.47,23.04,19
Xiaomi Bluetooth Speaker 2026,Xiaomi,Electronics,xiaomi-seller-040,326.39,19.73,24,7833.47,4.01,50,2026-06-01,Thailand,Lazada,xiaomi bluetooth speaker 2026,xiaomi,325.015,419.08,439.26,11
Kikkoman Teriyaki Sauce Mini,Kikkoman,Groceries,kikkoman-seller-025,24.71,13.99,219,5410.65,4.19,63,2026-06-01,Thailand,Lazada,kikkoman teriyaki sauce mini,kikkoman,13.52,24.71,29.355,11
Logitech Webcam Standard,Logitech,Accessories,logitech-seller-010,41.05,16.74,149,6116.91,4.5,252,2026-06-01,Vietnam,Shopee,logitech webcam standard,logitech,23.115000000000002,26.305,38.2975,16
Xiaomi Router Max,Xiaomi,Electronics,xiaomi-seller-010,394.03,6.54,22,8668.61,4.65,247,2026-06-01,Indonesia,Lazada,xiaomi router max,xiaomi,261.12,318.16,394.03,13
Xiaomi Smart Band 2026,Xiaomi,Electronics,xiaomi-seller-019,346.6,14.82,14,4852.4,4.53,60,2026-06-01,Vietnam,Shopee,xiaomi smart band 2026,xiaomi,174.54500000000002,302.36,365.38,16
IKEA Desk Lamp 2026,IKEA,Home & Living,ikea-seller-058,109.41,2.89,60,6564.84,4.44,660,2026-06-01,Malaysia,Lazada,ikea desk lamp 2026,ikea,80.775,96.74,115.86,11
Logitech Webcam Standard,Logitech,Accessories,logitech-seller-003,67.38,19.59,111,7479.67,4.18,39,2026-06-01,Malaysia,Lazada,logitech webcam standard,logitech,35.487500000000004,48.595,59.79,14
Oishi Snack Mix,Oishi,Groceries,oishi-seller-032,11.37,14.15,380,4320.37,4.57,147,2026-06-01,Indonesia,Shopee,oishi snack mix,oishi,12.39,17.055,23.5925,12
LocknLock Lunch Box,LocknLock,Home & Living,locknlock-seller-034,11.31,22.67,190,2149.27,4.73,75,2026-06-01,Vietnam,Lazada,locknlock lunch box,locknlock,71.56,86.3,120.19,19
Oishi Snack Mix Mini,Oishi,Groceries,oishi-seller-055,15.64,8.71,285,4458.57,4.9,95,2026-06-01,Vietnam,Lazada,oishi snack mix mini,oishi,8.3,13.47,23.04,19
IKEA Storage Box Mini,IKEA,Home & Living,ikea-seller-015,104.6,18.52,74,7740.64,4.87,584,2026-06-01,Malaysia,Shopee,ikea storage box mini,ikea,64.2325,103.155,148.29500000000002,14
Anker Charging Cable Max,Anker,Accessories,anker-seller-011,61.7,9.58,100,6170.18,4.26,97,2026-06-01,Philippines,Lazada,anker charging cable max,anker,24.622500000000002,33.35,53.59,16
JBL Headphones Pro,JBL,Electronics,jbl-seller-019,435.47,5.89,15,6532.12,4.2,66,2026-06-01,Philippines,Lazada,jbl headphones pro,jbl,112.31,203.53,247.99,18
Xiaomi Bluetooth Speaker Max,Xiaomi,Electronics,xiaomi-seller-021,312.49,12.27,15,4687.42,4.7,187,2026-06-01,Philippines,Lazada,xiaomi bluetooth speaker max,xiaomi,112.31,203.53,247.99,18
Xiaomi Router 2026,Xiaomi,Electronics,xiaomi-seller-003,164.51,3.02,43,7073.83,5.0,331,2026-06-01,Thailand,Shopee,xiaomi router 2026,xiaomi,130.51,335.13,400.98,21
IKEA Desk Lamp Standard,IKEA,Home & Living,ikea-seller-029,56.07,7.57,83,4653.91,5.0,1296,2026-06-01,Vietnam,Shopee,ikea desk lamp standard,ikea,40.9225,58.269999999999996,92.35,14
Anker Charging Cable Max,Anker,Accessories,anker-seller-021,62.35,9.8,112,6982.8,4.57,488,2026-06-01,Thailand,Shopee,anker charging cable max,anker,15.7225,38.33,65.97250000000001,14
JBL Earbuds Standard,JBL,Electronics,jbl-seller-060,120.84,8.01,45,5437.95,4.54,134,2026-06-01,Indonesia,Shopee,jbl earbuds standard,jbl,129.46,237.33,276.88,9
Nestle Chocolate Drink Standard,Nestle,Groceries,nestle-seller-024,12.25,6.78,254,3110.37,4.54,173,2026-06-01,Philippines,Lazada,nestle chocolate drink standard,nestle,9.469999999999999,18.91,27.225,15
Nestle Coffee Standard,Nestle,Groceries,nestle-seller-003,31.62,14.16,216,6829.82,4.75,206,2026-06-01,Thailand,Lazada,nestle coffee standard,nestle,13.52,24.71,29.355,11
Nestle Cereal Max,Nestle,Groceries,nestle-seller-026,18.32,0.0,213,3901.37,5.0,156,2026-06-01,Malaysia,Lazada,nestle cereal max,nestle,12.25,18.32,24.49,9
Xiaomi Bluetooth Speaker Max,Xiaomi,Electronics,xiaomi-seller-046,198.54,17.0,37,7345.85,4.06,101,2026-06-01,Philippines,Lazada,xiaomi bluetooth speaker max,xiaomi,112.31,203.53,247.99,18
Philips LED Bulb Standard,Philips,Home & Living,philips-seller-056,52.3,10.02,84,4393.0,3.91,210,2026-06-01,Singapore,Lazada,philips led bulb standard,philips,44.129999999999995,77.22,134.60999999999999,11
Xiaomi Bluetooth Speaker Pro,Xiaomi,Electronics,xiaomi-seller-010,424.16,14.68,22,9331.61,4.48,73,2026-06-01,Thailand,Lazada,xiaomi bluetooth speaker pro,xiaomi,325.015,419.08,439.26,11
Kikkoman Teriyaki Sauce Pro,Kikkoman,Groceries,kikkoman-seller-059,7.57,5.61,438,3316.02,4.0,591,2026-06-01,Vietnam,Shopee,kikkoman teriyaki sauce pro,kikkoman,5.9025,12.245000000000001,26.2275,16
Xiaomi Smart Band Max,Xiaomi,Electronics,xiaomi-seller-024,177.08,2.92,37,6551.95,4.77,32,2026-06-01,Thailand,Shopee,xiaomi smart band max,xiaomi,130.51,335.13,400.98,21
LocknLock Food Container Standard,LocknLock,Home & Living,locknlock-seller-007,19.47,2.45,106,2063.62,3.88,77,2026-06-01,Philippines,Lazada,locknlock food container standard,locknlock,37.525000000000006,55.78,86.005,19
Oishi Snack Mix Max,Oishi,Groceries,oishi-seller-043,35.82,9.75,199,7127.22,4.45,231,2026-06-01,Singapore,Shopee,oishi snack mix max,oishi,8.4425,14.235,24.1375,12
LocknLock Lunch Box Mini,LocknLock,Home & Living,locknlock-seller-040,45.49,2.46,84,3821.02,4.89,106,2026-06-01,Philippines,Lazada,locknlock lunch box mini,locknlock,37.525000000000006,55.78,86.005,19
Samsung SSD Plus,Samsung,Electronics,samsung-seller-047,237.33,3.18,19,4509.3,4.6,89,2026-06-01,Indonesia,Shopee,samsung ssd plus,samsung,129.46,237.33,276.88,9
LocknLock Water Bottle Pro,LocknLock,Home & Living,locknlock-seller-022,77.94,16.34,65,5065.79,3.76,297,2026-06-01,Indonesia,Lazada,locknlock water bottle pro,locknlock,44.355000000000004,66.42,95.805,19
Philips LED Bulb Plus,Philips,Home & Living,philips-seller-054,75.13,8.44,65,4883.37,4.38,51,2026-06-01,Vietnam,Lazada,philips led bulb plus,philips,71.56,86.3,120.19,19
Philips LED Bulb Pro,Philips,Home & Living,philips-seller-054,38.78,17.19,80,3102.08,4.61,92,2026-06-01,Singapore,Lazada,philips led bulb pro,philips,44.129999999999995,77.22,134.60999999999999,11
JBL Earbuds Max,JBL,Electronics,jbl-seller-055,365.81,18.71,19,6950.32,4.63,88,2026-06-01,Indonesia,Shopee,jbl earbuds max,jbl,129.46,237.33,276.88,9
LocknLock Food Container Pro,LocknLock,Home & Living,locknlock-seller-001,157.71,12.03,39,6150.75,4.53,51,2026-06-01,Vietnam,Shopee,locknlock food container pro,locknlock,40.9225,58.269999999999996,92.35,14
Logitech Mechanical Keyboard 2026,Logitech,Accessories,logitech-seller-026,10.86,6.08,302,3280.7,4.31,271,2026-06-01,Indonesia,Shopee,logitech mechanical keyboard 2026,logitech,35.8975,44.595,48.6625,8
Logitech Mechanical Keyboard Mini,Logitech,Accessories,logitech-seller-053,8.79,11.53,282,2479.76,4.26,551,2026-06-01,Vietnam,Lazada,logitech mechanical keyboard mini,logitech,25.2775,41.18,61.199999999999996,12
Baseus Phone Holder,Baseus,Accessories,baseus-seller-050,37.39,0.0,117,4374.79,4.81,372,2026-06-01,Indonesia,Lazada,baseus phone holder,baseus,27.8625,33.620000000000005,48.815,16
Philips LED Bulb Plus,Philips,Home & Living,philips-seller-038,50.98,0.96,77,3925.74,4.38,173,2026-06-01,Philippines,Lazada,philips led bulb plus,philips,37.525000000000006,55.78,86.005,19
Logitech Mechanical Keyboard Mini,Logitech,Accessories,logitech-seller-047,64.94,22.82,105,6818.84,4.26,401,2026-06-01,Thailand,Lazada,logitech mechanical keyboard mini,logitech,32.91,48.63,64.04,13
Philips LED Bulb Standard,Philips,Home & Living,philips-seller-044,52.0,6.78,97,5044.04,4.77,163,2026-06-01,Malaysia,Shopee,philips led bulb standard,philips,64.2325,103.155,148.29500000000002,14
Maybelline Mascara Plus,Maybelline,Beauty,maybelline-seller-002,49.97,25.56,171,8545.2,4.69,42,2026-06-01,Singapore,Shopee,maybelline mascara plus,maybelline,16.1,41.34,55.62,13
L'Oreal Face Wash Pro,L'Oreal,Beauty,l'oreal-seller-043,30.16,14.67,212,6394.06,4.73,20,2026-06-01,Vietnam,Shopee,l oreal face wash pro,l oreal,23.4,29.675,42.49,6
Nestle Coffee Max,Nestle,Groceries,nestle-seller-011,24.49,13.45,206,5044.91,4.02,108,2026-06-01,Malaysia,Lazada,nestle coffee max,nestle,12.25,18.32,24.49,9
Innisfree Cleanser Max,Innisfree,Beauty,innisfree-seller-036,42.22,4.74,162,6839.53,4.32,80,2026-06-01,Malaysia,Shopee,innisfree cleanser max,innisfree,26.44,36.06,47.22,17
Logitech Wireless Mouse,Logitech,Accessories,logitech-seller-060,28.79,13.37,196,5643.04,4.48,272,2026-06-01,Philippines,Shopee,logitech wireless mouse,logitech,27.4,44.769999999999996,57.135,18
Anker USB-C Hub Standard,Anker,Accessories,anker-seller-049,48.07,31.25,160,7691.8,3.71,239,2026-06-01,Vietnam,Shopee,anker usb c hub standard,anker,23.115000000000002,26.305,38.2975,16
Baseus Phone Holder Plus,Baseus,Accessories,baseus-seller-033,100.47,14.28,73,7334.56,4.57,575,2026-06-01,Singapore,Lazada,baseus phone holder plus,baseus,31.630000000000003,74.88499999999999,94.3075,12
LocknLock Water Bottle Pro,LocknLock,Home & Living,locknlock-seller-051,74.53,6.32,67,4993.29,4.85,266,2026-06-01,Vietnam,Lazada,locknlock water bottle pro,locknlock,71.56,86.3,120.19,19
Nestle Coffee Mini,Nestle,Groceries,nestle-seller-017,23.68,10.82,229,5422.36,4.52,275,2026-06-01,Vietnam,Lazada,nestle coffee mini,nestle,8.3,13.47,23.04,19
IKEA Desk Lamp 2026,IKEA,Home & Living,ikea-seller-010,16.21,25.67,208,3372.17,4.25,199,2026-06-01,Philippines,Shopee,ikea desk lamp 2026,ikea,66.11500000000001,95.83,134.365,15
Philips Desk Fan 2026,Philips,Home & Living,philips-seller-031,101.71,13.18,81,8238.8,4.22,406,2026-06-01,Malaysia,Shopee,philips desk fan 2026,philips,64.2325,103.155,148.29500000000002,14
Anker Charging Cable,Anker,Accessories,anker-seller-049,52.35,10.27,120,6282.39,4.5,222,2026-06-01,Philippines,Lazada,anker charging cable,anker,24.622500000000002,33.35,53.59,16
LocknLock Water Bottle 2026,LocknLock,Home & Living,locknlock-seller-013,44.67,21.01,104,4645.23,4.4,31,2026-06-01,Singapore,Shopee,locknlock water bottle 2026,locknlock,44.0475,62.41,106.82,16
Philips Desk Fan Standard,Philips,Home & Living,philips-seller-048,66.42,11.01,70,4649.38,4.33,1812,2026-06-01,Indonesia,Lazada,philips desk fan standard,philips,44.355000000000004,66.42,95.805,19
LocknLock Food Container Pro,LocknLock,Home & Living,locknlock-seller-042,47.28,0.0,73,3451.59,5.0,182,2026-06-01,Thailand,Lazada,locknlock food container pro,locknlock,36.3525,48.61,55.9375,18
Logitech Mechanical Keyboard 2026,Logitech,Accessories,logitech-seller-001,49.81,15.45,120,5977.57,5.0,664,2026-06-01,Malaysia,Shopee,logitech mechanical keyboard 2026,logitech,31.5875,54.175,61.865,12
Baseus Laptop Stand Max,Baseus,Accessories,baseus-seller-022,11.48,17.62,277,3181.19,5.0,33,2026-06-01,Indonesia,Lazada,baseus laptop stand max,baseus,27.8625,33.620000000000005,48.815,16
Innisfree Clay Mask 2026,Innisfree,Beauty,innisfree-seller-054,61.03,14.5,115,7018.95,4.76,52,2026-06-01,Singapore,Shopee,innisfree clay mask 2026,innisfree,16.1,41.34,55.62,13
IKEA Storage Box Plus,IKEA,Home & Living,ikea-seller-036,34.61,8.65,111,3841.81,4.12,123,2026-06-01,Vietnam,Shopee,ikea storage box plus,ikea,40.9225,58.269999999999996,92.35,14
Baseus USB-C Cable,Baseus,Accessories,baseus-seller-054,12.35,23.25,251,3100.24,4.5,68,2026-06-01,Indonesia,Lazada,baseus usb c cable,baseus,27.8625,33.620000000000005,48.815,16
Nestle Chocolate Drink,Nestle,Groceries,nestle-seller-028,19.06,0.0,229,4364.85,4.38,248,2026-06-01,Philippines,Lazada,nestle chocolate drink,nestle,9.469999999999999,18.91,27.225,15
Logitech Mechanical Keyboard Max,Logitech,Accessories,logitech-seller-009,30.35,25.63,203,6160.88,5.0,106,2026-06-01,Malaysia,Shopee,logitech mechanical keyboard max,logitech,31.5875,54.175,61.865,12
Xiaomi Bluetooth Speaker Pro,Xiaomi,Electronics,xiaomi-seller-055,22.84,13.26,102,2329.99,4.57,50,2026-06-01,Philippines,Lazada,xiaomi bluetooth speaker pro,xiaomi,112.31,203.53,247.99,18
LocknLock Water Bottle Plus,LocknLock,Home & Living,locknlock-seller-020,107.72,8.3,60,6463.42,4.26,24,2026-06-01,Singapore,Shopee,locknlock water bottle plus,locknlock,44.0475,62.41,106.82,16
Xiaomi Smart Band Pro,Xiaomi,Electronics,xiaomi-seller-021,76.67,6.57,38,2913.47,3.77,874,2026-06-01,Philippines,Lazada,xiaomi smart band pro,xiaomi,112.31,203.53,247.99,18
Kikkoman Soy Sauce Pro,Kikkoman,Groceries,kikkoman-seller-008,29.97,17.11,238,7132.87,4.61,86,2026-06-01,Thailand,Shopee,kikkoman soy sauce pro,kikkoman,19.3525,26.14,31.0125,18
Innisfree Clay Mask 2026,Innisfree,Beauty,innisfree-seller-037,14.73,21.63,251,3698.44,5.0,526,2026-06-01,Vietnam,Lazada,innisfree clay mask 2026,innisfree,20.79,32.31,42.192499999999995,14
Oishi Snack Mix Pro,Oishi,Groceries,oishi-seller-054,26.21,16.5,265,6946.71,4.89,59,2026-06-01,Thailand,Shopee,oishi snack mix pro,oishi,19.3525,26.14,31.0125,18
Philips Desk Fan Mini,Philips,Home & Living,philips-seller-020,78.99,26.38,95,7504.38,4.39,241,2026-06-01,Indonesia,Shopee,philips desk fan mini,philips,59.1825,86.66,100.125,10
Anker USB-C Hub Pro,Anker,Accessories,anker-seller-059,52.58,12.96,100,5258.03,4.82,279,2026-06-01,Indonesia,Lazada,anker usb c hub pro,anker,27.8625,33.620000000000005,48.815,16
Innisfree Cleanser Standard,Innisfree,Beauty,innisfree-seller-009,7.55,9.18,420,3170.57,4.57,94,2026-06-01,Singapore,Shopee,innisfree cleanser standard,innisfree,16.1,41.34,55.62,13
IKEA Desk Lamp Plus,IKEA,Home & Living,ikea-seller-003,15.25,13.44,180,2745.22,4.76,1079,2026-06-01,Vietnam,Shopee,ikea desk lamp plus,ikea,40.9225,58.269999999999996,92.35,14
Samsung SSD Pro,Samsung,Electronics,samsung-seller-011,410.96,8.81,21,8630.24,5.0,9,2026-06-01,Singapore,Lazada,samsung ssd pro,samsung,221.5825,330.62,426.51,12
Anker USB-C Hub 2026,Anker,Accessories,anker-seller-042,55.69,22.05,136,7573.59,4.45,79,2026-06-01,Indonesia,Shopee,anker usb c hub 2026,anker,35.8975,44.595,48.6625,8
Anker USB-C Hub Max,Anker,Accessories,anker-seller-046,73.94,7.49,112,8280.92,4.03,77,2026-06-01,Indonesia,Shopee,anker usb c hub max,anker,35.8975,44.595,48.6625,8
IKEA Storage Box Standard,IKEA,Home & Living,ikea-seller-044,152.36,13.33,56,8532.44,4.57,17,2026-06-01,Thailand,Shopee,ikea storage box standard,ikea,22.4125,58.07,98.2,12
Philips LED Bulb Plus,Philips,Home & Living,philips-seller-036,49.91,17.55,78,3892.68,4.05,299,2026-06-01,Indonesia,Lazada,philips led bulb plus,philips,44.355000000000004,66.42,95.805,19
Xiaomi Router Max,Xiaomi,Electronics,xiaomi-seller-025,361.14,1.7,22,7944.97,4.13,118,2026-06-01,Thailand,Shopee,xiaomi router max,xiaomi,130.51,335.13,400.98,21
L'Oreal Hair Serum Mini,L'Oreal,Beauty,l'oreal-seller-027,11.24,4.92,249,2798.01,4.51,77,2026-06-01,Thailand,Lazada,l oreal hair serum mini,l oreal,25.16,32.515,41.565000000000005,18
L'Oreal Face Wash,L'Oreal,Beauty,l'oreal-seller-057,9.78,9.6,271,2651.49,4.46,758,2026-06-01,Indonesia,Lazada,l oreal face wash,l oreal,11.55,12.44,33.65,5
Maybelline Lip Tint Plus,Maybelline,Beauty,maybelline-seller-001,18.39,21.48,239,4394.05,4.44,38,2026-06-01,Vietnam,Lazada,maybelline lip tint plus,maybelline,20.79,32.31,42.192499999999995,14
IKEA Kitchen Organizer Pro,IKEA,Home & Living,ikea-seller-045,113.81,19.85,57,6486.9,4.04,623,2026-06-01,Vietnam,Lazada,ikea kitchen organizer pro,ikea,71.56,86.3,120.19,19
IKEA Kitchen Organizer 2026,IKEA,Home & Living,ikea-seller-009,111.85,13.25,62,6934.8,5.0,525,2026-06-01,Thailand,Shopee,ikea kitchen organizer 2026,ikea,22.4125,58.07,98.2,12
Oishi Crackers Standard,Oishi,Groceries,oishi-seller-047,34.5,8.41,211,7278.93,4.56,762,2026-06-01,Philippines,Shopee,oishi crackers standard,oishi,11.52,17.95,33.2325,10
Oishi Snack Mix Standard,Oishi,Groceries,oishi-seller-037,9.05,1.4,334,3024.34,4.71,96,2026-06-01,Vietnam,Lazada,oishi snack mix standard,oishi,8.3,13.47,23.04,19
Baseus USB-C Cable Plus,Baseus,Accessories,baseus-seller-007,8.31,9.08,340,2824.53,4.29,347,2026-06-01,Vietnam,Shopee,baseus usb c cable plus,baseus,23.115000000000002,26.305,38.2975,16
Xiaomi Smart Band Max,Xiaomi,Electronics,xiaomi-seller-042,445.93,15.14,20,8918.55,4.63,518,2026-06-01,Malaysia,Shopee,xiaomi smart band max,xiaomi,170.58499999999998,301.84,418.6,15
Innisfree Moisturizer Max,Innisfree,Beauty,innisfree-seller-034,19.48,0.0,217,4226.1,4.52,24,2026-06-01,Vietnam,Lazada,innisfree moisturizer max,innisfree,20.79,32.31,42.192499999999995,14
Samsung SSD,Samsung,Electronics,samsung-seller-041,179.53,14.74,30,5386.03,4.95,128,2026-06-01,Philippines,Lazada,samsung ssd,samsung,112.31,203.53,247.99,18
JBL Bluetooth Speaker,JBL,Electronics,jbl-seller-043,35.51,0.0,87,3089.46,4.17,250,2026-06-01,Thailand,Shopee,jbl bluetooth speaker,jbl,130.51,335.13,400.98,21
JBL Earbuds Plus,JBL,Electronics,jbl-seller-004,384.99,6.8,21,8084.77,4.88,67,2026-06-01,Philippines,Shopee,jbl earbuds plus,jbl,159.5475,230.03,387.995,12
JBL Bluetooth Speaker Standard,JBL,Electronics,jbl-seller-051,458.47,21.81,11,5043.22,4.53,15,2026-06-01,Malaysia,Shopee,jbl bluetooth speaker standard,jbl,170.58499999999998,301.84,418.6,15
LocknLock Water Bottle Plus,LocknLock,Home & Living,locknlock-seller-008,72.08,22.12,69,4973.39,4.9,196,2026-06-01,Vietnam,Lazada,locknlock water bottle plus,locknlock,71.56,86.3,120.19,19
Innisfree Clay Mask Plus,Innisfree,Beauty,innisfree-seller-050,47.22,2.72,145,6846.92,4.31,24,2026-06-01,Malaysia,Shopee,innisfree clay mask plus,innisfree,26.44,36.06,47.22,17
IKEA Kitchen Organizer Plus,IKEA,Home & Living,ikea-seller-023,155.55,8.5,41,6377.7,4.3,149,2026-06-01,Vietnam,Lazada,ikea kitchen organizer plus,ikea,71.56,86.3,120.19,19
Xiaomi Router,Xiaomi,Electronics,xiaomi-seller-018,121.0,20.64,57,6896.8,4.58,73,2026-06-01,Malaysia,Shopee,xiaomi router,xiaomi,170.58499999999998,301.84,418.6,15
L'Oreal Hair Serum 2026,L'Oreal,Beauty,l'oreal-seller-029,44.1,13.44,139,6129.73,4.77,55,2026-06-01,Singapore,Lazada,l oreal hair serum 2026,l oreal,25.4825,34.504999999999995,44.245000000000005,12
Kikkoman Teriyaki Sauce Plus,Kikkoman,Groceries,kikkoman-seller-015,19.35,3.71,302,5844.02,5.0,26,2026-06-01,Thailand,Shopee,kikkoman teriyaki sauce plus,kikkoman,19.3525,26.14,31.0125,18
Anker Power Bank Pro,Anker,Accessories,anker-seller-034,41.14,0.0,139,5718.28,4.78,153,2026-06-01,Indonesia,Shopee,anker power bank pro,anker,35.8975,44.595,48.6625,8
Maybelline Lip Tint,Maybelline,Beauty,maybelline-seller-020,36.01,22.62,200,7201.61,4.12,219,2026-06-01,Malaysia,Shopee,maybelline lip tint,maybelline,26.44,36.06,47.22,17
Logitech Webcam Standard,Logitech,Accessories,logitech-seller-016,70.58,10.02,109,7693.66,4.07,135,2026-06-01,Philippines,Lazada,logitech webcam standard,logitech,24.622500000000002,33.35,53.59,16
Kikkoman Soy Sauce Max,Kikkoman,Groceries,kikkoman-seller-032,15.85,17.42,289,4580.85,4.45,74,2026-06-01,Malaysia,Lazada,kikkoman soy sauce max,kikkoman,12.25,18.32,24.49,9
Oishi Snack Mix,Oishi,Groceries,oishi-seller-045,17.6,0.0,294,5175.81,4.9,90,2026-06-01,Indonesia,Shopee,oishi snack mix,oishi,12.39,17.055,23.5925,12
LocknLock Water Bottle Plus,LocknLock,Home & Living,locknlock-seller-013,96.34,8.0,58,5587.85,4.4,90,2026-06-01,Indonesia,Lazada,locknlock water bottle plus,locknlock,44.355000000000004,66.42,95.805,19
Maybelline Foundation Pro,Maybelline,Beauty,maybelline-seller-045,13.47,13.35,316,4255.74,4.66,158,2026-06-01,Thailand,Shopee,maybelline foundation pro,maybelline,21.075,38.95,45.89,11
Samsung Tablet Mini,Samsung,Electronics,samsung-seller-037,220.17,0.0,36,7926.3,4.21,827,2026-06-01,Malaysia,Shopee,samsung tablet mini,samsung,170.58499999999998,301.84,418.6,15
JBL Headphones 2026,JBL,Electronics,jbl-seller-057,265.85,14.03,29,7709.76,4.36,20,2026-06-01,Malaysia,Shopee,jbl headphones 2026,jbl,170.58499999999998,301.84,418.6,15
Anker Charging Cable Plus,Anker,Accessories,anker-seller-049,61.55,21.96,102,6278.09,4.27,70,2026-06-01,Thailand,Lazada,anker charging cable plus,anker,32.91,48.63,64.04,13
Xiaomi Bluetooth Speaker Mini,Xiaomi,Electronics,xiaomi-seller-002,419.08,15.29,16,6705.31,4.77,22,2026-06-01,Thailand,Lazada,xiaomi bluetooth speaker mini,xiaomi,325.015,419.08,439.26,11
Baseus USB-C Cable 2026,Baseus,Accessories,baseus-seller-027,59.12,4.95,102,6030.6,4.94,279,2026-06-01,Philippines,Shopee,baseus usb c cable 2026,baseus,27.4,44.769999999999996,57.135,18
JBL Headphones Max,JBL,Electronics,jbl-seller-005,466.01,16.97,25,11650.35,4.24,1319,2026-06-01,Vietnam,Shopee,jbl headphones max,jbl,174.54500000000002,302.36,365.38,16
Oishi Crackers 2026,Oishi,Groceries,oishi-seller-014,22.4,23.24,243,5443.12,4.61,43,2026-06-01,Vietnam,Lazada,oishi crackers 2026,oishi,8.3,13.47,23.04,19
Anker USB-C Hub Mini,Anker,Accessories,anker-seller-027,8.27,8.34,327,2703.13,4.46,152,2026-06-01,Malaysia,Shopee,anker usb c hub mini,anker,31.5875,54.175,61.865,12
LocknLock Water Bottle Standard,LocknLock,Home & Living,locknlock-seller-022,85.12,10.79,53,4511.19,4.58,116,2026-06-01,Vietnam,Lazada,locknlock water bottle standard,locknlock,71.56,86.3,120.19,19
Anker Power Bank Mini,Anker,Accessories,anker-seller-048,8.8,11.98,318,2799.67,5.0,1359,2026-06-01,Thailand,Shopee,anker power bank mini,anker,15.7225,38.33,65.97250000000001,14
Anker Power Bank Pro,Anker,Accessories,anker-seller-035,16.68,20.59,273,4552.8,4.39,169,2026-06-01,Philippines,Shopee,anker power bank pro,anker,27.4,44.769999999999996,57.135,18
Xiaomi Bluetooth Speaker Pro,Xiaomi,Electronics,xiaomi-seller-007,395.17,17.98,27,10669.48,4.15,89,2026-06-01,Thailand,Shopee,xiaomi bluetooth speaker pro,xiaomi,130.51,335.13,400.98,21
LocknLock Water Bottle Plus,LocknLock,Home & Living,locknlock-seller-045,38.05,13.82,116,4413.49,4.1,49,2026-06-01,Vietnam,Shopee,locknlock water bottle plus,locknlock,40.9225,58.269999999999996,92.35,14
Samsung Tablet 2026,Samsung,Electronics,samsung-seller-002,425.51,4.36,20,8510.25,4.13,158,2026-06-01,Malaysia,Lazada,samsung tablet 2026,samsung,62.62,186.04,274.09,5
IKEA Kitchen Organizer Pro,IKEA,Home & Living,ikea-seller-013,133.48,17.17,53,7074.22,5.0,484,2026-06-01,Philippines,Shopee,ikea kitchen organizer pro,ikea,66.11500000000001,95.83,134.365,15
Kikkoman Soy Sauce Max,Kikkoman,Groceries,kikkoman-seller-012,19.36,9.65,282,5460.56,4.18,90,2026-06-01,Thailand,Shopee,kikkoman soy sauce max,kikkoman,19.3525,26.14,31.0125,18
Oishi Snack Mix Plus,Oishi,Groceries,oishi-seller-004,31.5,9.91,249,7844.5,4.88,116,2026-06-01,Thailand,Shopee,oishi snack mix plus,oishi,19.3525,26.14,31.0125,18
Kikkoman Soy Sauce Standard,Kikkoman,Groceries,kikkoman-seller-008,36.77,16.54,179,6581.01,3.97,211,2026-06-01,Philippines,Lazada,kikkoman soy sauce standard,kikkoman,9.469999999999999,18.91,27.225,15
Maybelline Foundation,Maybelline,Beauty,maybelline-seller-044,6.02,22.04,519,3123.3,4.87,107,2026-06-01,Philippines,Shopee,maybelline foundation,maybelline,13.15,19.785,27.4575,8
Logitech Mechanical Keyboard Plus,Logitech,Accessories,logitech-seller-001,26.4,6.67,183,4831.36,4.28,105,2026-06-01,Singapore,Shopee,logitech mechanical keyboard plus,logitech,33.685,60.15,77.1075,14
Baseus USB-C Cable Max,Baseus,Accessories,baseus-seller-054,54.01,0.0,96,5185.4,4.39,149,2026-06-01,Thailand,Lazada,baseus usb c cable max,baseus,32.91,48.63,64.04,13
Logitech Wireless Mouse Standard,Logitech,Accessories,logitech-seller-010,73.08,15.41,115,8404.71,4.97,346,2026-06-01,Singapore,Shopee,logitech wireless mouse standard,logitech,33.685,60.15,77.1075,14
Xiaomi Router,Xiaomi,Electronics,xiaomi-seller-011,183.13,9.05,16,2930.12,4.88,93,2026-06-01,Singapore,Shopee,xiaomi router,xiaomi,169.8025,198.085,425.855,8
Xiaomi Router Mini,Xiaomi,Electronics,xiaomi-seller-043,186.04,19.85,37,6883.43,4.14,59,2026-06-01,Malaysia,Lazada,xiaomi router mini,xiaomi,62.62,186.04,274.09,5
JBL Bluetooth Speaker Mini,JBL,Electronics,jbl-seller-054,209.04,14.17,38,7943.6,5.0,329,2026-06-01,Indonesia,Shopee,jbl bluetooth speaker mini,jbl,129.46,237.33,276.88,9
Innisfree Cleanser 2026,Innisfree,Beauty,innisfree-seller-060,23.9,12.35,169,4039.21,4.84,286,2026-06-01,Singapore,Lazada,innisfree cleanser 2026,innisfree,25.4825,34.504999999999995,44.245000000000005,12
Nestle Cereal Plus,Nestle,Groceries,nestle-seller-050,3.98,11.75,608,2420.93,4.6,48,2026-06-01,Philippines,Shopee,nestle cereal plus,nestle,11.52,17.95,33.2325,10
Baseus USB-C Cable,Baseus,Accessories,baseus-seller-045,28.88,13.94,161,4649.34,4.58,246,2026-06-01,Indonesia,Lazada,baseus usb c cable,baseus,27.8625,33.620000000000005,48.815,16
Kikkoman Soy Sauce Mini,Kikkoman,Groceries,kikkoman-seller-031,6.49,14.08,526,3412.54,5.0,14,2026-06-01,Thailand,Shopee,kikkoman soy sauce mini,kikkoman,19.3525,26.14,31.0125,18
Baseus USB-C Cable Mini,Baseus,Accessories,baseus-seller-057,11.08,18.87,313,3466.74,4.64,230,2026-06-01,Singapore,Shopee,baseus usb c cable mini,baseus,33.685,60.15,77.1075,14
Oishi Crackers,Oishi,Groceries,oishi-seller-039,23.84,8.36,284,6771.5,5.0,128,2026-06-01,Thailand,Shopee,oishi crackers,oishi,19.3525,26.14,31.0125,18
Kikkoman Soy Sauce Pro,Kikkoman,Groceries,kikkoman-seller-034,16.51,14.65,324,5348.52,4.56,91,2026-06-01,Indonesia,Shopee,kikkoman soy sauce pro,kikkoman,12.39,17.055,23.5925,12
Innisfree Moisturizer Mini,Innisfree,Beauty,innisfree-seller-009,32.05,0.0,172,5513.2,4.26,434,2026-06-01,Indonesia,Shopee,innisfree moisturizer mini,innisfree,21.189999999999998,31.74,37.8225,18
JBL Bluetooth Speaker 2026,JBL,Electronics,jbl-seller-052,409.21,15.12,21,8593.46,4.72,154,2026-06-01,Thailand,Shopee,jbl bluetooth speaker 2026,jbl,130.51,335.13,400.98,21
IKEA Kitchen Organizer Plus,IKEA,Home & Living,ikea-seller-005,14.26,0.0,183,2609.14,5.0,39,2026-06-01,Thailand,Shopee,ikea kitchen organizer plus,ikea,22.4125,58.07,98.2,12
Innisfree Clay Mask Max,Innisfree,Beauty,innisfree-seller-018,47.98,11.05,147,7053.4,5.0,45,2026-06-01,Singapore,Shopee,innisfree clay mask max,innisfree,16.1,41.34,55.62,13
Logitech Wireless Mouse,Logitech,Accessories,logitech-seller-043,32.0,5.22,161,5152.28,4.59,4679,2026-06-01,Malaysia,Shopee,logitech wireless mouse,logitech,31.5875,54.175,61.865,12
Logitech Mechanical Keyboard 2026,Logitech,Accessories,logitech-seller-049,27.58,28.94,224,6178.68,4.9,81,2026-06-01,Philippines,Shopee,logitech mechanical keyboard 2026,logitech,27.4,44.769999999999996,57.135,18
Baseus USB-C Cable Plus,Baseus,Accessories,baseus-seller-052,69.81,18.57,138,9634.08,4.97,49,2026-06-01,Philippines,Shopee,baseus usb c cable plus,baseus,27.4,44.769999999999996,57.135,18
Philips Air Fryer Standard,Philips,Home & Living,philips-seller-051,157.87,12.75,38,5998.96,4.32,149,2026-06-01,Vietnam,Lazada,philips air fryer standard,philips,71.56,86.3,120.19,19
Nestle Cereal Plus,Nestle,Groceries,nestle-seller-044,15.66,13.5,342,5355.57,4.88,190,2026-06-01,Philippines,Shopee,nestle cereal plus,nestle,11.52,17.95,33.2325,10
Innisfree Clay Mask Standard,Innisfree,Beauty,innisfree-seller-035,42.87,27.75,157,6730.89,4.32,20,2026-06-01,Vietnam,Lazada,innisfree clay mask standard,innisfree,20.79,32.31,42.192499999999995,14
Innisfree Cleanser,Innisfree,Beauty,innisfree-seller-005,9.88,0.0,298,2945.18,4.88,836,2026-06-01,Thailand,Lazada,innisfree cleanser,innisfree,25.16,32.515,41.565000000000005,18
Maybelline Lip Tint,Maybelline,Beauty,maybelline-seller-003,33.04,0.34,175,5781.59,4.85,269,2026-06-01,Thailand,Shopee,maybelline lip tint,maybelline,21.075,38.95,45.89,11
Xiaomi Router Plus,Xiaomi,Electronics,xiaomi-seller-030,50.12,3.85,59,2956.8,4.75,2012,2026-06-01,Malaysia,Lazada,xiaomi router plus,xiaomi,62.62,186.04,274.09,5
IKEA Desk Lamp Max,IKEA,Home & Living,ikea-seller-017,49.54,15.14,86,4260.74,4.2,154,2026-06-01,Vietnam,Shopee,ikea desk lamp max,ikea,40.9225,58.269999999999996,92.35,14
Maybelline Foundation Standard,Maybelline,Beauty,maybelline-seller-024,45.09,0.0,138,6222.26,4.29,24,2026-06-01,Thailand,Lazada,maybelline foundation standard,maybelline,25.16,32.515,41.565000000000005,18
IKEA Storage Box Plus,IKEA,Home & Living,ikea-seller-037,82.51,7.19,57,4703.22,4.38,600,2026-06-01,Philippines,Lazada,ikea storage box plus,ikea,37.525000000000006,55.78,86.005,19
Xiaomi Bluetooth Speaker Mini,Xiaomi,Electronics,xiaomi-seller-015,447.32,24.47,23,10288.33,4.75,242,2026-06-01,Vietnam,Shopee,xiaomi bluetooth speaker mini,xiaomi,174.54500000000002,302.36,365.38,16
Anker Charging Cable,Anker,Accessories,anker-seller-011,50.89,13.23,110,5598.07,4.14,73,2026-06-01,Malaysia,Lazada,anker charging cable,anker,35.487500000000004,48.595,59.79,14
Baseus Phone Holder Standard,Baseus,Accessories,baseus-seller-041,41.94,18.4,147,6165.3,4.47,195,2026-06-01,Indonesia,Lazada,baseus phone holder standard,baseus,27.8625,33.620000000000005,48.815,16
Xiaomi Smart Band Plus,Xiaomi,Electronics,xiaomi-seller-039,49.18,13.11,90,4425.75,4.6,58,2026-06-01,Singapore,Shopee,xiaomi smart band plus,xiaomi,169.8025,198.085,425.855,8
LocknLock Water Bottle,LocknLock,Home & Living,locknlock-seller-040,84.08,9.2,67,5633.26,4.37,177,2026-06-01,Indonesia,Lazada,locknlock water bottle,locknlock,44.355000000000004,66.42,95.805,19
Oishi Green Tea Pro,Oishi,Groceries,oishi-seller-052,10.14,12.61,458,4642.7,4.86,79,2026-06-01,Philippines,Shopee,oishi green tea pro,oishi,11.52,17.95,33.2325,10
JBL Headphones Standard,JBL,Electronics,jbl-seller-057,217.29,6.62,43,9343.46,4.53,48,2026-06-01,Vietnam,Shopee,jbl headphones standard,jbl,174.54500000000002,302.36,365.38,16
Maybelline Lip Tint Pro,Maybelline,Beauty,maybelline-seller-055,38.41,11.6,160,6145.31,4.86,100,2026-06-01,Indonesia,Shopee,maybelline lip tint pro,maybelline,21.189999999999998,31.74,37.8225,18
LocknLock Food Container 2026,LocknLock,Home & Living,locknlock-seller-034,95.83,6.98,68,6516.68,4.56,77,2026-06-01,Philippines,Shopee,locknlock food container 2026,locknlock,66.11500000000001,95.83,134.365,15
Kikkoman Soy Sauce Plus,Kikkoman,Groceries,kikkoman-seller-018,36.83,12.55,203,7475.76,4.22,439,2026-06-01,Thailand,Lazada,kikkoman soy sauce plus,kikkoman,13.52,24.71,29.355,11
Logitech Webcam Plus,Logitech,Accessories,logitech-seller-040,35.45,25.23,196,6947.25,4.67,72,2026-06-01,Thailand,Shopee,logitech webcam plus,logitech,15.7225,38.33,65.97250000000001,14
Kikkoman Teriyaki Sauce Plus,Kikkoman,Groceries,kikkoman-seller-020,8.77,5.3,353,3096.39,4.51,76,2026-06-01,Philippines,Lazada,kikkoman teriyaki sauce plus,kikkoman,9.469999999999999,18.91,27.225,15
Nestle Chocolate Drink 2026,Nestle,Groceries,nestle-seller-024,35.64,23.02,239,8519.08,4.81,265,2026-06-01,Thailand,Shopee,nestle chocolate drink 2026,nestle,19.3525,26.14,31.0125,18
Oishi Snack Mix,Oishi,Groceries,oishi-seller-017,18.91,0.0,219,4140.72,4.96,443,2026-06-01,Philippines,Lazada,oishi snack mix,oishi,9.469999999999999,18.91,27.225,15
Anker Charging Cable Max,Anker,Accessories,anker-seller-025,76.84,3.86,77,5917.04,4.42,137,2026-06-01,Vietnam,Lazada,anker charging cable max,anker,25.2775,41.18,61.199999999999996,12
Innisfree Clay Mask 2026,Innisfree,Beauty,innisfree-seller-026,35.58,6.83,148,5265.42,4.06,239,2026-06-01,Thailand,Lazada,innisfree clay mask 2026,innisfree,25.16,32.515,41.565000000000005,18
Maybelline Lip Tint 2026,Maybelline,Beauty,maybelline-seller-019,32.48,2.62,153,4968.93,4.09,920,2026-06-01,Thailand,Lazada,maybelline lip tint 2026,maybelline,25.16,32.515,41.565000000000005,18
Anker Charging Cable Pro,Anker,Accessories,anker-seller-027,16.06,17.79,249,3999.88,4.51,13,2026-06-01,Thailand,Shopee,anker charging cable pro,anker,15.7225,38.33,65.97250000000001,14
Philips Desk Fan Mini,Philips,Home & Living,philips-seller-059,101.06,15.54,58,5861.43,4.8,358,2026-06-01,Malaysia,Lazada,philips desk fan mini,philips,80.775,96.74,115.86,11
Anker USB-C Hub Mini,Anker,Accessories,anker-seller-045,24.92,3.98,187,4659.65,4.55,340,2026-06-01,Vietnam,Shopee,anker usb c hub mini,anker,23.115000000000002,26.305,38.2975,16
Innisfree Cleanser 2026,Innisfree,Beauty,innisfree-seller-030,11.68,5.47,298,3481.87,4.25,118,2026-06-01,Indonesia,Shopee,innisfree cleanser 2026,innisfree,21.189999999999998,31.74,37.8225,18
L'Oreal Hair Serum Max,L'Oreal,Beauty,l'oreal-seller-041,28.58,6.2,206,5887.94,4.97,38,2026-06-01,Indonesia,Shopee,l oreal hair serum max,l oreal,21.189999999999998,31.74,37.8225,18
Oishi Green Tea 2026,Oishi,Groceries,oishi-seller-049,3.83,31.41,630,2413.87,4.19,50,2026-06-01,Vietnam,Lazada,oishi green tea 2026,oishi,8.3,13.47,23.04,19
LocknLock Lunch Box Pro,LocknLock,Home & Living,locknlock-seller-057,12.17,14.02,207,2519.4,4.67,45,2026-06-01,Malaysia,Shopee,locknlock lunch box pro,locknlock,64.2325,103.155,148.29500000000002,14
Samsung SSD,Samsung,Electronics,samsung-seller-010,173.68,29.15,47,8162.75,4.51,216,2026-06-01,Philippines,Shopee,samsung ssd,samsung,159.5475,230.03,387.995,12
Baseus Phone Holder Plus,Baseus,Accessories,baseus-seller-034,37.38,16.77,172,6428.93,3.93,112,2026-06-01,Vietnam,Shopee,baseus phone holder plus,baseus,23.115000000000002,26.305,38.2975,16
IKEA Kitchen Organizer 2026,IKEA,Home & Living,ikea-seller-016,59.91,11.25,94,5631.83,4.81,63,2026-06-01,Singapore,Shopee,ikea kitchen organizer 2026,ikea,44.0475,62.41,106.82,16
Nestle Coffee 2026,Nestle,Groceries,nestle-seller-026,9.66,16.57,447,4318.65,4.98,33,2026-06-01,Indonesia,Shopee,nestle coffee 2026,nestle,12.39,17.055,23.5925,12
Oishi Snack Mix,Oishi,Groceries,oishi-seller-003,33.9,5.35,192,6508.14,4.68,40,2026-06-01,Philippines,Lazada,oishi snack mix,oishi,9.469999999999999,18.91,27.225,15
Baseus Phone Holder Plus,Baseus,Accessories,baseus-seller-049,58.94,13.85,128,7544.46,4.71,195,2026-06-01,Philippines,Shopee,baseus phone holder plus,baseus,27.4,44.769999999999996,57.135,18
Anker Power Bank,Anker,Accessories,anker-seller-027,15.27,9.72,192,2931.88,4.28,152,2026-06-01,Malaysia,Lazada,anker power bank,anker,35.487500000000004,48.595,59.79,14
Logitech Wireless Mouse,Logitech,Accessories,logitech-seller-002,45.34,16.45,147,6665.23,4.51,66,2026-06-01,Indonesia,Shopee,logitech wireless mouse,logitech,35.8975,44.595,48.6625,8
Innisfree Clay Mask Mini,Innisfree,Beauty,innisfree-seller-009,46.6,24.29,192,8947.91,4.51,340,2026-06-01,Vietnam,Shopee,innisfree clay mask mini,innisfree,23.4,29.675,42.49,6
Kikkoman Teriyaki Sauce Pro,Kikkoman,Groceries,kikkoman-seller-031,26.54,3.95,225,5971.59,4.18,327,2026-06-01,Indonesia,Shopee,kikkoman teriyaki sauce pro,kikkoman,12.39,17.055,23.5925,12
Maybelline Foundation,Maybelline,Beauty,maybelline-seller-039,40.04,17.81,129,5165.34,4.61,685,2026-06-01,Philippines,Lazada,maybelline foundation,maybelline,23.6,35.21,46.78,13
Baseus Phone Holder 2026,Baseus,Accessories,baseus-seller-026,43.05,6.55,111,4778.3,5.0,90,2026-06-01,Vietnam,Lazada,baseus phone holder 2026,baseus,25.2775,41.18,61.199999999999996,12
Oishi Green Tea Pro,Oishi,Groceries,oishi-seller-039,29.33,1.15,193,5660.35,4.64,554,2026-06-01,Malaysia,Lazada,oishi green tea pro,oishi,12.25,18.32,24.49,9
Philips Desk Fan Pro,Philips,Home & Living,philips-seller-007,100.52,14.27,67,6734.62,4.22,297,2026-06-01,Vietnam,Shopee,philips desk fan pro,philips,40.9225,58.269999999999996,92.35,14
Oishi Snack Mix Mini,Oishi,Groceries,oishi-seller-031,22.83,4.34,231,5274.62,5.0,122,2026-06-01,Indonesia,Lazada,oishi snack mix mini,oishi,11.45,22.83,25.98,11
IKEA Storage Box 2026,IKEA,Home & Living,ikea-seller-011,62.37,11.43,93,5800.56,4.08,24,2026-06-01,Malaysia,Shopee,ikea storage box 2026,ikea,64.2325,103.155,148.29500000000002,14
Kikkoman Soy Sauce Standard,Kikkoman,Groceries,kikkoman-seller-016,33.81,19.78,250,8453.39,4.37,181,2026-06-01,Philippines,Shopee,kikkoman soy sauce standard,kikkoman,11.52,17.95,33.2325,10
Innisfree Moisturizer Standard,Innisfree,Beauty,innisfree-seller-006,31.89,4.85,166,5294.02,4.52,86,2026-06-01,Singapore,Lazada,innisfree moisturizer standard,innisfree,25.4825,34.504999999999995,44.245000000000005,12
L'Oreal Face Wash Mini,L'Oreal,Beauty,l'oreal-seller-027,34.7,1.08,154,5343.27,4.59,365,2026-06-01,Malaysia,Shopee,l oreal face wash mini,l oreal,26.44,36.06,47.22,17
Maybelline Mascara,Maybelline,Beauty,maybelline-seller-051,7.6,0.0,361,2742.88,4.43,136,2026-06-01,Philippines,Shopee,maybelline mascara,maybelline,13.15,19.785,27.4575,8
JBL Earbuds Plus,JBL,Electronics,jbl-seller-051,331.98,6.32,25,8299.52,4.25,41,2026-06-01,Malaysia,Shopee,jbl earbuds plus,jbl,170.58499999999998,301.84,418.6,15
Philips LED Bulb Standard,Philips,Home & Living,philips-seller-048,53.26,0.72,95,5059.72,4.75,424,2026-06-01,Philippines,Shopee,philips led bulb standard,philips,66.11500000000001,95.83,134.365,15
Logitech Wireless Mouse,Logitech,Accessories,logitech-seller-004,32.91,14.88,131,4310.62,4.79,397,2026-06-01,Thailand,Lazada,logitech wireless mouse,logitech,32.91,48.63,64.04,13
Innisfree Moisturizer Mini,Innisfree,Beauty,innisfree-seller-006,25.81,15.9,241,6221.18,4.6,51,2026-06-01,Indonesia,Shopee,innisfree moisturizer mini,innisfree,21.189999999999998,31.74,37.8225,18
Kikkoman Teriyaki Sauce Standard,Kikkoman,Groceries,kikkoman-seller-021,7.55,12.66,417,3147.36,4.29,17,2026-06-01,Vietnam,Lazada,kikkoman teriyaki sauce standard,kikkoman,8.3,13.47,23.04,19
Logitech Wireless Mouse Pro,Logitech,Accessories,logitech-seller-058,68.91,10.71,112,7717.73,4.65,73,2026-06-01,Philippines,Shopee,logitech wireless mouse pro,logitech,27.4,44.769999999999996,57.135,18
Anker Power Bank Mini,Anker,Accessories,anker-seller-012,37.85,26.93,148,5602.38,4.29,127,2026-06-01,Malaysia,Lazada,anker power bank mini,anker,35.487500000000004,48.595,59.79,14
Samsung Monitor Plus,Samsung,Electronics,samsung-seller-049,183.4,20.48,55,10086.95,4.21,1347,2026-06-01,Singapore,Shopee,samsung monitor plus,samsung,169.8025,198.085,425.855,8
IKEA Kitchen Organizer,IKEA,Home & Living,ikea-seller-017,100.35,5.21,61,6121.26,4.45,721,2026-06-01,Indonesia,Shopee,ikea kitchen organizer,ikea,59.1825,86.66,100.125,10
Logitech Mechanical Keyboard Mini,Logitech,Accessories,logitech-seller-001,57.13,7.85,117,6683.87,4.59,275,2026-06-01,Malaysia,Shopee,logitech mechanical keyboard mini,logitech,31.5875,54.175,61.865,12
Nestle Cereal 2026,Nestle,Groceries,nestle-seller-031,17.48,6.75,218,3811.4,4.91,103,2026-06-01,Indonesia,Lazada,nestle cereal 2026,nestle,11.45,22.83,25.98,11
Xiaomi Smart Band 2026,Xiaomi,Electronics,xiaomi-seller-042,418.78,4.84,19,7956.81,4.72,30,2026-06-01,Philippines,Shopee,xiaomi smart band 2026,xiaomi,159.5475,230.03,387.995,12
Logitech Webcam Pro,Logitech,Accessories,logitech-seller-029,55.43,21.3,139,7704.59,4.55,2276,2026-06-01,Malaysia,Shopee,logitech webcam pro,logitech,31.5875,54.175,61.865,12
IKEA Kitchen Organizer Pro,IKEA,Home & Living,ikea-seller-037,123.51,26.19,63,7781.02,4.4,81,2026-06-01,Philippines,Shopee,ikea kitchen organizer pro,ikea,66.11500000000001,95.83,134.365,15
Innisfree Cleanser 2026,Innisfree,Beauty,innisfree-seller-060,36.06,14.75,183,6598.41,4.46,794,2026-06-01,Indonesia,Shopee,innisfree cleanser 2026,innisfree,21.189999999999998,31.74,37.8225,18
Maybelline Mascara Plus,Maybelline,Beauty,maybelline-seller-049,32.21,2.73,141,4542.1,4.56,12,2026-06-01,Vietnam,Lazada,maybelline mascara plus,maybelline,20.79,32.31,42.192499999999995,14
Philips Air Fryer,Philips,Home & Living,philips-seller-050,64.66,23.95,76,4913.85,4.15,308,2026-06-01,Indonesia,Lazada,philips air fryer,philips,44.355000000000004,66.42,95.805,19
Philips Desk Fan,Philips,Home & Living,philips-seller-039,24.34,11.16,127,3090.91,4.67,58,2026-06-01,Philippines,Lazada,philips desk fan,philips,37.525000000000006,55.78,86.005,19
Baseus Laptop Stand 2026,Baseus,Accessories,baseus-seller-035,13.89,9.84,227,3154.11,4.83,119,2026-06-01,Philippines,Lazada,baseus laptop stand 2026,baseus,24.622500000000002,33.35,53.59,16
IKEA Desk Lamp Pro,IKEA,Home & Living,ikea-seller-037,90.72,20.04,59,5352.74,4.63,111,2026-06-01,Malaysia,Lazada,ikea desk lamp pro,ikea,80.775,96.74,115.86,11
Baseus Laptop Stand Mini,Baseus,Accessories,baseus-seller-040,17.32,24.43,221,3826.88,4.86,48,2026-06-01,Vietnam,Lazada,baseus laptop stand mini,baseus,25.2775,41.18,61.199999999999996,12
Oishi Green Tea,Oishi,Groceries,oishi-seller-050,26.07,3.22,229,5970.17,4.41,145,2026-06-01,Thailand,Shopee,oishi green tea,oishi,19.3525,26.14,31.0125,18
Nestle Cereal Mini,Nestle,Groceries,nestle-seller-036,5.74,3.48,416,2388.1,4.81,276,2026-06-01,Thailand,Lazada,nestle cereal mini,nestle,13.52,24.71,29.355,11
Philips LED Bulb Mini,Philips,Home & Living,philips-seller-031,64.39,9.31,79,5086.45,4.49,842,2026-06-01,Vietnam,Lazada,philips led bulb mini,philips,71.56,86.3,120.19,19
Anker Charging Cable Standard,Anker,Accessories,anker-seller-042,16.78,16.27,228,3826.14,5.0,9,2026-06-01,Thailand,Lazada,anker charging cable standard,anker,32.91,48.63,64.04,13
Nestle Chocolate Drink Max,Nestle,Groceries,nestle-seller-015,8.02,9.05,453,3633.18,5.0,55,2026-06-01,Singapore,Shopee,nestle chocolate drink max,nestle,8.4425,14.235,24.1375,12
Maybelline Lip Tint Mini,Maybelline,Beauty,maybelline-seller-059,50.78,10.25,162,8226.07,3.56,39,2026-06-01,Indonesia,Shopee,maybelline lip tint mini,maybelline,21.189999999999998,31.74,37.8225,18
IKEA Kitchen Organizer Mini,IKEA,Home & Living,ikea-seller-049,156.07,14.91,43,6710.98,4.55,189,2026-06-01,Malaysia,Shopee,ikea kitchen organizer mini,ikea,64.2325,103.155,148.29500000000002,14
Anker Charging Cable Max,Anker,Accessories,anker-seller-008,27.93,16.33,158,4412.96,3.65,16,2026-06-01,Vietnam,Lazada,anker charging cable max,anker,25.2775,41.18,61.199999999999996,12
L'Oreal Face Wash,L'Oreal,Beauty,l'oreal-seller-055,5.75,27.84,417,2397.94,4.75,280,2026-06-01,Thailand,Lazada,l oreal face wash,l oreal,25.16,32.515,41.565000000000005,18
LocknLock Lunch Box Max,LocknLock,Home & Living,locknlock-seller-010,119.07,15.15,48,5715.24,4.31,83,2026-06-01,Thailand,Lazada,locknlock lunch box max,locknlock,36.3525,48.61,55.9375,18
Baseus Laptop Stand Mini,Baseus,Accessories,baseus-seller-025,41.5,18.99,145,6017.7,4.5,80,2026-06-01,Singapore,Lazada,baseus laptop stand mini,baseus,31.630000000000003,74.88499999999999,94.3075,12
Logitech Wireless Mouse Mini,Logitech,Accessories,logitech-seller-031,69.07,12.23,94,6492.87,4.76,47,2026-06-01,Malaysia,Lazada,logitech wireless mouse mini,logitech,35.487500000000004,48.595,59.79,14
Oishi Crackers Pro,Oishi,Groceries,oishi-seller-037,33.51,23.21,254,8512.6,4.83,9,2026-06-01,Singapore,Shopee,oishi crackers pro,oishi,8.4425,14.235,24.1375,12
L'Oreal Hair Serum Plus,L'Oreal,Beauty,l'oreal-seller-035,23.64,1.34,231,5460.88,4.41,41,2026-06-01,Malaysia,Shopee,l oreal hair serum plus,l oreal,26.44,36.06,47.22,17
LocknLock Lunch Box Pro,LocknLock,Home & Living,locknlock-seller-041,80.44,6.63,68,5469.97,4.17,191,2026-06-01,Thailand,Shopee,locknlock lunch box pro,locknlock,22.4125,58.07,98.2,12
Nestle Coffee Standard,Nestle,Groceries,nestle-seller-001,6.1,23.54,585,3569.6,4.04,577,2026-06-01,Vietnam,Shopee,nestle coffee standard,nestle,5.9025,12.245000000000001,26.2275,16
LocknLock Food Container Standard,LocknLock,Home & Living,locknlock-seller-004,51.3,15.32,69,3539.67,4.91,224,2026-06-01,Philippines,Lazada,locknlock food container standard,locknlock,37.525000000000006,55.78,86.005,19
IKEA Desk Lamp Standard,IKEA,Home & Living,ikea-seller-043,93.85,13.05,51,4786.43,4.8,165,2026-06-01,Vietnam,Lazada,ikea desk lamp standard,ikea,71.56,86.3,120.19,19
Logitech Wireless Mouse Plus,Logitech,Accessories,logitech-seller-034,11.14,18.04,273,3041.96,4.14,82,2026-06-01,Thailand,Lazada,logitech wireless mouse plus,logitech,32.91,48.63,64.04,13
Anker Power Bank Mini,Anker,Accessories,anker-seller-005,36.15,10.26,149,5386.09,4.32,108,2026-06-01,Vietnam,Lazada,anker power bank mini,anker,25.2775,41.18,61.199999999999996,12
Anker Charging Cable,Anker,Accessories,anker-seller-012,32.5,11.07,156,5070.21,4.76,33,2026-06-01,Philippines,Lazada,anker charging cable,anker,24.622500000000002,33.35,53.59,16
LocknLock Lunch Box Plus,LocknLock,Home & Living,locknlock-seller-041,155.68,4.07,44,6849.78,5.0,47,2026-06-01,Philippines,Shopee,locknlock lunch box plus,locknlock,66.11500000000001,95.83,134.365,15
L'Oreal Face Wash Pro,L'Oreal,Beauty,l'oreal-seller-018,52.83,2.84,153,8083.08,4.38,285,2026-06-01,Thailand,Shopee,l oreal face wash pro,l oreal,21.075,38.95,45.89,11
JBL Headphones Pro,JBL,Electronics,jbl-seller-026,163.54,22.17,31,5069.68,5.0,54,2026-06-01,Vietnam,Lazada,jbl headphones pro,jbl,159.38,220.85,322.325,19
Xiaomi Router Plus,Xiaomi,Electronics,xiaomi-seller-049,382.64,23.23,26,9948.63,5.0,202,2026-06-01,Thailand,Shopee,xiaomi router plus,xiaomi,130.51,335.13,400.98,21
IKEA Storage Box Standard,IKEA,Home & Living,ikea-seller-036,200.38,3.3,52,10419.94,4.67,345,2026-06-01,Singapore,Shopee,ikea storage box standard,ikea,44.0475,62.41,106.82,16
JBL Bluetooth Speaker 2026,JBL,Electronics,jbl-seller-037,137.03,20.52,42,5755.29,4.28,256,2026-06-01,Vietnam,Lazada,jbl bluetooth speaker 2026,jbl,159.38,220.85,322.325,19
L'Oreal Hair Serum Mini,L'Oreal,Beauty,l'oreal-seller-044,20.86,11.57,258,5381.78,4.03,193,2026-06-01,Philippines,Shopee,l oreal hair serum mini,l oreal,13.15,19.785,27.4575,8
Logitech Wireless Mouse 2026,Logitech,Accessories,logitech-seller-030,29.85,9.38,153,4566.77,4.32,122,2026-06-01,Indonesia,Lazada,logitech wireless mouse 2026,logitech,27.8625,33.620000000000005,48.815,16
Nestle Cereal Max,Nestle,Groceries,nestle-seller-060,28.3,8.29,212,5999.98,4.79,158,2026-06-01,Thailand,Shopee,nestle cereal max,nestle,19.3525,26.14,31.0125,18
Innisfree Clay Mask Plus,Innisfree,Beauty,innisfree-seller-035,43.7,12.53,169,7384.86,4.52,20,2026-06-01,Thailand,Shopee,innisfree clay mask plus,innisfree,21.075,38.95,45.89,11
Logitech Wireless Mouse Max,Logitech,Accessories,logitech-seller-007,39.31,0.0,126,4952.53,4.82,117,2026-06-01,Vietnam,Lazada,logitech wireless mouse max,logitech,25.2775,41.18,61.199999999999996,12
Anker USB-C Hub 2026,Anker,Accessories,anker-seller-049,5.72,8.36,393,2249.47,4.72,79,2026-06-01,Vietnam,Shopee,anker usb c hub 2026,anker,23.115000000000002,26.305,38.2975,16
Philips Air Fryer 2026,Philips,Home & Living,philips-seller-030,54.96,11.9,86,4726.62,4.74,378,2026-06-01,Singapore,Shopee,philips air fryer 2026,philips,44.0475,62.41,106.82,16
Xiaomi Smart Band 2026,Xiaomi,Electronics,xiaomi-seller-029,256.31,17.25,28,7176.55,5.0,352,2026-06-01,Singapore,Lazada,xiaomi smart band 2026,xiaomi,221.5825,330.62,426.51,12
Innisfree Cleanser Standard,Innisfree,Beauty,innisfree-seller-047,24.72,20.07,197,4869.19,4.29,94,2026-06-01,Vietnam,Lazada,innisfree cleanser standard,innisfree,20.79,32.31,42.192499999999995,14
Logitech Mechanical Keyboard Pro,Logitech,Accessories,logitech-seller-033,32.24,13.73,112,3610.78,4.89,103,2026-06-01,Thailand,Lazada,logitech mechanical keyboard pro,logitech,32.91,48.63,64.04,13
JBL Earbuds Standard,JBL,Electronics,jbl-seller-016,174.94,8.61,41,7172.54,4.61,115,2026-06-01,Vietnam,Shopee,jbl earbuds standard,jbl,174.54500000000002,302.36,365.38,16
L'Oreal Hair Serum Plus,L'Oreal,Beauty,l'oreal-seller-035,16.82,15.21,288,4844.94,4.72,36,2026-06-01,Singapore,Shopee,l oreal hair serum plus,l oreal,16.1,41.34,55.62,13
Samsung Monitor Max,Samsung,Electronics,samsung-seller-033,375.85,22.59,18,6765.34,4.49,202,2026-06-01,Vietnam,Shopee,samsung monitor max,samsung,174.54500000000002,302.36,365.38,16
Logitech Wireless Mouse Max,Logitech,Accessories,logitech-seller-006,12.43,0.0,235,2921.34,4.63,152,2026-06-01,Thailand,Shopee,logitech wireless mouse max,logitech,15.7225,38.33,65.97250000000001,14
Baseus USB-C Cable Pro,Baseus,Accessories,baseus-seller-034,21.89,17.66,225,4924.72,3.98,129,2026-06-01,Singapore,Shopee,baseus usb c cable pro,baseus,33.685,60.15,77.1075,14
Philips Air Fryer Max,Philips,Home & Living,philips-seller-054,37.49,0.0,84,3148.75,4.74,218,2026-06-01,Singapore,Shopee,philips air fryer max,philips,44.0475,62.41,106.82,16
Nestle Coffee,Nestle,Groceries,nestle-seller-053,29.72,14.51,193,5735.62,4.1,38,2026-06-01,Singapore,Lazada,nestle coffee,nestle,9.92,17.23,26.82,11
Baseus USB-C Cable Mini,Baseus,Accessories,baseus-seller-044,43.85,17.15,128,5612.67,3.92,45,2026-06-01,Indonesia,Shopee,baseus usb c cable mini,baseus,35.8975,44.595,48.6625,8
Anker USB-C Hub Mini,Anker,Accessories,anker-seller-049,34.7,16.78,134,4649.9,4.35,410,2026-06-01,Malaysia,Lazada,anker usb c hub mini,anker,35.487500000000004,48.595,59.79,14
Samsung SSD Plus,Samsung,Electronics,samsung-seller-031,100.56,20.24,52,5229.23,4.19,16,2026-06-01,Philippines,Lazada,samsung ssd plus,samsung,112.31,203.53,247.99,18
JBL Bluetooth Speaker Plus,JBL,Electronics,jbl-seller-034,178.55,13.62,25,4463.67,4.83,386,2026-06-01,Philippines,Shopee,jbl bluetooth speaker plus,jbl,159.5475,230.03,387.995,12
L'Oreal Hair Serum Mini,L'Oreal,Beauty,l'oreal-seller-010,27.45,0.0,207,5683.16,4.5,67,2026-06-01,Thailand,Shopee,l oreal hair serum mini,l oreal,21.075,38.95,45.89,11
Oishi Crackers Pro,Oishi,Groceries,oishi-seller-021,18.59,17.8,324,6024.25,4.86,153,2026-06-01,Vietnam,Shopee,oishi crackers pro,oishi,5.9025,12.245000000000001,26.2275,16
Anker Power Bank,Anker,Accessories,anker-seller-043,51.41,12.59,132,6786.25,4.41,70,2026-06-01,Philippines,Shopee,anker power bank,anker,27.4,44.769999999999996,57.135,18
Maybelline Foundation Standard,Maybelline,Beauty,maybelline-seller-044,54.89,14.25,149,8179.34,4.24,159,2026-06-01,Malaysia,Shopee,maybelline foundation standard,maybelline,26.44,36.06,47.22,17
IKEA Kitchen Organizer Standard,IKEA,Home & Living,ikea-seller-034,37.81,6.86,80,3024.74,4.0,50,2026-06-01,Malaysia,Lazada,ikea kitchen organizer standard,ikea,80.775,96.74,115.86,11
Baseus USB-C Cable Pro,Baseus,Accessories,baseus-seller-037,64.61,1.3,98,6331.31,5.0,1176,2026-06-01,Philippines,Shopee,baseus usb c cable pro,baseus,27.4,44.769999999999996,57.135,18
IKEA Kitchen Organizer Mini,IKEA,Home & Living,ikea-seller-035,16.53,0.0,124,2049.17,4.35,60,2026-06-01,Singapore,Lazada,ikea kitchen organizer mini,ikea,44.129999999999995,77.22,134.60999999999999,11
Nestle Chocolate Drink Mini,Nestle,Groceries,nestle-seller-035,16.08,7.71,283,4549.64,4.7,176,2026-06-01,Philippines,Lazada,nestle chocolate drink mini,nestle,9.469999999999999,18.91,27.225,15
Oishi Green Tea,Oishi,Groceries,oishi-seller-022,36.05,1.29,194,6992.78,4.65,419,2026-06-01,Malaysia,Shopee,oishi green tea,oishi,8.545,10.09,23.2675,8
LocknLock Lunch Box Mini,LocknLock,Home & Living,locknlock-seller-046,67.84,13.44,93,6309.33,4.47,138,2026-06-01,Vietnam,Shopee,locknlock lunch box mini,locknlock,40.9225,58.269999999999996,92.35,14
LocknLock Lunch Box 2026,LocknLock,Home & Living,locknlock-seller-020,17.18,16.2,163,2800.1,4.42,64,2026-06-01,Philippines,Lazada,locknlock lunch box 2026,locknlock,37.525000000000006,55.78,86.005,19
Philips Desk Fan Max,Philips,Home & Living,philips-seller-005,173.11,10.27,39,6751.3,4.79,151,2026-06-01,Indonesia,Lazada,philips desk fan max,philips,44.355000000000004,66.42,95.805,19
Innisfree Moisturizer Max,Innisfree,Beauty,innisfree-seller-035,20.85,21.45,247,5150.79,4.77,12,2026-06-01,Philippines,Shopee,innisfree moisturizer max,innisfree,13.15,19.785,27.4575,8
Baseus Phone Holder Plus,Baseus,Accessories,baseus-seller-006,29.09,18.16,135,3926.78,5.0,75,2026-06-01,Indonesia,Lazada,baseus phone holder plus,baseus,27.8625,33.620000000000005,48.815,16
Kikkoman Teriyaki Sauce Plus,Kikkoman,Groceries,kikkoman-seller-025,5.62,9.95,527,2960.14,4.87,30,2026-06-01,Malaysia,Shopee,kikkoman teriyaki sauce plus,kikkoman,8.545,10.09,23.2675,8
Philips LED Bulb Standard,Philips,Home & Living,philips-seller-060,96.06,16.0,82,7876.64,4.16,22,2026-06-01,Singapore,Shopee,philips led bulb standard,philips,44.0475,62.41,106.82,16
Innisfree Clay Mask Mini,Innisfree,Beauty,innisfree-seller-005,11.55,12.14,240,2772.51,5.0,357,2026-06-01,Indonesia,Lazada,innisfree clay mask mini,innisfree,11.55,12.44,33.65,5
Samsung Tablet Plus,Samsung,Electronics,samsung-seller-025,132.98,14.84,32,4255.27,4.37,106,2026-06-01,Philippines,Lazada,samsung tablet plus,samsung,112.31,203.53,247.99,18
Philips Air Fryer Mini,Philips,Home & Living,philips-seller-032,56.73,12.29,84,4765.45,4.08,82,2026-06-01,Indonesia,Shopee,philips air fryer mini,philips,59.1825,86.66,100.125,10
Nestle Chocolate Drink Mini,Nestle,Groceries,nestle-seller-013,8.44,13.03,470,3968.33,3.81,324,2026-06-01,Philippines,Shopee,nestle chocolate drink mini,nestle,11.52,17.95,33.2325,10
LocknLock Lunch Box Mini,LocknLock,Home & Living,locknlock-seller-001,73.06,10.7,77,5625.38,4.36,18,2026-06-01,Singapore,Shopee,locknlock lunch box mini,locknlock,44.0475,62.41,106.82,16
Nestle Coffee Max,Nestle,Groceries,nestle-seller-018,10.49,4.42,394,4133.79,5.0,86,2026-06-01,Singapore,Shopee,nestle coffee max,nestle,8.4425,14.235,24.1375,12
JBL Headphones Mini,JBL,Electronics,jbl-seller-022,280.32,22.79,22,6167.04,5.0,313,2026-06-01,Vietnam,Lazada,jbl headphones mini,jbl,159.38,220.85,322.325,19
IKEA Desk Lamp Max,IKEA,Home & Living,ikea-seller-008,45.02,21.94,111,4997.34,4.96,294,2026-06-01,Philippines,Lazada,ikea desk lamp max,ikea,37.525000000000006,55.78,86.005,19
IKEA Kitchen Organizer Pro,IKEA,Home & Living,ikea-seller-055,32.72,20.18,104,3402.95,4.8,185,2026-06-01,Thailand,Lazada,ikea kitchen organizer pro,ikea,36.3525,48.61,55.9375,18
L'Oreal Face Wash Plus,L'Oreal,Beauty,l'oreal-seller-030,30.25,24.8,192,5808.53,4.29,1877,2026-06-01,Malaysia,Lazada,l oreal face wash plus,l oreal,23.314999999999998,37.66,43.7,7
Oishi Snack Mix,Oishi,Groceries,oishi-seller-053,8.27,17.42,387,3201.26,3.88,74,2026-06-01,Indonesia,Lazada,oishi snack mix,oishi,11.45,22.83,25.98,11
Kikkoman Soy Sauce Max,Kikkoman,Groceries,kikkoman-seller-009,14.63,11.91,295,4315.53,4.36,761,2026-06-01,Indonesia,Lazada,kikkoman soy sauce max,kikkoman,11.45,22.83,25.98,11
Xiaomi Smart Band Mini,Xiaomi,Electronics,xiaomi-seller-058,167.12,22.79,41,6851.91,4.95,193,2026-06-01,Philippines,Lazada,xiaomi smart band mini,xiaomi,112.31,203.53,247.99,18
Innisfree Clay Mask Pro,Innisfree,Beauty,innisfree-seller-006,50.14,0.0,150,7521.32,4.48,48,2026-06-01,Indonesia,Shopee,innisfree clay mask pro,innisfree,21.189999999999998,31.74,37.8225,18
Kikkoman Teriyaki Sauce Max,Kikkoman,Groceries,kikkoman-seller-060,2.13,11.15,653,1393.54,4.14,329,2026-06-01,Philippines,Lazada,kikkoman teriyaki sauce max,kikkoman,9.469999999999999,18.91,27.225,15
Innisfree Clay Mask Mini,Innisfree,Beauty,innisfree-seller-011,16.1,22.14,299,4815.26,4.72,229,2026-06-01,Singapore,Shopee,innisfree clay mask mini,innisfree,16.1,41.34,55.62,13
Nestle Chocolate Drink Mini,Nestle,Groceries,nestle-seller-051,22.91,4.5,274,6276.53,4.13,174,2026-06-01,Singapore,Shopee,nestle chocolate drink mini,nestle,8.4425,14.235,24.1375,12
Logitech Webcam Standard,Logitech,Accessories,logitech-seller-036,12.31,9.33,238,2929.21,3.7,72,2026-06-01,Philippines,Lazada,logitech webcam standard,logitech,24.622500000000002,33.35,53.59,16
Innisfree Clay Mask Max,Innisfree,Beauty,innisfree-seller-032,49.9,0.0,130,6486.48,3.97,73,2026-06-01,Philippines,Lazada,innisfree clay mask max,innisfree,23.6,35.21,46.78,13
Samsung Monitor Standard,Samsung,Electronics,samsung-seller-040,275.73,6.89,25,6893.3,4.29,487,2026-06-01,Indonesia,Lazada,samsung monitor standard,samsung,261.12,318.16,394.03,13
Innisfree Clay Mask Standard,Innisfree,Beauty,innisfree-seller-013,37.66,27.14,169,6364.49,4.63,72,2026-06-01,Malaysia,Lazada,innisfree clay mask standard,innisfree,23.314999999999998,37.66,43.7,7
Philips LED Bulb,Philips,Home & Living,philips-seller-008,153.28,2.14,51,7817.14,4.64,48,2026-06-01,Malaysia,Shopee,philips led bulb,philips,64.2325,103.155,148.29500000000002,14
Oishi Green Tea Mini,Oishi,Groceries,oishi-seller-054,29.08,14.55,197,5729.48,3.88,81,2026-06-01,Singapore,Lazada,oishi green tea mini,oishi,9.92,17.23,26.82,11
IKEA Storage Box,IKEA,Home & Living,ikea-seller-003,79.26,0.0,58,4597.01,4.31,62,2026-06-01,Philippines,Lazada,ikea storage box,ikea,37.525000000000006,55.78,86.005,19
Nestle Cereal Standard,Nestle,Groceries,nestle-seller-021,11.76,6.63,290,3411.51,4.67,216,2026-06-01,Vietnam,Lazada,nestle cereal standard,nestle,8.3,13.47,23.04,19
Anker Charging Cable 2026,Anker,Accessories,anker-seller-007,75.46,10.84,81,6112.53,4.52,169,2026-06-01,Malaysia,Lazada,anker charging cable 2026,anker,35.487500000000004,48.595,59.79,14
Maybelline Mascara,Maybelline,Beauty,maybelline-seller-027,14.7,7.35,290,4263.26,3.84,615,2026-06-01,Thailand,Shopee,maybelline mascara,maybelline,21.075,38.95,45.89,11
Nestle Cereal,Nestle,Groceries,nestle-seller-021,8.36,2.47,433,3621.82,4.6,5,2026-06-01,Singapore,Shopee,nestle cereal,nestle,8.4425,14.235,24.1375,12
LocknLock Water Bottle Max,LocknLock,Home & Living,locknlock-seller-056,59.69,14.28,104,6207.72,4.29,40,2026-06-01,Vietnam,Shopee,locknlock water bottle max,locknlock,40.9225,58.269999999999996,92.35,14
L'Oreal Shampoo,L'Oreal,Beauty,l'oreal-seller-023,18.72,10.24,270,5054.52,4.45,32,2026-06-01,Philippines,Shopee,l oreal shampoo,l oreal,13.15,19.785,27.4575,8
Samsung Tablet Standard,Samsung,Electronics,samsung-seller-045,468.2,24.79,16,7491.16,4.18,70,2026-06-01,Thailand,Lazada,samsung tablet standard,samsung,325.015,419.08,439.26,11
IKEA Kitchen Organizer Max,IKEA,Home & Living,ikea-seller-054,38.04,7.96,89,3385.51,4.17,324,2026-06-01,Indonesia,Lazada,ikea kitchen organizer max,ikea,44.355000000000004,66.42,95.805,19
Anker Charging Cable 2026,Anker,Accessories,anker-seller-016,48.63,32.48,132,6419.53,4.52,4,2026-06-01,Thailand,Lazada,anker charging cable 2026,anker,32.91,48.63,64.04,13
Xiaomi Smart Band Pro,Xiaomi,Electronics,xiaomi-seller-036,431.8,18.64,20,8636.05,5.0,597,2026-06-01,Indonesia,Lazada,xiaomi smart band pro,xiaomi,261.12,318.16,394.03,13
Anker Power Bank Mini,Anker,Accessories,anker-seller-027,97.63,8.69,83,8103.66,4.43,771,2026-06-01,Singapore,Lazada,anker power bank mini,anker,31.630000000000003,74.88499999999999,94.3075,12
Innisfree Clay Mask 2026,Innisfree,Beauty,innisfree-seller-032,22.14,0.77,173,3829.92,4.48,729,2026-06-01,Singapore,Lazada,innisfree clay mask 2026,innisfree,25.4825,34.504999999999995,44.245000000000005,12
LocknLock Lunch Box Max,LocknLock,Home & Living,locknlock-seller-018,21.17,9.0,132,2794.44,4.45,84,2026-06-01,Philippines,Lazada,locknlock lunch box max,locknlock,37.525000000000006,55.78,86.005,19
LocknLock Food Container,LocknLock,Home & Living,locknlock-seller-056,95.27,18.36,65,6192.29,4.98,45,2026-06-01,Indonesia,Lazada,locknlock food container,locknlock,44.355000000000004,66.42,95.805,19
Kikkoman Soy Sauce Pro,Kikkoman,Groceries,kikkoman-seller-040,6.07,17.09,464,2814.63,4.66,79,2026-06-01,Malaysia,Lazada,kikkoman soy sauce pro,kikkoman,12.25,18.32,24.49,9
JBL Bluetooth Speaker 2026,JBL,Electronics,jbl-seller-060,173.36,3.41,30,5200.68,4.49,146,2026-06-01,Vietnam,Shopee,jbl bluetooth speaker 2026,jbl,174.54500000000002,302.36,365.38,16
Logitech Mechanical Keyboard Pro,Logitech,Accessories,logitech-seller-041,19.23,9.96,242,4653.81,4.09,826,2026-06-01,Vietnam,Shopee,logitech mechanical keyboard pro,logitech,23.115000000000002,26.305,38.2975,16
Logitech Wireless Mouse Max,Logitech,Accessories,logitech-seller-057,25.03,13.74,177,4429.65,5.0,143,2026-06-01,Thailand,Shopee,logitech wireless mouse max,logitech,15.7225,38.33,65.97250000000001,14
L'Oreal Shampoo Standard,L'Oreal,Beauty,l'oreal-seller-021,31.63,0.0,142,4491.0,4.63,1425,2026-06-01,Vietnam,Lazada,l oreal shampoo standard,l oreal,20.79,32.31,42.192499999999995,14
Baseus USB-C Cable Max,Baseus,Accessories,baseus-seller-041,53.31,18.29,110,5863.95,4.22,103,2026-06-01,Malaysia,Lazada,baseus usb c cable max,baseus,35.487500000000004,48.595,59.79,14
Anker Charging Cable Pro,Anker,Accessories,anker-seller-055,49.51,12.07,125,6188.77,4.57,53,2026-06-01,Singapore,Shopee,anker charging cable pro,anker,33.685,60.15,77.1075,14
Samsung Tablet Max,Samsung,Electronics,samsung-seller-032,288.64,8.99,16,4618.3,4.88,34,2026-06-01,Indonesia,Lazada,samsung tablet max,samsung,261.12,318.16,394.03,13
Nestle Cereal Max,Nestle,Groceries,nestle-seller-051,26.46,25.25,261,6906.52,4.84,181,2026-06-01,Thailand,Lazada,nestle cereal max,nestle,13.52,24.71,29.355,11
Xiaomi Router Standard,Xiaomi,Electronics,xiaomi-seller-009,231.05,7.26,25,5776.21,4.82,332,2026-06-01,Singapore,Lazada,xiaomi router standard,xiaomi,221.5825,330.62,426.51,12
Innisfree Clay Mask Standard,Innisfree,Beauty,innisfree-seller-034,26.44,5.38,201,5315.44,4.69,195,2026-06-01,Malaysia,Shopee,innisfree clay mask standard,innisfree,26.44,36.06,47.22,17
IKEA Kitchen Organizer 2026,IKEA,Home & Living,ikea-seller-013,81.18,13.13,83,6737.92,4.44,792,2026-06-01,Thailand,Shopee,ikea kitchen organizer 2026,ikea,22.4125,58.07,98.2,12
Kikkoman Soy Sauce,Kikkoman,Groceries,kikkoman-seller-042,28.34,16.76,279,7906.06,5.0,36,2026-06-01,Vietnam,Shopee,kikkoman soy sauce,kikkoman,5.9025,12.245000000000001,26.2275,16
IKEA Desk Lamp Plus,IKEA,Home & Living,ikea-seller-048,126.57,23.1,61,7720.98,5.0,150,2026-06-01,Vietnam,Lazada,ikea desk lamp plus,ikea,71.56,86.3,120.19,19
IKEA Storage Box Pro,IKEA,Home & Living,ikea-seller-032,171.95,5.99,40,6877.98,5.0,102,2026-06-01,Vietnam,Shopee,ikea storage box pro,ikea,40.9225,58.269999999999996,92.35,14
LocknLock Food Container Standard,LocknLock,Home & Living,locknlock-seller-035,23.32,17.91,180,4198.29,4.87,289,2026-06-01,Thailand,Shopee,locknlock food container standard,locknlock,22.4125,58.07,98.2,12
Samsung Tablet Standard,Samsung,Electronics,samsung-seller-043,442.53,5.54,16,7080.45,4.53,23,2026-06-01,Thailand,Lazada,samsung tablet standard,samsung,325.015,419.08,439.26,11
Nestle Cereal Plus,Nestle,Groceries,nestle-seller-021,16.97,17.75,328,5566.48,4.17,202,2026-06-01,Singapore,Shopee,nestle cereal plus,nestle,8.4425,14.235,24.1375,12
Philips Air Fryer Plus,Philips,Home & Living,philips-seller-009,122.31,7.5,49,5993.03,4.27,171,2026-06-01,Malaysia,Lazada,philips air fryer plus,philips,80.775,96.74,115.86,11
IKEA Storage Box 2026,IKEA,Home & Living,ikea-seller-040,20.5,24.01,195,3997.8,4.38,291,2026-06-01,Singapore,Shopee,ikea storage box 2026,ikea,44.0475,62.41,106.82,16
Samsung Tablet 2026,Samsung,Electronics,samsung-seller-047,201.48,10.05,39,7857.63,4.68,45,2026-06-01,Vietnam,Lazada,samsung tablet 2026,samsung,159.38,220.85,322.325,19
Baseus USB-C Cable Max,Baseus,Accessories,baseus-seller-029,6.53,0.0,255,1664.62,5.0,144,2026-06-01,Vietnam,Lazada,baseus usb c cable max,baseus,25.2775,41.18,61.199999999999996,12
Oishi Snack Mix Max,Oishi,Groceries,oishi-seller-014,28.21,18.4,215,6065.84,4.86,620,2026-06-01,Vietnam,Lazada,oishi snack mix max,oishi,8.3,13.47,23.04,19
Kikkoman Soy Sauce,Kikkoman,Groceries,kikkoman-seller-060,30.21,16.05,225,6798.22,4.91,423,2026-06-01,Thailand,Lazada,kikkoman soy sauce,kikkoman,13.52,24.71,29.355,11
Oishi Green Tea Mini,Oishi,Groceries,oishi-seller-037,35.52,3.23,166,5896.75,4.22,1305,2026-06-01,Vietnam,Lazada,oishi green tea mini,oishi,8.3,13.47,23.04,19
Xiaomi Smart Band Max,Xiaomi,Electronics,xiaomi-seller-028,263.3,11.93,34,8952.17,4.46,168,2026-06-01,Indonesia,Shopee,xiaomi smart band max,xiaomi,129.46,237.33,276.88,9
L'Oreal Face Wash Mini,L'Oreal,Beauty,l'oreal-seller-010,8.0,16.17,405,3239.18,4.99,681,2026-06-01,Malaysia,Shopee,l oreal face wash mini,l oreal,26.44,36.06,47.22,17
Maybelline Foundation Max,Maybelline,Beauty,maybelline-seller-016,45.01,12.67,155,6977.19,4.52,67,2026-06-01,Thailand,Shopee,maybelline foundation max,maybelline,21.075,38.95,45.89,11
Maybelline Foundation Pro,Maybelline,Beauty,maybelline-seller-027,31.43,6.05,196,6160.32,4.35,15,2026-06-01,Indonesia,Shopee,maybelline foundation pro,maybelline,21.189999999999998,31.74,37.8225,18
Samsung Tablet Plus,Samsung,Electronics,samsung-seller-015,339.05,26.34,17,5763.87,4.79,59,2026-06-01,Vietnam,Lazada,samsung tablet plus,samsung,159.38,220.85,322.325,19
L'Oreal Shampoo Mini,L'Oreal,Beauty,l'oreal-seller-022,27.87,13.91,179,4989.37,4.82,72,2026-06-01,Thailand,Lazada,l oreal shampoo mini,l oreal,25.16,32.515,41.565000000000005,18
LocknLock Lunch Box Max,LocknLock,Home & Living,locknlock-seller-047,123.17,12.66,52,6404.67,4.21,2716,2026-06-01,Malaysia,Lazada,locknlock lunch box max,locknlock,80.775,96.74,115.86,11
Samsung Tablet Plus,Samsung,Electronics,samsung-seller-001,290.28,12.53,31,8998.74,4.03,863,2026-06-01,Vietnam,Shopee,samsung tablet plus,samsung,174.54500000000002,302.36,365.38,16
Xiaomi Smart Band Standard,Xiaomi,Electronics,xiaomi-seller-022,36.72,10.2,85,3121.43,5.0,147,2026-06-01,Thailand,Shopee,xiaomi smart band standard,xiaomi,130.51,335.13,400.98,21
LocknLock Lunch Box Standard,LocknLock,Home & Living,locknlock-seller-014,53.98,5.14,68,3670.73,3.82,295,2026-06-01,Thailand,Lazada,locknlock lunch box standard,locknlock,36.3525,48.61,55.9375,18
Kikkoman Soy Sauce 2026,Kikkoman,Groceries,kikkoman-seller-010,19.65,16.74,261,5128.18,4.33,736,2026-06-01,Singapore,Lazada,kikkoman soy sauce 2026,kikkoman,9.92,17.23,26.82,11
Nestle Cereal Max,Nestle,Groceries,nestle-seller-051,29.91,18.6,262,7836.67,4.89,13,2026-06-01,Vietnam,Shopee,nestle cereal max,nestle,5.9025,12.245000000000001,26.2275,16
IKEA Desk Lamp Standard,IKEA,Home & Living,ikea-seller-057,112.17,16.17,68,7627.31,4.64,36,2026-06-01,Philippines,Shopee,ikea desk lamp standard,ikea,66.11500000000001,95.83,134.365,15
LocknLock Lunch Box,LocknLock,Home & Living,locknlock-seller-044,71.04,0.41,51,3623.21,5.0,188,2026-06-01,Vietnam,Lazada,locknlock lunch box,locknlock,71.56,86.3,120.19,19
Maybelline Mascara Max,Maybelline,Beauty,maybelline-seller-048,44.68,5.12,110,4914.26,4.89,728,2026-06-01,Singapore,Lazada,maybelline mascara max,maybelline,25.4825,34.504999999999995,44.245000000000005,12
LocknLock Water Bottle 2026,LocknLock,Home & Living,locknlock-seller-041,30.03,0.0,96,2883.03,4.72,75,2026-06-01,Philippines,Lazada,locknlock water bottle 2026,locknlock,37.525000000000006,55.78,86.005,19
Logitech Wireless Mouse Standard,Logitech,Accessories,logitech-seller-018,73.3,1.62,84,6157.52,4.61,73,2026-06-01,Indonesia,Lazada,logitech wireless mouse standard,logitech,27.8625,33.620000000000005,48.815,16
Samsung SSD,Samsung,Electronics,samsung-seller-037,376.01,11.21,27,10152.31,4.5,109,2026-06-01,Malaysia,Shopee,samsung ssd,samsung,170.58499999999998,301.84,418.6,15
Anker USB-C Hub Pro,Anker,Accessories,anker-seller-054,47.56,1.13,92,4375.68,4.37,739,2026-06-01,Indonesia,Lazada,anker usb c hub pro,anker,27.8625,33.620000000000005,48.815,16
IKEA Desk Lamp,IKEA,Home & Living,ikea-seller-010,123.31,17.78,50,6165.37,4.45,290,2026-06-01,Thailand,Shopee,ikea desk lamp,ikea,22.4125,58.07,98.2,12
Philips Air Fryer Max,Philips,Home & Living,philips-seller-002,62.17,4.83,92,5719.48,4.35,35,2026-06-01,Philippines,Shopee,philips air fryer max,philips,66.11500000000001,95.83,134.365,15
Nestle Cereal Max,Nestle,Groceries,nestle-seller-056,14.02,17.78,327,4583.53,4.04,275,2026-06-01,Vietnam,Lazada,nestle cereal max,nestle,8.3,13.47,23.04,19
Baseus USB-C Cable Standard,Baseus,Accessories,baseus-seller-037,13.01,14.63,284,3694.47,4.11,85,2026-06-01,Philippines,Shopee,baseus usb c cable standard,baseus,27.4,44.769999999999996,57.135,18
Logitech Webcam Mini,Logitech,Accessories,logitech-seller-032,13.56,21.24,245,3321.78,5.0,578,2026-06-01,Singapore,Lazada,logitech webcam mini,logitech,31.630000000000003,74.88499999999999,94.3075,12
Nestle Coffee Max,Nestle,Groceries,nestle-seller-010,9.63,12.31,411,3958.62,5.0,601,2026-06-01,Vietnam,Shopee,nestle coffee max,nestle,5.9025,12.245000000000001,26.2275,16
Logitech Wireless Mouse Standard,Logitech,Accessories,logitech-seller-056,45.03,0.0,132,5943.96,4.5,408,2026-06-01,Philippines,Shopee,logitech wireless mouse standard,logitech,27.4,44.769999999999996,57.135,18
JBL Headphones 2026,JBL,Electronics,jbl-seller-004,53.24,6.69,50,2662.1,4.3,279,2026-06-01,Philippines,Lazada,jbl headphones 2026,jbl,112.31,203.53,247.99,18
Logitech Mechanical Keyboard Plus,Logitech,Accessories,logitech-seller-007,26.49,19.47,222,5880.76,4.9,103,2026-06-01,Vietnam,Shopee,logitech mechanical keyboard plus,logitech,23.115000000000002,26.305,38.2975,16
Logitech Webcam Max,Logitech,Accessories,logitech-seller-003,84.86,19.31,109,9249.68,5.0,209,2026-06-01,Thailand,Shopee,logitech webcam max,logitech,15.7225,38.33,65.97250000000001,14
Maybelline Lip Tint Mini,Maybelline,Beauty,maybelline-seller-049,58.81,16.42,140,8233.83,4.34,55,2026-06-01,Singapore,Shopee,maybelline lip tint mini,maybelline,16.1,41.34,55.62,13
Kikkoman Soy Sauce Standard,Kikkoman,Groceries,kikkoman-seller-019,7.18,8.6,501,3599.29,4.87,43,2026-06-01,Singapore,Shopee,kikkoman soy sauce standard,kikkoman,8.4425,14.235,24.1375,12
JBL Earbuds 2026,JBL,Electronics,jbl-seller-035,276.88,19.21,37,10244.64,4.51,754,2026-06-01,Indonesia,Shopee,jbl earbuds 2026,jbl,129.46,237.33,276.88,9
Samsung Tablet,Samsung,Electronics,samsung-seller-020,134.39,8.98,44,5913.17,4.35,86,2026-06-01,Vietnam,Shopee,samsung tablet,samsung,174.54500000000002,302.36,365.38,16
