product_id,product_name,brand_id,brand_name,seller_id,seller_name,price_current,price_original,sold_count,review_count,in_stock,rating_score,location,product_url
279654168,Facial Cleanser That Prevents Harm from the Environment for All Skin Types Paula's Choice Defense Hydrating Gel to Cream Cleanser 198ml 2210,8239,Paula's Choice,100169489,Paula's Choice,663000,699000,786,121,TRUE,4.92,Vietnam,https://www.lazada.vn/products/pdp-i279654168.html
279658154,Paula's Choice Clear Pore Normalizing Cleanser Gel Cleanser to Prevent Acne and Tighten Pores 177 ml 6002,8239,Paula's Choice,100169489,Paula's Choice,616000,650000,9300,1400,TRUE,4.91,Vietnam,https://www.lazada.vn/products/pdp-i279658154.html
3039339409,Paula's Choice Pro-Collagen Peptide Gloss Balm 15ml 71180,8239,Paula's Choice,100169489,Paula's Choice,659000,695000,115,23,TRUE,5,Vietnam,https://www.lazada.vn/products/pdp-i3039339409.html
279634584,Anti-Chapping Moisturizing Wax for Instantly Soft and Smooth Skin Paula's Choice Lip & Body Treatment Balm 14.17g 5500,8239,Paula's Choice,100169489,Paula's Choice,395000,430000,1000,166,TRUE,4.92,Vietnam,https://www.lazada.vn/products/pdp-i279634584.html
3274037669,Pro-Collagen Peptide Gloss Balm Deep Plum 15ml 9590 Lip Balm That Plumps Lips and Reduces Wrinkles,8239,Paula's Choice,100169489,Paula's Choice,660000,695000,6,4,TRUE,5,Vietnam,https://www.lazada.vn/products/pdp-i3274037669.html
279648332,Paula's Choice Skin Balancing Oil Reducing Cleanser 237ml 1150,8239,Paula's Choice,100169489,Paula's Choice,663000,699000,3400,511,TRUE,4.94,Vietnam,https://www.lazada.vn/products/pdp-i279648332.html
2856953296,Retinal Essence Prevents Aging and Tightens Facial Skin Paula's Choice Pro Retinaldehyde Treatment 30ml 1501,8239,Paula's Choice,100169489,Paula's Choice,1980000,2090000,362,58,TRUE,5,Vietnam,https://www.lazada.vn/products/pdp-i2856953296.html
1565824524,Paula's Choice Skin Balancing Oil Reducing Cleanser 473ml - 1151,8239,Paula's Choice,100169489,Paula's Choice,853000,899000,617,87,TRUE,4.89,Vietnam,https://www.lazada.vn/products/pdp-i1565824524.html
279632605,Paula's Choice Skin Perfecting 2% Bha Liquid Exfoliant 118 Ml- 2010,8239,Paula's Choice,100169489,Paula's Choice,995000,1065000,22600,3975,TRUE,4.93,Vietnam,https://www.lazada.vn/products/pdp-i279632605.html
1319098763,Paula's Choice Clinical Discoloration Repair Serum 30ml 8040 Optimizes Dark Spots and Evens Skin Tone.,8239,Paula's Choice,100169489,Paula's Choice,1518000,1599000,2500,424,TRUE,4.91,Vietnam,https://www.lazada.vn/products/pdp-i1319098763.html
279634586,Paula's Choice Resist Optimal Results Hydrating Cleanser 7600 Is an Optimal Effective Moisturizing Soap-Free Facial Cleanser.,8239,Paula's Choice,100169489,Paula's Choice,721000,760000,834,122,TRUE,4.98,Vietnam,https://www.lazada.vn/products/pdp-i279634586.html
279658153,Gel Night Moisturizer Controls Oil Secretion for Smooth Skin Paula's Choice Skin Balancing Invisible Finish Moisture Gel 60ml 3400,8239,Paula's Choice,100169489,Paula's Choice,990000,1050000,7200,1198,TRUE,4.92,Vietnam,https://www.lazada.vn/products/pdp-i279658153.html
2470775612,Pro-Collagen Multi-Peptide Booster Skin Tightening and Firming Essence Code 20ml - 3020,8239,Paula's Choice,100169489,Paula's Choice,1756000,1850000,401,65,TRUE,4.98,Vietnam,https://www.lazada.vn/products/pdp-i2470775612.html
2616585721,Paula's Choice 25% Vitamin C Intensive Skin Brightening and Dark Spot Fading Essence 30ml -1490,8239,Paula's Choice,100169489,Paula's Choice,1989000,2099000,324,54,TRUE,4.93,Vietnam,https://www.lazada.vn/products/pdp-i2616585721.html
3251954531,"Paula's Choice 7% Ectoin Booster 20ml 1370, 7-Effect Skin Repair and Protection Essence",8239,Paula's Choice,100169489,Paula's Choice,1281000,1350000,28,2,TRUE,5,Vietnam,https://www.lazada.vn/products/pdp-i3251954531.html
279644458,Skin Brightening Essence Containing Vitamin C Paula's Choice C15 Super Booster - 7770,8239,Paula's Choice,100169489,Paula's Choice,1756000,1850000,4700,669,TRUE,4.87,Vietnam,https://www.lazada.vn/products/pdp-i279644458.html
279646381,Paula's Choice Clear Ultra Light Daily Fluid Spf 30 60 ml 6130 Ultra-Light Milk Sunscreen for Acne-Prone Skin,8239,Paula's Choice,100169489,Paula's Choice,996000,1050000,907,134,TRUE,4.87,Vietnam,https://www.lazada.vn/products/pdp-i279646381.html
575656306,Paula's Choice Clinical Niacinamide 20% Treatment Pore Tightening Essence 20ml 8030,8239,Paula's Choice,100169489,Paula's Choice,1945000,2050000,14200,2110,TRUE,4.94,Vietnam,https://www.lazada.vn/products/pdp-i575656306.html
3137680623,Moisturizing Sunscreen Helps Brighten and Even Skin Tone Spf 50 Paula's Choice 5% Vitamin C 60ml - 1360,8239,Paula's Choice,100169489,Paula's Choice,925000,975000,65,16,TRUE,4.94,Vietnam,https://www.lazada.vn/products/pdp-i3137680623.html
13355771492,Paula's Choice Nad+ Cellularyouth Longevity Serum 30ml 2250,8239,Paula's Choice,100169489,Paula's Choice,2199000,,0,1,TRUE,5,Vietnam,https://www.lazada.vn/products/pdp-i13355771492.html
1222157275,"Biological Skin Replacement Essence, Regenerating New Cells Paula's Choice 25% Aha + 2% Bha Exfoliant Peel 30ml - 9560",8239,Paula's Choice,100169489,Paula's Choice,1324000,,2700,418,TRUE,4.92,Vietnam,https://www.lazada.vn/products/pdp-i1222157275.html
279630642,Paula's Choice Clinical 1% Retinol Treatment 30 ml 8010,8239,Paula's Choice,100169489,Paula's Choice,1945000,2050000,12900,2209,TRUE,4.91,Vietnam,https://www.lazada.vn/products/pdp-i279630642.html
279658158,Paula's Choice Resist Weightless Advanced Repairing Toner 7780 Is a Super Light Rose Water That Repairs Damage to Oily and Aging Skin.,8239,Paula's Choice,100169489,Paula's Choice,816000,860000,1000,136,TRUE,4.92,Vietnam,https://www.lazada.vn/products/pdp-i279658158.html
2312847578,Paula's Choice Calm Rescue & Repair Intensive Moisturizer 60ml 9250,8239,Paula's Choice,100169489,Paula's Choice,948000,999000,46,3,TRUE,5,Vietnam,https://www.lazada.vn/products/pdp-i2312847578.html
321626957,"Restorative, Anti-Irritation and Skin-Strengthening Moisturizer Paula's Choice Omega+ Complex Moisturizer 3390",8239,Paula's Choice,100169489,Paula's Choice,1196000,1260000,2100,360,TRUE,4.88,Vietnam,https://www.lazada.vn/products/pdp-i321626957.html
279630706,Paula's Choice Resist Skin Restoring Moisturizer with Spf 50-60ml 7970 Anti-Aging Sunscreen,8239,Paula's Choice,100169489,Paula's Choice,925000,975000,1200,183,TRUE,4.9,Vietnam,https://www.lazada.vn/products/pdp-i279630706.html
799582804,Paula's Choice Resist Youth-Extending Daily Mattifying Fluid Spf 50 60ml Code 7800,8239,Paula's Choice,100169489,Paula's Choice,925000,975000,1500,267,TRUE,4.9,Vietnam,https://www.lazada.vn/products/pdp-i799582804.html
279646378,Paula's Choice Clear Oil-Free Moisturizer 60ml- 3800,8239,Paula's Choice,100169489,Paula's Choice,930000,980000,3600,538,TRUE,4.93,Vietnam,https://www.lazada.vn/products/pdp-i279646378.html
279646390,Paula's Choice Resist Daily Pore Refining Treatment 2% Bha 7820 Exfoliating and Pore Tightening Solution,8239,Paula's Choice,100169489,Paula's Choice,1234000,1300000,1200,216,TRUE,4.87,Vietnam,https://www.lazada.vn/products/pdp-i279646390.html
279634590,Paula's Choice Hyaluronic Acid Booster 7860 Skin Hydrating and Plumping Essence,8239,Paula's Choice,100169489,Paula's Choice,1138000,1199000,2800,363,TRUE,4.91,Vietnam,https://www.lazada.vn/products/pdp-i279634590.html
509326004,Anti-Aging Essence from Retinol and Bakuchiol Paula's Choice Clinical 0.3% Retinol + 2% Bakuchiol 30ml Code 8015,8239,Paula's Choice,100169489,Paula's Choice,1654000,1750000,3800,616,TRUE,4.93,Vietnam,https://www.lazada.vn/products/pdp-i509326004.html
279630636,Paula's Choice Resist Advanced Replenishing Toner 118ml - 7670,8239,Paula's Choice,100169489,Paula's Choice,816000,860000,443,59,TRUE,4.8,Vietnam,https://www.lazada.vn/products/pdp-i279630636.html
279634579,Paula's Choice Skin Balancing Pore Reducing Toner 190ml 1350,8239,Paula's Choice,100169489,Paula's Choice,754000,795000,9000,1422,TRUE,4.94,Vietnam,https://www.lazada.vn/products/pdp-i279634579.html
279646389,"Paula's Choice Resist Super - Light Daily Wrinkle Defense Spf 30 - 7760 Multi-Purpose Moisturizing Sunscreen, Ultra-Light and Non-Sticky",8239,Paula's Choice,100169489,Paula's Choice,925000,975000,11100,1632,TRUE,4.93,Vietnam,https://www.lazada.vn/products/pdp-i279646389.html
3039396133,Paula's Choice Pro-Collagen Peptide Plumping Moisturizer 50ml - 1510,8239,Paula's Choice,100169489,Paula's Choice,1440000,1450000,402,70,TRUE,4.9,Vietnam,https://www.lazada.vn/products/pdp-i3039396133.html
602208130,"Paula's Choice 2% Bha Body Smoothing Spot Exfoliant 60ml, Code 5706, Body Lotion That Helps Reduce Acne and Smooth Skin.",8239,Paula's Choice,100169489,Paula's Choice,413000,450000,7800,1072,TRUE,4.97,Vietnam,https://www.lazada.vn/products/pdp-i602208130.html
279648335,Paula's Choice Skin Perfecting 2% Bha Liquid Exfoliant 30 ml 2016,8239,Paula's Choice,100169489,Paula's Choice,400000,435000,54100,4871,TRUE,4.93,Vietnam,https://www.lazada.vn/products/pdp-i279648335.html
279628686,Paula's Choice 2% Bha Body Smoothing Spot Exfoliant 210ml 5701,8239,Paula's Choice,100169489,Paula's Choice,1039000,1050000,22000,2979,TRUE,4.92,Vietnam,https://www.lazada.vn/products/pdp-i279628686.html
279634585,Paula's Choice Resist Skin Revealing Body Lotion with 10% Aha 5900 Skin Brightening Body Cream,8239,Paula's Choice,100169489,Paula's Choice,1039000,1050000,14600,1970,TRUE,4.93,Vietnam,https://www.lazada.vn/products/pdp-i279634585.html
279648338,Paula's Choice Resist Perfectly Balanced Foaming Cleanser 7830,8239,Paula's Choice,100169489,Paula's Choice,721000,760000,1800,275,FALSE,4.88,Bắc Ninh,https://www.lazada.vn/products/pdp-i279648338.html
3146844760,Paula's Choice Pro-Collagen Peptide Firming Eye Serum 15ml 1080,8239,Paula's Choice,100169489,Paula's Choice,1134000,1195000,120,16,FALSE,5,Bắc Ninh,https://www.lazada.vn/products/pdp-i3146844760.html
279640531,Paula's Choice Skin Recovery Replenishing Moisturer 60 ml 1860,8239,Paula's Choice,100169489,Paula's Choice,931000,980000,1700,271,FALSE,4.97,Bắc Ninh,https://www.lazada.vn/products/pdp-i279640531.html
2079410763,Vitamin C Moisturizer Brightens Skin and Increases Collagen Production Paula's Choice C5 Super Boost Moisturizer 50ml 2900,8239,Paula's Choice,100169489,Paula's Choice,1376000,1450000,1500,271,FALSE,4.93,Vietnam,https://www.lazada.vn/products/pdp-i2079410763.html
279648333,Paula's Choice Skin Recovery Enriched Calming Toner 190ml 1250,8239,Paula's Choice,100169489,Paula's Choice,726000,765000,944,138,FALSE,4.93,Bắc Ninh,https://www.lazada.vn/products/pdp-i279648333.html
1934773153,Paula's Choice 5% Niacinamide Body Serum 118ml 5810,8239,Paula's Choice,100169489,Paula's Choice,911000,960000,678,93,FALSE,4.95,Bắc Ninh,https://www.lazada.vn/products/pdp-i1934773153.html
378218198,Paula's Choice Skin - Smoothing Retinol Body Treatment 118ml- 5800,8239,Paula's Choice,100169489,Paula's Choice,911000,960000,1000,123,FALSE,4.9,Bắc Ninh,https://www.lazada.vn/products/pdp-i378218198.html
279628692,Super Premium Moisturizer to Prevent Dark Spots and Wrinkles Paula's Choice Resist Intensive Repair Cream 50 ml 7810,8239,Paula's Choice,100169489,Paula's Choice,1053000,1110000,1300,223,FALSE,4.92,Bắc Ninh,https://www.lazada.vn/products/pdp-i279628692.html
279628690,Paula’S Choice Resit Anti-Aging Clear Skin Hydrator 50ml 7691,8239,Paula's Choice,100169489,Paula's Choice,996000,1050000,4200,645,FALSE,4.95,Bắc Ninh,https://www.lazada.vn/products/pdp-i279628690.html
279644451,Paula's Choice Skin Perfecting 2% Bha Gel Exfoliant 100ml- 2040,8239,Paula's Choice,100169489,Paula's Choice,977000,1030000,4500,886,FALSE,4.93,Bắc Ninh,https://www.lazada.vn/products/pdp-i279644451.html
483294193,Paula's Choice Skin Perpecting 8% Aha Gel Exfoliant 1900 Exfoliating Gel That Softens and Brightens Skin,8239,Paula's Choice,100169489,Paula's Choice,978000,1030000,7400,1058,FALSE,4.95,Bắc Ninh,https://www.lazada.vn/products/pdp-i483294193.html
279630635,Paula's Choice Resist Advanced Smoothing Treatment 10% Aha - 7651,8239,Paula's Choice,100169489,Paula's Choice,1105000,1165000,1600,216,FALSE,4.92,Bắc Ninh,https://www.lazada.vn/products/pdp-i279630635.html
1251401479,"[the Whoo Official] the Whoo Essential Lip Glow Balm 3.3Gr, a Colored Lip Balm Rich in Nutrients",13964,THE WHOO,2.00166E+11,The Whoo,919000,,12400,2238,TRUE,4.95,Vietnam,https://www.lazada.vn/products/pdp-i1251401479.html
3175953548,[THE WHOO OFFICIAL] The Whoo Essential Lip Glow Balm 3.3Gr,13964,THE WHOO,2.00166E+11,The Whoo,919000,,274,43,TRUE,4.8,Vietnam,https://www.lazada.vn/products/pdp-i3175953548.html
1251266683,[the Whoo Official] Oriental Medicine Pressed Powder with Shimmer the History of Whoo Gongjinhyang Mi Powder Pact Spf30/Pa++ 13g,13964,THE WHOO,2.00166E+11,The Whoo,1450000,,173,34,TRUE,4.77,Vietnam,https://www.lazada.vn/products/pdp-i1251266683.html
1251405367,[THE WHOO OFFICIAL] Phấn phủ Đông y dạng nén The history of Whoo Gongjinhyang Mi Two Way Pact SPF30/PA++ 13g,13964,THE WHOO,2.00166E+11,The Whoo,1450000,,183,26,TRUE,4.81,Vietnam,https://www.lazada.vn/products/pdp-i1251405367.html
1252833318,[the Whoo Official] High-End Lipstick the History of Whoo Gongjinhyang Mi Luxury Lip Rouge 6g,13964,THE WHOO,2.00166E+11,The Whoo,980000,,646,133,TRUE,4.88,Vietnam,https://www.lazada.vn/products/pdp-i1252833318.html
1229864570,[THE WHOO OFFICIAL] Sữa rửa mặt dưỡng ẩm The history of Whoo Gongjinhyang Facial Foam Cleanser 180ml,13964,THE WHOO,2.00166E+11,The Whoo,880000,,1500,284,TRUE,4.96,Vietnam,https://www.lazada.vn/products/pdp-i1229864570.html
1655850196,[the Whoo Official] [Free 1 Core Sample of 15g] Cheon Gi Dan Essence Cushion Spf50+/Pa+++,13964,THE WHOO,2.00166E+11,The Whoo,2299000,,2900,465,TRUE,4.97,Vietnam,https://www.lazada.vn/products/pdp-i1655850196.html
1229986039,The history of Whoo gongjinhyang Seol brightening foam cleanser 180ml,13964,THE WHOO,2.00166E+11,The Whoo,1000000,,447,82,TRUE,5,Vietnam,https://www.lazada.vn/products/pdp-i1229986039.html
3319228767,[the Whoo Official] Royal Complexion Glow Cushion,13964,THE WHOO,2.00166E+11,The Whoo,1800000,,0,,TRUE,,Vietnam,https://www.lazada.vn/products/pdp-i3319228767.html
1231211410,[the Whoo Official] the Whoo Bichup Anti-Aging Repair Cream 50ml,13964,THE WHOO,2.00166E+11,The Whoo,4700000,,718,117,TRUE,4.99,Vietnam,https://www.lazada.vn/products/pdp-i1231211410.html
1229972087,[the Whoo Official] the Whoo Gong Jin Hyang Brightening Balancing Toner 150ml,13964,THE WHOO,2.00166E+11,The Whoo,1350000,,184,35,TRUE,4.97,Vietnam,https://www.lazada.vn/products/pdp-i1229972087.html
1229896375,[THE WHOO OFFICIAL] Dầu tẩy trang THE WHOO Gong Jin Hyang Clarifiying Cleansing Oil 200ml,13964,THE WHOO,2.00166E+11,The Whoo,1150000,,307,47,TRUE,4.96,Vietnam,https://www.lazada.vn/products/pdp-i1229896375.html
1559610493,"[the Whoo Official] the Whoo Bichup Ultimate Recovery Youth Serum 50ml, 4Th Generation Anti-Aging Self-Generating Essence",13964,THE WHOO,2.00166E+11,The Whoo,3499000,,3100,529,TRUE,4.91,Vietnam,https://www.lazada.vn/products/pdp-i1559610493.html
1231222359,[the Whoo Official] Gongjinhyang Brightening Ultimate Corrector 20ml,13964,THE WHOO,2.00166E+11,The Whoo,2900000,,720,154,TRUE,4.88,Vietnam,https://www.lazada.vn/products/pdp-i1231222359.html
1229963123,[the Whoo Official] the Whoo Gong Jin Hyang Brightening Power Cream 50ml,13964,THE WHOO,2.00166E+11,The Whoo,3300000,,541,107,TRUE,4.9,Vietnam,https://www.lazada.vn/products/pdp-i1229963123.html
1352664921,"[THE WHOO OFFICIAL] Bộ sản phẩm tiền tinh chất chăm sóc da lão hoá, tuần hoàn, làm dịu và bảo vệ làn da The Whoo Bichup Treatment Essence",13964,THE WHOO,2.00166E+11,The Whoo,1300000,,1600,274,TRUE,4.97,Vietnam,https://www.lazada.vn/products/pdp-i1352664921.html
1231267985,"[the Whoo Official] Sunscreen That Improves Wrinkles the History of Whoo Gongjinhyang Anti-Wrinkle Uv Protective Cream Spf 50+, Pa++++ 50ml",13964,THE WHOO,2.00166E+11,The Whoo,1450000,,518,99,TRUE,4.95,Vietnam,https://www.lazada.vn/products/pdp-i1231267985.html
13380735944,"[The Whoo Official] Whoo Gongjinhyang Anti-Wrinkle Uv Protective Cream Spf 50+, Pa++++",13964,THE WHOO,2.00166E+11,The Whoo,780000,,0,,TRUE,,Vietnam,https://www.lazada.vn/products/pdp-i13380735944.html
3160595077,"[the Whoo Official] Bichup Treatment Essence Special Set, a Set of Products That Contain Essential Oils for Skin Care, Anti-Aging and Skin Circulation.",13964,THE WHOO,2.00166E+11,The Whoo,990000,,26,4,TRUE,5,Vietnam,https://www.lazada.vn/products/pdp-i3160595077.html
13381898489,"[the Whoo Official] the Whoo Uv Red Vitamin Sunscreen Spf 50+, Pa++++ Anti-Aging, Anti-Oxidant, Skin-Soothing Sunscreen Essence Experience Set",13964,THE WHOO,2.00166E+11,The Whoo,750000,,0,,TRUE,,Vietnam,https://www.lazada.vn/products/pdp-i13381898489.html
1229889437,[THE WHOO OFFICIAL] Kem chống nắng phổ rộng kiềm dầu The Whoo Gongjinhyang Hydrating Sunscreen Fluid SPF50+ PA+++ 60ml,13964,THE WHOO,2.00166E+11,The Whoo,1200000,,432,78,TRUE,4.92,Vietnam,https://www.lazada.vn/products/pdp-i1229889437.html
13325928154,[the Whoo Official][New] Intensive Anti-Aging and Strengthening Essence Bichup Ultimate Recovery Nad Power Ampoule 30ml,13964,THE WHOO,2.00166E+11,The Whoo,2800000,,23,3,TRUE,5,Vietnam,https://www.lazada.vn/products/pdp-i13325928154.html
3152357085,"[the Whoo Official] the Whoo Uv Red Vitamin Sunscreen 50ml, Anti-Aging, Anti-Oxidant, and Skin-Soothing Sunscreen Essence",13964,THE WHOO,2.00166E+11,The Whoo,1349000,,93,8,TRUE,5,Vietnam,https://www.lazada.vn/products/pdp-i3152357085.html
13380859843,[The Whoo Official] the Whoo Bichup Ultimate Recovery Youth Serum 25ml,13964,THE WHOO,2.00166E+11,The Whoo,2150000,,8,1,TRUE,5,Vietnam,https://www.lazada.vn/products/pdp-i13380859843.html
1251989474,[the Whoo Official] Oriental Medicine Velvet Matte Lipstick the History of Whoo Gongjinhyang Mi Velvet Lip Rouge 3.5g,13964,THE WHOO,2.00166E+11,The Whoo,980000,,873,169,FALSE,4.89,Vietnam,https://www.lazada.vn/products/pdp-i1251989474.html
1229906304,[the Whoo Official] Whoo Uv Ultimate Ultimate Brightening Sunscreen Spf50+/Pa++++,13964,THE WHOO,2.00166E+11,The Whoo,1250000,,2400,404,FALSE,4.94,Hồ Chí Minh,https://www.lazada.vn/products/pdp-i1229906304.html
3320491649,[the Whoo Official] the Whoo Gongjinhyang Clarifying Cleansing Duo Kit,13964,THE WHOO,2.00166E+11,The Whoo,500000,,21,2,FALSE,5,Hồ Chí Minh,https://www.lazada.vn/products/pdp-i3320491649.html
3314151888,[Hb Gift - Exchange Member Points] Sws Red Envelopes,13876,Sulwhasoo,1000128028,Sulwhasoo Flagship Store,150000,,214,31,TRUE,5,Vietnam,https://www.lazada.vn/products/pdp-i3314151888.html
2932418207,[Hàng tặng không bán] SWS kem nhân sâm CGR Cream 5ml,13876,Sulwhasoo,1000128028,Sulwhasoo Flagship Store,540000,,0,1,TRUE,5,Bình Dương,https://www.lazada.vn/products/pdp-i2932418207.html
279120465,Sữa rửa mặt dịu nhẹ Sulwhasoo Gentle Cleansing Foam Ex 200ml,13876,Sulwhasoo,1000128028,Sulwhasoo Flagship Store,811800,820000,9900,1713,TRUE,4.94,Vietnam,https://www.lazada.vn/products/pdp-i279120465.html
717596527,Anti-Aging Essence from Sulwhasoo First Care Activating Serum 90ml,13876,Sulwhasoo,1000128028,Sulwhasoo Flagship Store,2871000,2900000,4100,711,TRUE,4.92,Vietnam,https://www.lazada.vn/products/pdp-i717596527.html
2676425484,Lip Balm to Reduce Wrinkles - Sulwhasoo Glowing Lip Balm 3g,13876,Sulwhasoo,1000128028,Sulwhasoo Flagship Store,950000,,376,87,TRUE,4.95,Vietnam,https://www.lazada.vn/products/pdp-i2676425484.html
2757878252,Sulwhasoo Concentrated Ginseng Rejuvenating Eye Cream 15ml,13876,Sulwhasoo,1000128028,Sulwhasoo Flagship Store,2650000,,216,59,TRUE,4.98,Vietnam,https://www.lazada.vn/products/pdp-i2757878252.html
2675055484,Sulwhasoo Perfecting Lip Color 3g,13876,Sulwhasoo,1000128028,Sulwhasoo Flagship Store,950000,,1200,210,TRUE,4.95,Vietnam,https://www.lazada.vn/products/pdp-i2675055484.html
3074289920,[Hb Gift - Redeem Member Points] Sws Hobobag,13876,Sulwhasoo,1000128028,Sulwhasoo Flagship Store,400000,,104,24,TRUE,4.88,Vietnam,https://www.lazada.vn/products/pdp-i3074289920.html
2492731339,Sulwhasoo Perfecting Cushion Airy 15g - Includes 1 Replacement Core 15g,13876,Sulwhasoo,1000128028,Sulwhasoo Flagship Store,1782000,1800000,1600,261,TRUE,4.92,Vietnam,https://www.lazada.vn/products/pdp-i2492731339.html
3261616174,[Hb Gift - Points Redemption] Sws Cgr Cream Sampling 7Ea Sep.24,13876,Sulwhasoo,1000128028,Sulwhasoo Flagship Store,300000,,326,41,TRUE,4.85,Vietnam,https://www.lazada.vn/products/pdp-i3261616174.html
2763568880,[Hb Gift] Cosmetic Bag - Corduroy Pouch,13876,Sulwhasoo,1000128028,Sulwhasoo Flagship Store,400000,,328,53,TRUE,5,Vietnam,https://www.lazada.vn/products/pdp-i2763568880.html
2492598975,24H Matte Makeup Foundation Powder - Sulwhasoo Perfecting Cushion 15g *Includes 1 Replacement Core 15g,13876,Sulwhasoo,1000128028,Sulwhasoo Flagship Store,1782000,1800000,1700,274,TRUE,4.95,Vietnam,https://www.lazada.vn/products/pdp-i2492598975.html
3173501603,[Hb Gift] White Sws Fabric Hair Tie - Sws Chiffon Hair Scrunchie,13876,Sulwhasoo,1000128028,Sulwhasoo Flagship Store,200000,,521,74,TRUE,4.92,Vietnam,https://www.lazada.vn/products/pdp-i3173501603.html
2763787127,[Hb Gift - Points Redemption] Sws Thermos Bottle - Ombre Tumbler 700ml,13876,Sulwhasoo,1000128028,Sulwhasoo Flagship Store,400000,,396,85,TRUE,4.95,Vietnam,https://www.lazada.vn/products/pdp-i2763787127.html
2757901109,Sulwhasoo Concentrated Ginseng Rejuvenating Serum 50ml,13876,Sulwhasoo,1000128028,Sulwhasoo Flagship Store,4900500,4950000,553,105,TRUE,4.91,Vietnam,https://www.lazada.vn/products/pdp-i2757901109.html
280568699,Dầu tẩy trang dịu nhẹ Sulwhasoo Gentle Cleansing Oil Ex 200ml,13876,Sulwhasoo,1000128028,Sulwhasoo Flagship Store,910800,920000,4100,755,TRUE,4.96,Vietnam,https://www.lazada.vn/products/pdp-i280568699.html
3068865356,Sulwhasoo Essential Firming Cream Ex 75ml Essential Soothing and Firming Cream,13876,Sulwhasoo,1000128028,Sulwhasoo Flagship Store,2673000,2700000,159,31,TRUE,5,Vietnam,https://www.lazada.vn/products/pdp-i3068865356.html
3299324021,| New |   White Ginseng Brightening Essence 30ml - Sulwhasoo Lumiwise Brightening Serum 30ml,13876,Sulwhasoo,1000128028,Sulwhasoo Flagship Store,3200000,,7,0,TRUE,5,Vietnam,https://www.lazada.vn/products/pdp-i3299324021.html
3068679971,Sulwhasoo Essential Revitalizing Emulsion Ex 125ml Essential Soothing and Firming Lotion,13876,Sulwhasoo,1000128028,Sulwhasoo Flagship Store,1590000,,97,17,TRUE,5,Vietnam,https://www.lazada.vn/products/pdp-i3068679971.html
3068901194,Sulwhasoo Essential Revitalizing Water Ex 150ml Essential Soothing and Firming Skin Care Water,13876,Sulwhasoo,1000128028,Sulwhasoo Flagship Store,1490000,,91,12,TRUE,4.83,Vietnam,https://www.lazada.vn/products/pdp-i3068901194.html
3068714745,Sulwhasoo Essential Firming Cream Ex 50ml,13876,Sulwhasoo,1000128028,Sulwhasoo Flagship Store,1980000,2000000,150,33,TRUE,5,Vietnam,https://www.lazada.vn/products/pdp-i3068714745.html
2757709875,Sulwhasoo Concentrated Ginseng Rejuvenating Cream 50ml,13876,Sulwhasoo,1000128028,Sulwhasoo Flagship Store,5346000,5400000,756,130,TRUE,4.97,Vietnam,https://www.lazada.vn/products/pdp-i2757709875.html
3299243675,LUMIWISE BRIGHTENING ESSENCE WATER,13876,Sulwhasoo,1000128028,Sulwhasoo Flagship Store,1900000,,0,1,TRUE,5,Vietnam,https://www.lazada.vn/products/pdp-i3299243675.html
717608125,Anti-Aging Essence from Sulwhasoo First Care Activating Serum 30ml,13876,Sulwhasoo,1000128028,Sulwhasoo Flagship Store,1200000,,1500,277,TRUE,4.87,Vietnam,https://www.lazada.vn/products/pdp-i717608125.html
13354721673,[New] Sulwhasoo First Care Activating Eye Serum 20ml,13876,Sulwhasoo,1000128028,Sulwhasoo Flagship Store,2400000,,0,,TRUE,,Vietnam,https://www.lazada.vn/products/pdp-i13354721673.html
717432654,Anti-Aging Essence from Sulwhasoo First Care Activating Serum 60ml,13876,Sulwhasoo,1000128028,Sulwhasoo Flagship Store,2200000,,1700,337,TRUE,4.87,Vietnam,https://www.lazada.vn/products/pdp-i717432654.html
2757892057,Sulwhasoo Concentrated Ginseng Rejuvenating Water 150ml,13876,Sulwhasoo,1000128028,Sulwhasoo Flagship Store,2250000,,232,58,TRUE,5,Vietnam,https://www.lazada.vn/products/pdp-i2757892057.html
2675082004,Water-Resistant Oil-Control Sunscreen Milk 50ml - Sulwhasoo Uv Daily Fluid Sunscreen 50ml Spf 50+ / Pa+++,13876,Sulwhasoo,1000128028,Sulwhasoo Flagship Store,1300000,,238,67,TRUE,4.93,Vietnam,https://www.lazada.vn/products/pdp-i2675082004.html
2757758700,Sulwhasoo Concentrated Ginseng Rejuvenating Serum 30ml,13876,Sulwhasoo,1000128028,Sulwhasoo Flagship Store,3300000,,296,68,TRUE,4.99,Vietnam,https://www.lazada.vn/products/pdp-i2757758700.html
2757738663,Sulwhasoo Concentrated Ginseng Rejuvenating Emulsion 125ml,13876,Sulwhasoo,1000128028,Sulwhasoo Flagship Store,2400000,,189,42,TRUE,4.93,Vietnam,https://www.lazada.vn/products/pdp-i2757738663.html
2776847346,Concentrated Ginseng Essence Helps Rescue Skin Sulwhasoo Concentrated Ginseng Rejuvenating Ampoule 20g,13876,Sulwhasoo,1000128028,Sulwhasoo Flagship Store,3100000,,126,28,TRUE,4.86,Vietnam,https://www.lazada.vn/products/pdp-i2776847346.html
2757777609,Sulwhasoo Concentrated Ginseng Rejuvenating Cream 30ml,13876,Sulwhasoo,1000128028,Sulwhasoo Flagship Store,3366000,3400000,372,69,TRUE,4.99,Vietnam,https://www.lazada.vn/products/pdp-i2757777609.html
3327769870,[New] Sulwhasoo Perfecting Tinted Cream 35ml,13876,Sulwhasoo,1000128028,Sulwhasoo Flagship Store,1700000,,0,,TRUE,,Vietnam,https://www.lazada.vn/products/pdp-i3327769870.html
3299220740,| New |   Sulwhasoo Lumiwise Brightening Discoloration Corrector 30ml,13876,Sulwhasoo,1000128028,Sulwhasoo Flagship Store,3200000,,0,1,TRUE,5,Vietnam,https://www.lazada.vn/products/pdp-i3299220740.html
280606124,Mặt nạ ngủ dưỡng ẩm Sulwhasoo Overnight Vitalizing Mask Ex 120ml,13876,Sulwhasoo,1000128028,Sulwhasoo Flagship Store,1280000,,1300,289,TRUE,4.85,Vietnam,https://www.lazada.vn/products/pdp-i280606124.html
918042283,Daily Skin Care Sunscreen 50ml - Sulwhasoo Uv Daily Essential & Tone up Sunscreen 50ml Spf 50 + / Pa+++,13876,Sulwhasoo,1000128028,Sulwhasoo Flagship Store,1980000,2000000,1300,203,TRUE,4.91,Vietnam,https://www.lazada.vn/products/pdp-i918042283.html
825292084,Sulwhasoo White Ginseng Radiance Refining Mask 120ml,13876,Sulwhasoo,1000128028,Sulwhasoo Flagship Store,1580000,,511,93,TRUE,4.99,Vietnam,https://www.lazada.vn/products/pdp-i825292084.html
1261865877,Shiseido Men Moisturizing Lip Creator Lip Balm 2g,1426,Shiseido,2.0016E+11,Shiseido,640000,,82,25,TRUE,5,Vietnam,https://www.lazada.vn/products/pdp-i1261865877.html
3305857378,High-Quality Eye Cream Helps Lift and Firm the Skin.,1426,Shiseido,2.0016E+11,Shiseido,2380000,,0,,TRUE,,Vietnam,https://www.lazada.vn/products/pdp-i3305857378.html
2156809832,Shiseido Smu Technosatin Gel Lipstick 3.3g,1426,Shiseido,2.0016E+11,Shiseido,835000,,200,62,TRUE,4.89,Vietnam,https://www.lazada.vn/products/pdp-i2156809832.html
13355754258,Smu Rve Loose Powder,1426,Shiseido,2.0016E+11,Shiseido,1265000,,0,,TRUE,,Vietnam,https://www.lazada.vn/products/pdp-i13355754258.html
3003033214,Shiseido Ultimune Power Infusing 4.0 Serum 75ml,1426,Shiseido,2.0016E+11,Shiseido,3780000,,434,89,TRUE,4.92,Vietnam,https://www.lazada.vn/products/pdp-i3003033214.html
520250416,Shiseido Clarifying Cleansing Foam 125ml,1426,Shiseido,2.0016E+11,Shiseido,1080000,,1200,243,TRUE,4.93,Vietnam,https://www.lazada.vn/products/pdp-i520250416.html
520262231,Shiseido Deep Cleansing Foam 125ml,1426,Shiseido,2.0016E+11,Shiseido,1080000,,970,187,TRUE,4.91,Vietnam,https://www.lazada.vn/products/pdp-i520262231.html
2381993628,BNF NEW EYE CREAM,1426,Shiseido,2.0016E+11,Shiseido,1620000,,304,77,TRUE,4.99,Vietnam,https://www.lazada.vn/products/pdp-i2381993628.html
765522140,Shiseido Instant Eye and Lip Makeup Remover 125ml,1426,Shiseido,2.0016E+11,Shiseido,740000,,47,12,TRUE,5,Vietnam,https://www.lazada.vn/products/pdp-i765522140.html
2580035054,Shiseido Vital Perfection Uplifting and Firming Advanced Cream 50ml,1426,Shiseido,2.0016E+11,Shiseido,3490000,,200,51,TRUE,4.83,Vietnam,https://www.lazada.vn/products/pdp-i2580035054.html
3003080003,Shiseido Benefiance Brightening Gel Cream 50ml,1426,Shiseido,2.0016E+11,Shiseido,1915000,,264,48,TRUE,4.98,Vietnam,https://www.lazada.vn/products/pdp-i3003080003.html
765458079,Shiseido Perfect Cleansing Oil 180ml,1426,Shiseido,2.0016E+11,Shiseido,835000,,377,75,TRUE,4.95,Vietnam,https://www.lazada.vn/products/pdp-i765458079.html
1848773411,Shiseido Urban Environment Triple Beauty Suncare Emulsionspf50+ Pa++++ 30ml,1426,Shiseido,2.0016E+11,Shiseido,1326000,,1100,208,TRUE,4.91,Vietnam,https://www.lazada.vn/products/pdp-i1848773411.html
2579962754,Shiseido Vital Perfection Uplifting and Firming Advanced Cream Soft 50ml,1426,Shiseido,2.0016E+11,Shiseido,3490000,,206,50,TRUE,5,Vietnam,https://www.lazada.vn/products/pdp-i2579962754.html
3003069072,Shiseido Benefiance Brightening m S Serum 30ml,1426,Shiseido,2.0016E+11,Shiseido,2850000,,48,8,TRUE,5,Vietnam,https://www.lazada.vn/products/pdp-i3003069072.html
3132608047,Set of Utm Power Infusing 4.0 Serum 30ml and Revitalessence Skin Glow Foundation 30ml,1426,Shiseido,2.0016E+11,Shiseido,3880000,,0,,TRUE,,Vietnam,https://www.lazada.vn/products/pdp-i3132608047.html
3266455907,Combo Serum 75ml & Vital Perfection Uplifting and Firming Advanced Cream 50ml,1426,Shiseido,2.0016E+11,Shiseido,7270000,,0,,TRUE,,Vietnam,https://www.lazada.vn/products/pdp-i3266455907.html
3266605033,"Combo of Serum Essence 75ml & Shiseido Red Regenerating Water, Improves All Skin Problems with More Than 1 Million Beneficial Bacteria",1426,Shiseido,2.0016E+11,Shiseido,5940000,,0,,TRUE,,Vietnam,https://www.lazada.vn/products/pdp-i3266605033.html
13355738283,Transparent Spray-On Sunscreen Provides Comprehensive Protection for All Activities.,1426,Shiseido,2.0016E+11,Shiseido,1250000,,0,2,TRUE,5,Vietnam,https://www.lazada.vn/products/pdp-i13355738283.html
520230728,Shiseido Brow Inktrio 3-in-1 Eyebrow Pencil 0.31g,1426,Shiseido,2.0016E+11,Shiseido,690000,,150,30,TRUE,4.93,Vietnam,https://www.lazada.vn/products/pdp-i520230728.html
3002824715,Shiseido Ultimune Power Infusing 4.0 Serum 30ml,1426,Shiseido,2.0016E+11,Shiseido,2160000,,149,29,TRUE,5,Vietnam,https://www.lazada.vn/products/pdp-i3002824715.html
765444589,Shiseido Perfect Cleansing Oil 300ml,1426,Shiseido,2.0016E+11,Shiseido,1130000,,460,95,TRUE,4.88,Vietnam,https://www.lazada.vn/products/pdp-i765444589.html
13366675215,Combo of Uplifting and Firming Advanced Cream Soft 50ml and Intensive Wrinklespot Treatment 20ml,1426,Shiseido,2.0016E+11,Shiseido,6535000,,0,,TRUE,,Vietnam,https://www.lazada.vn/products/pdp-i13366675215.html
3286606470,Combo Uplifting and Firming Advanced Cream 50ml and Intensive Wrinklespot Treatment 20ml,1426,Shiseido,2.0016E+11,Shiseido,6535000,,0,,TRUE,,Vietnam,https://www.lazada.vn/products/pdp-i3286606470.html
3132447865,"Shiseido Red Regenerating Serum & Water Combo, Improves All Skin Problems with over 1 Million Bacteria",1426,Shiseido,2.0016E+11,Shiseido,4320000,,5,,TRUE,,Vietnam,https://www.lazada.vn/products/pdp-i3132447865.html
2425499105,Revitalessence Skin Glow Foundation 30ml,1426,Shiseido,2.0016E+11,Shiseido,1720000,,244,43,TRUE,5,Vietnam,https://www.lazada.vn/products/pdp-i2425499105.html
3132558409,Combo X2 Comprehensive Sunscreen Prevents Aging and Fade Brown Spots Thanks to Profencel Technology - Shiseido Sunscreen Milk,1426,Shiseido,2.0016E+11,Shiseido,2652000,,14,1,TRUE,5,Vietnam,https://www.lazada.vn/products/pdp-i3132558409.html
1261757738,Chống nắng dạng thỏi Shiseido Men Clear Stick UV Protector 20G,1426,Shiseido,2.0016E+11,Shiseido,835000,,224,38,TRUE,4.92,Vietnam,https://www.lazada.vn/products/pdp-i1261757738.html
3049267292,Shiseido Gsc Perfect Sun Protector Hydro Gel Cream Spf50+ 50ml,1426,Shiseido,2.0016E+11,Shiseido,1326000,,28,5,TRUE,5,Vietnam,https://www.lazada.vn/products/pdp-i3049267292.html
3286625504,Combo Svp Uplifting and Firming Advanced Eye Cream and Intensive Wrinklespot Treatment 20ml,1426,Shiseido,2.0016E+11,Shiseido,5425000,,0,,TRUE,,Vietnam,https://www.lazada.vn/products/pdp-i3286625504.html
3002852690,Shiseido Ultimune Power Infusing 4.0 Serum 50ml,1426,Shiseido,2.0016E+11,Shiseido,3240000,,27,4,TRUE,4.5,Vietnam,https://www.lazada.vn/products/pdp-i3002852690.html
2579976744,Shiseido Vital Perfection Bright Revitalizing Emulsion 100ml,1426,Shiseido,2.0016E+11,Shiseido,3290000,,73,19,TRUE,5,Vietnam,https://www.lazada.vn/products/pdp-i2579976744.html
3049183711,Sunscreen Stick Shiseido Gsc Perfect Sun Protector Clear Stick Spf50+ 20g,1426,Shiseido,2.0016E+11,Shiseido,885000,,27,5,TRUE,5,Vietnam,https://www.lazada.vn/products/pdp-i3049183711.html
3234060270,Shiseido Men Ultimune Power Infusing Concentrate 50ml,1426,Shiseido,2.0016E+11,Shiseido,3240000,,5,3,TRUE,5,Vietnam,https://www.lazada.vn/products/pdp-i3234060270.html
2799408430,Revitalessence Skin Glow Primer 30ml,1426,Shiseido,2.0016E+11,Shiseido,1395000,,9,1,TRUE,4,Vietnam,https://www.lazada.vn/products/pdp-i2799408430.html
3178611603,Intensive Wrinklespot Treatment Wrinkle-Improving Cream,1426,Shiseido,2.0016E+11,Shiseido,3045000,,17,1,TRUE,5,Vietnam,https://www.lazada.vn/products/pdp-i3178611603.html
1734574387,Shiseido Essential Energy Hydrating Cream 50ml,1426,Shiseido,2.0016E+11,Shiseido,1575000,,731,134,TRUE,4.93,Vietnam,https://www.lazada.vn/products/pdp-i1734574387.html
3199302468,Shiseido 3-Step Skin Care Product Set for Moisturizing and Lifting,1426,Shiseido,2.0016E+11,Shiseido,1470000,,21,3,TRUE,5,Vietnam,https://www.lazada.vn/products/pdp-i3199302468.html
3132636080,Gsc P Sun Protector Lotion Duo and Gsc P Sun Protector Lotion for Sensitive Skin Spf50+ 50ml,1426,Shiseido,2.0016E+11,Shiseido,2556000,,0,,TRUE,,Vietnam,https://www.lazada.vn/products/pdp-i3132636080.html
2579987719,Shiseido Vital Perfection Bright Revitalizing Lotion Enriched 150ml,1426,Shiseido,2.0016E+11,Shiseido,2115000,,34,11,TRUE,5,Vietnam,https://www.lazada.vn/products/pdp-i2579987719.html
3049169722,Sunscreen Milk for Sensitive Skin Shiseido Gsc Perfect Sun Protector Lotion Sensitive Spf50+ 50ml,1426,Shiseido,2.0016E+11,Shiseido,1230000,,62,14,TRUE,5,Vietnam,https://www.lazada.vn/products/pdp-i3049169722.html
3132447793,Utm Power Infusing 4.0 Serum 30ml and Utm Power Infusing 4.0 Serum 75ml Duo,1426,Shiseido,2.0016E+11,Shiseido,5940000,,5,1,TRUE,5,Vietnam,https://www.lazada.vn/products/pdp-i3132447793.html
13355123090,Combo of Ultimune 4.0 Serum 75ml and Shiseido Gsc Perfect Sun Protector Lotion Spf50+ 50ml,1426,Shiseido,2.0016E+11,Shiseido,5106000,,0,,TRUE,,Vietnam,https://www.lazada.vn/products/pdp-i13355123090.html
13355015372,Combo of Perfect Sun Protector Lotion Spf50+ 50ml and Urban Environment Triple Beauty Suncare Emulsion Spf50+ Pa++++ 30ml,1426,Shiseido,2.0016E+11,Shiseido,2652000,,0,,TRUE,,Vietnam,https://www.lazada.vn/products/pdp-i13355015372.html
2579977745,Shiseido Vital Perfection Bright Revitalizing Emulsion Enriched 100ml,1426,Shiseido,2.0016E+11,Shiseido,3290000,,41,14,TRUE,5,Vietnam,https://www.lazada.vn/products/pdp-i2579977745.html
520230669,Shiseido Benefiance Wrinkle Smoothing Cream Enriched Anti-Aging Moisturizing Cream 50ml,1426,Shiseido,2.0016E+11,Shiseido,1915000,,3000,574,TRUE,4.87,Vietnam,https://www.lazada.vn/products/pdp-i520230669.html
2580005641,Shiseido Vital Perfection Bright Revitalizing Lotion 150ml,1426,Shiseido,2.0016E+11,Shiseido,2115000,,27,11,TRUE,5,Vietnam,https://www.lazada.vn/products/pdp-i2580005641.html
2843769070,Shiseido Synchro Skin Radiant Lifting Foundation 30ml,1426,Shiseido,2.0016E+11,Shiseido,1580000,,36,8,TRUE,4.88,Vietnam,https://www.lazada.vn/products/pdp-i2843769070.html
3266514339,Combo Essence 75ml & Vital Perfection Uplifting and Firming Advanced Cream Soft 50ml,1426,Shiseido,2.0016E+11,Shiseido,7270000,,5,1,TRUE,5,Vietnam,https://www.lazada.vn/products/pdp-i3266514339.html
2168525020,Nước thần đỏ Shiseido Eudermine Activating Essence 145ml,1426,Shiseido,2.0016E+11,Shiseido,2160000,,926,191,TRUE,4.97,Vietnam,https://www.lazada.vn/products/pdp-i2168525020.html
3065213951,Shiseido Synchro Skin Radiant Lifting Concealer 2.7g,1426,Shiseido,2.0016E+11,Shiseido,885000,,13,4,TRUE,4,Vietnam,https://www.lazada.vn/products/pdp-i3065213951.html
3049179643,Shiseido Gsc Perfect Sun Protector Lotion Spf50+ 50ml,1426,Shiseido,2.0016E+11,Shiseido,1326000,,340,63,TRUE,4.92,Vietnam,https://www.lazada.vn/products/pdp-i3049179643.html
1261989005,Shiseido Men Moisturizing Lip Creator Tint 2g Colored Lip Balm,1426,Shiseido,2.0016E+11,Shiseido,640000,,76,19,FALSE,4.84,Hồ Chí Minh,https://www.lazada.vn/products/pdp-i1261989005.html
520260265,Shiseido Synchro Skin Self-Refreshing Case for Cushion Compact,1426,Shiseido,2.0016E+11,Shiseido,270000,,40,13,FALSE,5,Hồ Chí Minh,https://www.lazada.vn/products/pdp-i520260265.html
3132465697,"Combo Serum - Cream: Radiant, Spotless Skin Care Solution - Shiseido Benefiance Gel & Cream",1426,Shiseido,2.0016E+11,Shiseido,4765000,,0,1,FALSE,5,Vietnam,https://www.lazada.vn/products/pdp-i3132465697.html
3132557302,Combo Cleansing & Sunscreen for Skin Protected Against All Impacts - Shiseido Sunscreen & Facial Cleanser,1426,Shiseido,2.0016E+11,Shiseido,2406000,,12,0,FALSE,5,Hồ Chí Minh,https://www.lazada.vn/products/pdp-i3132557302.html
2070262528,[Shock Deal 02.02 | 500K Off] Essence That Fades Dark Spots and Reduces the Formation of Brown Spots Murad Rapid Dark Spot Correcting Serum 30ml,2404,Murad,2.00204E+11,Murad,2372000,2445000,1800,250,TRUE,4.98,Vietnam,https://www.lazada.vn/products/pdp-i2070262528.html
3132919755,The Duo of Products to Help Improve Dark Spots: Rapid Dark Spot Serum 30ml & Brighten Skin Tone Evenly: Vita-C Glycolic Serum 30ml,2404,Murad,2.00204E+11,Murad,4992000,,9,,TRUE,,Vietnam,https://www.lazada.vn/products/pdp-i3132919755.html
1999474295,[Mega Tet |   Discount 500K] Murad Rapid Relief Acne Treatment Gel 15ml,2404,Murad,2.00204E+11,Murad,753000,776000,2100,277,TRUE,4.91,Vietnam,https://www.lazada.vn/products/pdp-i1999474295.html
3187081442,[Pre-Order] Trio of Dark Spot Improvement Essence & Vitac Skin Brightening Essence & Retinol Moisturizer for Smooth Skin 50ml,2404,Murad,2.00204E+11,Murad,7805000,,0,,TRUE,,Vietnam,https://www.lazada.vn/products/pdp-i3187081442.html
3317073078,"Rapid Dark Spot Serum 30ml, a Duo That Helps Improve Dark Spots",2404,Murad,2.00204E+11,Murad,4890000,,0,,TRUE,,Vietnam,https://www.lazada.vn/products/pdp-i3317073078.html
1999468969,Murad Nutrient-Charged Water Gel Rich in Essence 50ml,2404,Murad,2.00204E+11,Murad,1998000,,139,15,TRUE,5,Vietnam,https://www.lazada.vn/products/pdp-i1999468969.html
1999570180,"[Pre-Order] Murad Vita-C Glycolic Serum 30ml, a Skin-Brightening and Skin-Tone-Evening Essence",2404,Murad,2.00204E+11,Murad,2472000,2548000,622,97,TRUE,4.9,Vietnam,https://www.lazada.vn/products/pdp-i1999570180.html
3209455669,"[Pre-Order] Set of Three Moisturizing, Dark Spot Reducing and Skin Brightening Essences - Rapid Dark Spot & Vita-C Skin Brightening Essence & Nutrient-Charged Water Gel",2404,Murad,2.00204E+11,Murad,6991000,,0,,TRUE,,Vietnam,https://www.lazada.vn/products/pdp-i3209455669.html
1999512677,Retinol Moisturizing Cream Helps Smooth Skin and Reduce Wrinkles Murad Retinol Youth Renewal Cream 50ml,2404,Murad,2.00204E+11,Murad,2812000,,114,30,TRUE,4.93,Vietnam,https://www.lazada.vn/products/pdp-i1999512677.html
3222219560,The Duo Supports Improving Dark Spots Rapid Dark Spot Serum 30ml & Improves Elasticity Retinal Serum 30ml,2404,Murad,2.00204E+11,Murad,5381000,,0,,TRUE,,Vietnam,https://www.lazada.vn/products/pdp-i3222219560.html
3059716090,The Duo of Anti-Aging Support Products: Retinol Youth Renewal Serum 30ml & Retinol Youth Renewal Cream 50ml,2404,Murad,2.00204E+11,Murad,5709000,,15,3,TRUE,5,Vietnam,https://www.lazada.vn/products/pdp-i3059716090.html
3175353833,Rapid Dark Spot Serum 30ml & Superactive Moisturizer Spf 40 50ml Set to Improve Dark Spots,2404,Murad,2.00204E+11,Murad,3895000,,0,,TRUE,,Vietnam,https://www.lazada.vn/products/pdp-i3175353833.html
3317063110,Vita-C Glycolic Serum 30ml & Nutrient Charged Gel 50ml Moisturizing Duo,2404,Murad,2.00204E+11,Murad,4546000,,0,,TRUE,,Vietnam,https://www.lazada.vn/products/pdp-i3317063110.html
3229453896,Nutrient Charged Gel Moisturizing Duo 50ml & Rapid Dark Spot Dark Spot Improvement Set 30ml,2404,Murad,2.00204E+11,Murad,4443000,,0,,TRUE,,Vietnam,https://www.lazada.vn/products/pdp-i3229453896.html
1999428938,Murad Clarifying oil free water gel moisturizer 60ml,2404,Murad,2.00204E+11,Murad,1345000,,154,27,TRUE,4.96,Vietnam,https://www.lazada.vn/products/pdp-i1999428938.html
1999567409,Retinol Essence Helps Smooth Skin and Reduce Wrinkles Murad Retinol Youth Renewal Serum 30ml,2404,Murad,2.00204E+11,Murad,2896000,,305,44,TRUE,4.84,Vietnam,https://www.lazada.vn/products/pdp-i1999567409.html
3085888644,Retinol Youth renewai Serum 30ml anti-aging retinol rapid Dark Spot Serum self-cultivation Serum 50ml,2404,Murad,2.00204E+11,Murad,5342000,,0,1,TRUE,5,Vietnam,https://www.lazada.vn/products/pdp-i3085888644.html
3186992665,Set of Three: Dark Spot Improvement Essence & Vitac Skin Brightening Essence & Sunscreen,2404,Murad,2.00204E+11,Murad,6442000,,0,,TRUE,,Vietnam,https://www.lazada.vn/products/pdp-i3186992665.html
3199886527,Retinal Essence Duo Helps Improve Skin Elasticity 30ml & Retinol Moisturizing Cream Helps Smooth Skin 50ml,2404,Murad,2.00204E+11,Murad,5749000,,0,1,TRUE,5,Vietnam,https://www.lazada.vn/products/pdp-i3199886527.html
3172657876,Sunscreen - Murad Superactive Moisturizer Spf 40: Mattifying Oil + Pore Control 50ml,2404,Murad,2.00204E+11,Murad,1450000,,6,1,TRUE,5,Vietnam,https://www.lazada.vn/products/pdp-i3172657876.html
3172694636,Acne Prevention Support Serum - Murad Biome-Balancing Clear & Prevent Acne,2404,Murad,2.00204E+11,Murad,1449000,,17,0,TRUE,5,Vietnam,https://www.lazada.vn/products/pdp-i3172694636.html
3134998911,Skin Brightening & Anti-Aging Duo: Vita-C Glycolic Serum 30ml & Retinol Youth Renewal Cream 50ml,2404,Murad,2.00204E+11,Murad,5361000,,0,,TRUE,,Vietnam,https://www.lazada.vn/products/pdp-i3134998911.html
2870025876,Essence That Soothes Dry Skin and Nourishes the Skin's Protective Barrier Murad Cellular Hydration Repair Serum 30ml,2404,Murad,2.00204E+11,Murad,2210000,,9,2,TRUE,5,Vietnam,https://www.lazada.vn/products/pdp-i2870025876.html
2612411027,Retinous essence to improve skin elasticity Murad retinous favorites midnight treatment 30ml,2404,Murad,2.00204E+11,Murad,2935000,,77,15,TRUE,5,Vietnam,https://www.lazada.vn/products/pdp-i2612411027.html
3272618796,Rapid Dark Spot Serum 30ml & Cellular Serum 30ml to Help Reduce Dark Spots and Smooth Skin,2404,Murad,2.00204E+11,Murad,4655000,,0,,TRUE,,Vietnam,https://www.lazada.vn/products/pdp-i3272618796.html
3175480077,Biome Acne Serum 30ml & Water Gel 60ml Anti-Acne Support Duo,2404,Murad,2.00204E+11,Murad,2796000,,0,,TRUE,,Vietnam,https://www.lazada.vn/products/pdp-i3175480077.html
3085919602,The Duo of Products to Help Improve Dark Spots Rapid Dark Spot Serum 30ml & Prevent Aging Retinol Youth Renewal Cream 50ml,2404,Murad,2.00204E+11,Murad,5257000,,8,,TRUE,,Vietnam,https://www.lazada.vn/products/pdp-i3085919602.html
3001185622,Rapid Dark Spot Correcting Serum 5ml,2404,Murad,2.00204E+11,Murad,590000,,56,18,TRUE,5,Vietnam,https://www.lazada.vn/products/pdp-i3001185622.html
3161398139,148ml Murad top coat gel facial cleansing instrument,2404,Murad,2.00204E+11,Murad,1228000,,8,,FALSE,,Hồ Chí Minh,https://www.lazada.vn/products/pdp-i3161398139.html
3211558559,Murad Clarifying Cleanser 148ml,2404,Murad,2.00204E+11,Murad,1030000,,13,1,FALSE,5,Hồ Chí Minh,https://www.lazada.vn/products/pdp-i3211558559.html
2985343067,Murad AHA/BHA exfoliator gentle dead skin exfoliator 148ml,2404,Murad,2.00204E+11,Murad,1187000,,22,2,FALSE,5,Hồ Chí Minh,https://www.lazada.vn/products/pdp-i2985343067.html
13314716586,Obagi Nu-Cil Scalp & Hair Follicle Serum ®   Biostim ™,9863,Obagi,2.00424E+11,Obagi Chăm Da Chuẩn Y Khoa,2950000,,0,,TRUE,,Vietnam,https://www.lazada.vn/products/pdp-i13314716586.html
3061281641,Obagi Medical Foaming Gel (200ml),9863,Obagi,2.00424E+11,Obagi Chăm Da Chuẩn Y Khoa,1237500,1250000,21,7,TRUE,5,Vietnam,https://www.lazada.vn/products/pdp-i3061281641.html
3064161529,Obagi Medical Daily Hydro-Drops Rejuvenating Eye Gel Cream 15ml,9863,Obagi,2.00424E+11,Obagi Chăm Da Chuẩn Y Khoa,1930500,1950000,28,3,TRUE,5,Vietnam,https://www.lazada.vn/products/pdp-i3064161529.html
2995389616,Exfoliating Facial Cleanser That Helps Reduce Acne Clenziderm M.D. Daily Lightweight Foaming Blemish Cleanser,9863,Obagi,2.00424E+11,Obagi Chăm Da Chuẩn Y Khoa,1138500,1150000,28,1,TRUE,5,Vietnam,https://www.lazada.vn/products/pdp-i2995389616.html
3281165423,Obagi Elastiderm Skin Firming Serum ®   Facial Improves Overall Skin Signs of Aging 30ml,9863,Obagi,2.00424E+11,Obagi Chăm Da Chuẩn Y Khoa,4900500,4950000,0,1,TRUE,5,Vietnam,https://www.lazada.vn/products/pdp-i3281165423.html
3001271404,Obagi Medical Clenziderm M.D Bha Toner Duo for Acne Cleansing and Exfoliating 148ml and Obagi 360 Retinol 1.0 Anti-Aging & Skin Regeneration Cream 28g,9863,Obagi,2.00424E+11,Obagi Chăm Da Chuẩn Y Khoa,3267000,3300000,168,44,TRUE,5,Vietnam,https://www.lazada.vn/products/pdp-i3001271404.html
13346647000,Obagi Nu-Gen Cellular Level Skin Rejuvenation Serum Combo ™   Cellular Renewal 30ml & Toner Bha Clenziderm M.D. Exfoliating 148ml,9863,Obagi,2.00424E+11,Obagi Chăm Da Chuẩn Y Khoa,5148000,5200000,5,1,TRUE,5,Vietnam,https://www.lazada.vn/products/pdp-i13346647000.html
13346768945,Obagi Nu-Gen Cellular Level Skin Rejuvenation Serum Combo ™   Cellular Renewal 30ml & Premium Anti-Aging Cream for Skin Lifting and Tightening Elastiderm ®   Lift up & Sculpt Facial Moisturizer 50ml,9863,Obagi,2.00424E+11,Obagi Chăm Da Chuẩn Y Khoa,7177500,7250000,5,,TRUE,,Vietnam,https://www.lazada.vn/products/pdp-i13346768945.html
2965410910,Obagi Medical Retinol 0.5 Moisturizer & Wrinkle Reducer,9863,Obagi,2.00424E+11,Obagi Chăm Da Chuẩn Y Khoa,1880000,1900000,224,56,TRUE,4.95,Vietnam,https://www.lazada.vn/products/pdp-i2965410910.html
2397779456,Obagi Clinical Kinetin+ Hydrating Cream,9863,Obagi,2.00424E+11,Obagi Chăm Da Chuẩn Y Khoa,1668150,1685000,914,149,TRUE,4.93,Vietnam,https://www.lazada.vn/products/pdp-i2397779456.html
2392971001,Kem Dưỡng Ẩm Suốt 8 Giờ Obagi Hydrate Facial Moisturizer 48g,9863,Obagi,2.00424E+11,Obagi Chăm Da Chuẩn Y Khoa,1435500,1450000,151,35,TRUE,4.89,Vietnam,https://www.lazada.vn/products/pdp-i2392971001.html
2397873395,Kem dưỡng ẩm & làm giảm nếp nhăn Obagi Medical Retinol 1.0,9863,Obagi,2.00424E+11,Obagi Chăm Da Chuẩn Y Khoa,2029500,2050000,2200,419,TRUE,4.95,Vietnam,https://www.lazada.vn/products/pdp-i2397873395.html
3072875468,Obagi Daily Hydro-Drops Moisturizing & Restoring Serum Duo 30ml and Obagi Medical Daily Hydro-Drops Rejuvenating Eye Gel Cream 15ml,9863,Obagi,2.00424E+11,Obagi Chăm Da Chuẩn Y Khoa,4653000,4700000,0,2,TRUE,5,Hồ Chí Minh,https://www.lazada.vn/products/pdp-i3072875468.html
2997446023,[New Version] Obagi Medical Clenziderm M.D Bha Toner Duo for Acne Cleansing and Exfoliating 148ml and Obagi 360 Retinol 0.5 Anti-Aging & Skin Regeneration Cream 28g,9863,Obagi,2.00424E+11,Obagi Chăm Da Chuẩn Y Khoa,3117500,3150000,80,23,TRUE,4.92,Vietnam,https://www.lazada.vn/products/pdp-i2997446023.html
3135559245,Obagi Medical Retinol + Pha Night Cream to Regenerate and Prevent Skin Aging,9863,Obagi,2.00424E+11,Obagi Chăm Da Chuẩn Y Khoa,2919500,2950000,176,32,TRUE,5,Vietnam,https://www.lazada.vn/products/pdp-i3135559245.html
2397924237,Obagi Medical Retinol 0.5 Moisturizer & Wrinkle Reducer,9863,Obagi,2.00424E+11,Obagi Chăm Da Chuẩn Y Khoa,1880000,1900000,1400,271,TRUE,4.94,Vietnam,https://www.lazada.vn/products/pdp-i2397924237.html
2392814305,Obagi Hydrate Luxe Moisture-Rich Cream Is a Rich and Deeply Nourishing Moisturizer.,9863,Obagi,2.00424E+11,Obagi Chăm Da Chuẩn Y Khoa,1930500,1950000,102,17,TRUE,5,Vietnam,https://www.lazada.vn/products/pdp-i2392814305.html
2997347425,Obagi Medical Clenziderm M.D Bha Toner Duo for Acne Cleansing and Exfoliating 148ml and Obagi Daily Hydro-Drops Moisturizing & Restoring Serum 30ml,9863,Obagi,2.00424E+11,Obagi Chăm Da Chuẩn Y Khoa,3960000,4000000,7,1,TRUE,5,Vietnam,https://www.lazada.vn/products/pdp-i2997347425.html
3088040273,Obagi Medical Retinol + Pha 50ml and Daily Hydro-Drops Serum 30ml,9863,Obagi,2.00424E+11,Obagi Chăm Da Chuẩn Y Khoa,5643000,5700000,6,,TRUE,,Vietnam,https://www.lazada.vn/products/pdp-i3088040273.html
3281240160,Obagi Elastiderm Wrinkle-Fading Eye Essence ®   Eye Complete Complex 14ml,9863,Obagi,2.00424E+11,Obagi Chăm Da Chuẩn Y Khoa,2524500,2550000,6,1,TRUE,5,Vietnam,https://www.lazada.vn/products/pdp-i3281240160.html
3281125822,Premium Anti-Aging Essence Helps Remove Wrinkles Obagi Elastiderm Neck Serum ®   Neck and Décolleté Concentrate 60ml,9863,Obagi,2.00424E+11,Obagi Chăm Da Chuẩn Y Khoa,6048900,6110000,0,,TRUE,,Vietnam,https://www.lazada.vn/products/pdp-i3281125822.html
3135483484,The Duo of Obagi Medical Retinol + Pha 50ml Regenerating and Anti-Aging Cream and Kinetin+ Hydrating Skin Soothing Cream 50ml,9863,Obagi,2.00424E+11,Obagi Chăm Da Chuẩn Y Khoa,4588650,4635000,93,13,TRUE,4.69,Vietnam,https://www.lazada.vn/products/pdp-i3135483484.html
3281211160,Elastiderm Premium Anti-Aging Cream Helps Lift and Tighten Skin ®   Lift up & Sculpt Facial Moisturizer 50ml,9863,Obagi,2.00424E+11,Obagi Chăm Da Chuẩn Y Khoa,3267000,3300000,12,,TRUE,,Vietnam,https://www.lazada.vn/products/pdp-i3281211160.html
2997466004,[New Version] Toner Bha Duo for Acne Cleansing and Exfoliating and Obagi Medical Clenziderm M.D Facial Cleanser (148ml & 118ml),9863,Obagi,2.00424E+11,Obagi Chăm Da Chuẩn Y Khoa,2375000,2400000,27,13,TRUE,5,Vietnam,https://www.lazada.vn/products/pdp-i2997466004.html
13346357960,"Obagi Nu-Gen Cellular Level Skin Rejuvenation Serum Combo ™   Cellular Renewal 30ml & Moisturizer, Anti-Wrinkle Cream Medical Retinol 1.0",9863,Obagi,2.00424E+11,Obagi Chăm Da Chuẩn Y Khoa,5940000,6000000,0,1,TRUE,5,Vietnam,https://www.lazada.vn/products/pdp-i13346357960.html
3281119904,Elastiderm Eye Wrinkle Smoothing Cream ®   Eye Cream 15g,9863,Obagi,2.00424E+11,Obagi Chăm Da Chuẩn Y Khoa,2524500,2550000,0,,TRUE,,Vietnam,https://www.lazada.vn/products/pdp-i3281119904.html
3072944306,Obagi Clinical Kinetin+ Hydrating Skin Soothing Recovery Cream Duo 50ml and Obagi Medical Daily Hydro-Drops Rejuvenating Eye Gel Cream 15ml,9863,Obagi,2.00424E+11,Obagi Chăm Da Chuẩn Y Khoa,3598650,3635000,0,,TRUE,,Vietnam,https://www.lazada.vn/products/pdp-i3072944306.html
2880693154,Obagi Clinical Kinetin+ Hydrating Cream,9863,Obagi,2.00424E+11,Obagi Chăm Da Chuẩn Y Khoa,1668150,1685000,64,13,TRUE,5,Vietnam,https://www.lazada.vn/products/pdp-i2880693154.html
3064046678,Obagi Hydrate Light Gel Cream with Moisturizing Effect up to 24 Hours ™,9863,Obagi,2.00424E+11,Obagi Chăm Da Chuẩn Y Khoa,1435500,1450000,23,7,TRUE,5,Vietnam,https://www.lazada.vn/products/pdp-i3064046678.html
2997467026,Obagi Medical Clenziderm M.D Bha Toner Duo for Acne Cleansing and Exfoliation 148ml and Obagi Clinical Kinetin+ Hydrating Skin Soothing Recovery Cream 50ml,9863,Obagi,2.00424E+11,Obagi Chăm Da Chuẩn Y Khoa,2905650,2935000,34,9,TRUE,5,Vietnam,https://www.lazada.vn/products/pdp-i2997467026.html
2855649419,"Antioxidant Serum, Helps Brighten Skin, Prevents Dark Spots Obagi Medical Professional-C ®   20%",9863,Obagi,2.00424E+11,Obagi Chăm Da Chuẩn Y Khoa,2920500,2950000,44,12,TRUE,5,Vietnam,https://www.lazada.vn/products/pdp-i2855649419.html
13346636985,Obagi Nu-Gen Cellular Level Skin Rejuvenation Serum Combo ™   Cellular Renewal 30ml & Nighttime Skin Regeneration & Anti-Aging Cream Medical Retinol + Pha,9863,Obagi,2.00424E+11,Obagi Chăm Da Chuẩn Y Khoa,6831000,6900000,0,,TRUE,,Vietnam,https://www.lazada.vn/products/pdp-i13346636985.html
2413489553,[Phiên bản mới] Bộ đôi Kem chống lão hóa Obagi 360 Retinol 0.5 28g và Kem dưỡng phục hồi làm dịu da Obagi Clinical Kinetin+ Hydrating Cream 50ml,9863,Obagi,2.00424E+11,Obagi Chăm Da Chuẩn Y Khoa,3549150,3585000,49,13,TRUE,5,Vietnam,https://www.lazada.vn/products/pdp-i2413489553.html
13314483396,Obagi Nu-Gen Cellular Level Skin Rejuvenation Serum ™   Cellular Renewal 30ml,9863,Obagi,2.00424E+11,Obagi Chăm Da Chuẩn Y Khoa,3910500,3950000,0,,TRUE,,Vietnam,https://www.lazada.vn/products/pdp-i13314483396.html
2768990790,Skin Care Duo Obagi Retinol 1.0 Anti-Aging & Skin Regeneration Cream 28g and Hydro Drops Moisturizing Serum 30ml,9863,Obagi,2.00424E+11,Obagi Chăm Da Chuẩn Y Khoa,4752000,4800000,12,,TRUE,,Vietnam,https://www.lazada.vn/products/pdp-i2768990790.html
3135461843,The duo includes Retinol + PHA Regenerating Cream 50ml and BHA Exfoliating Toner 148ml.,9863,Obagi,2.00424E+11,Obagi Chăm Da Chuẩn Y Khoa,4158000,4200000,115,10,TRUE,4.6,Vietnam,https://www.lazada.vn/products/pdp-i3135461843.html
13346365929,Obagi Nu-Gen Cellular Level Skin Rejuvenation Serum Combo ™   Cellular Renewal 30ml & Moisturizer & Wrinkle Reducer Obagi Medical Retinol 0.5,9863,Obagi,2.00424E+11,Obagi Chăm Da Chuẩn Y Khoa,5791500,5850000,0,,TRUE,,Vietnam,https://www.lazada.vn/products/pdp-i13346365929.html
3281116886,Obagi Elastiderm Wrinkle Smoothing Essence ®   Advanced Filler Concentrate 20ml,9863,Obagi,2.00424E+11,Obagi Chăm Da Chuẩn Y Khoa,2623500,2650000,6,1,TRUE,5,Vietnam,https://www.lazada.vn/products/pdp-i3281116886.html
2424351193,Bộ đôi Kem chống lão hóa Obagi Retinol 1.0 28g và Kem dưỡng phục hồi làm dịu da Obagi Clinical Kinetin+ Hydrating Cream 50ml,9863,Obagi,2.00424E+11,Obagi Chăm Da Chuẩn Y Khoa,3697650,3735000,82,17,TRUE,4.82,Vietnam,https://www.lazada.vn/products/pdp-i2424351193.html
2397901251,"Antioxidant Serum, Helps Brighten Skin, Prevents Dark Spots Obagi Medical Professional-C ®   15%",9863,Obagi,2.00424E+11,Obagi Chăm Da Chuẩn Y Khoa,2524500,2550000,196,35,TRUE,4.83,Vietnam,https://www.lazada.vn/products/pdp-i2397901251.html
2759394043,Bộ đôi Hydro Drops & Vitamin C 15% 30ml,9863,Obagi,2.00424E+11,Obagi Chăm Da Chuẩn Y Khoa,5247000,5300000,100,17,TRUE,4.88,Vietnam,https://www.lazada.vn/products/pdp-i2759394043.html
3072813842,Obagi Clinical Kinetin+ Hydrating Skin Soothing Recovery Cream Duo 50ml and Obagi Medical Hydrate Light Weightless Gel Cream 48g,9863,Obagi,2.00424E+11,Obagi Chăm Da Chuẩn Y Khoa,3103650,3135000,8,3,TRUE,5,Vietnam,https://www.lazada.vn/products/pdp-i3072813842.html
3088138012,Obagi Retinol Pha + Vitamin C Serum 15% Duo,9863,Obagi,2.00424E+11,Obagi Chăm Da Chuẩn Y Khoa,5445000,5500000,0,,TRUE,,Vietnam,https://www.lazada.vn/products/pdp-i3088138012.html
3052307780,Bha Exfoliating Toner Helps Reduce Acne Clenziderm M.D. Pore Therapy Exfoliating Bha Toner,9863,Obagi,2.00424E+11,Obagi Chăm Da Chuẩn Y Khoa,1236500,1250000,915,170,TRUE,4.89,Vietnam,https://www.lazada.vn/products/pdp-i3052307780.html
2965505412,Kem dưỡng ẩm & làm giảm nếp nhăn Obagi Medical Retinol 1.0,9863,Obagi,2.00424E+11,Obagi Chăm Da Chuẩn Y Khoa,2029500,2050000,428,96,TRUE,4.98,Vietnam,https://www.lazada.vn/products/pdp-i2965505412.html
2995156939,Bha Exfoliating Toner Helps Reduce Acne Clenziderm M.D. Pore Therapy Exfoliating Bha Toner,9863,Obagi,2.00424E+11,Obagi Chăm Da Chuẩn Y Khoa,1236500,1250000,606,98,TRUE,4.88,Vietnam,https://www.lazada.vn/products/pdp-i2995156939.html
2398069022,"Obagi Daily Hydro-Drops Vitamin B3 Serum Hydrates, Moisturizes & Soothes Skin",9863,Obagi,2.00424E+11,Obagi Chăm Da Chuẩn Y Khoa,2721500,2750000,732,128,TRUE,4.93,Vietnam,https://www.lazada.vn/products/pdp-i2398069022.html
973822970,"Cleansing Gel for Irritated Skin, Free of Fragrances, Preservatives or Soap Bariederm Cica Gel Nettoyant 200ml",14029,URIAGE,100139048,Uriage,520000,,68,9,TRUE,5,Vietnam,https://www.lazada.vn/products/pdp-i973822970.html
3058098805,[Large Capacity] Facial Cleansing Gel for Oily and Acne-Prone Skin Uriage Hyséac Gel Nettoyant Anti-Imperfect 500ml,14029,URIAGE,100139048,Uriage,655000,895000,36,5,TRUE,5,Vietnam,https://www.lazada.vn/products/pdp-i3058098805.html
1843807592,"Daily Soothing, Healing and Restoring Skin Serum Uriage Cica Daily Serum 30ml",14029,URIAGE,100139048,Uriage,956000,1094000,758,110,TRUE,4.92,Vietnam,https://www.lazada.vn/products/pdp-i1843807592.html
222158026,"Facial Cleanser Helps Cleanse, Brighten and Purify the Skin Depiderm Mousse Nettoyante Éclaircissante 100ml",14029,URIAGE,100139048,Uriage,459000,516000,100,15,TRUE,5,Vietnam,https://www.lazada.vn/products/pdp-i222158026.html
222158001,Mineral Makeup Remover for Sensitive Skin Uriage Eau Micellaire Thermale Ps F 250ml,14029,URIAGE,100139048,Uriage,540000,,143,25,TRUE,5,Vietnam,https://www.lazada.vn/products/pdp-i222158001.html
973858332,"Moisturizing Wax Cream for Dry Skin, Atopic Dermatitis for Face and Body Uriage Xemose Baume Oleo-Apais Antigr t 200ml",14029,URIAGE,100139048,Uriage,523000,,47,11,TRUE,5,Vietnam,https://www.lazada.vn/products/pdp-i973858332.html
2455918956,"Brightening Serum That Enhances, Reduces Dark Spots, and Brown Spots Dépiderm Anti-Dark Spot Serum - Brightening Booster 30ml",14029,URIAGE,100139048,Uriage,1203000,,76,8,TRUE,5,Vietnam,https://www.lazada.vn/products/pdp-i2455918956.html
3186390402,(HB_Gift) Túi chần bông Uriage,14029,URIAGE,100139048,Uriage,500000,,0,,TRUE,,Vietnam,https://www.lazada.vn/products/pdp-i3186390402.html
222146988,Intensive Mineral Moisturizer in Cream Form for All Skin Types Uriage Eau Thermale Creme D'Eau t 40ml,14029,URIAGE,100139048,Uriage,769000,,213,34,TRUE,4.97,Vietnam,https://www.lazada.vn/products/pdp-i222146988.html
222158022,"Sunscreen Evens Out Skin Tone, Brightens Skin, Reduces Brown Spots and Freckles Depiderm Spf50+ Soin De Jour Anti-Taches 30ml",14029,URIAGE,100139048,Uriage,961000,,107,14,TRUE,4.29,Vietnam,https://www.lazada.vn/products/pdp-i222158022.html
938538927,Uriage Eau Thermale Gelee D'Eau t 40ml Mineral Intensive Moisturizing Gel,14029,URIAGE,100139048,Uriage,670000,774000,672,105,TRUE,4.93,Vietnam,https://www.lazada.vn/products/pdp-i938538927.html
222158002,Mineral Makeup Remover for Oily and Acne-Prone Skin Uriage Eau Micellaire Thermale Pmg 250ml,14029,URIAGE,100139048,Uriage,540000,,156,14,TRUE,4.71,Vietnam,https://www.lazada.vn/products/pdp-i222158002.html
1843880173,"Uriage Cica Daily Gel-Cream 40ml, a Cream That Soothes and Restores Damaged Skin Every Day.",14029,URIAGE,100139048,Uriage,604000,692000,284,48,TRUE,4.83,Vietnam,https://www.lazada.vn/products/pdp-i1843880173.html
973870179,"Gel-Oil Cleansing Gel for Dry Skin, Atopic Dermatitis, Eczema Uriage Xémose Huile Lavante Apaisante 200ml",14029,URIAGE,100139048,Uriage,377000,,26,3,TRUE,5,Vietnam,https://www.lazada.vn/products/pdp-i973870179.html
222146970,Intensive Moisturizing Sleeping Mask for 8 Hours Uriage Eau Thermale Masque D'Eau Nuit 50ml,14029,URIAGE,100139048,Uriage,682000,,56,16,TRUE,4.88,Vietnam,https://www.lazada.vn/products/pdp-i222146970.html
3270069878,(Hb_Gift) Fragrance-Free Lip Balm for Sensitive Lips 4g Xémose - Fragrance-Free Moisturizing Stick,14029,URIAGE,100139048,Uriage,500000,,0,,TRUE,,Vietnam,https://www.lazada.vn/products/pdp-i3270069878.html
3126549778,"Product Set: 30ml Serum & 150ml Uriage Hyseac Antibacterial Facial Cleansing Gel, Reduces Acne for Oily Skin",14029,URIAGE,100139048,Uriage,1636000,,0,,TRUE,,Vietnam,https://www.lazada.vn/products/pdp-i3126549778.html
2324328530,Bariésun Spf50+ Hydratante Crème Moisturizing Sunscreen 50ml,14029,URIAGE,100139048,Uriage,851000,,23,10,TRUE,5,Vietnam,https://www.lazada.vn/products/pdp-i2324328530.html
3058176433,"Serum to Reduce Acne, Antibacterial, Reduce Oiliness Hyseac Sérum Booster Anti-Imperfect 30ml",14029,URIAGE,100139048,Uriage,1139000,,8,,TRUE,,Vietnam,https://www.lazada.vn/products/pdp-i3058176433.html
3126546575,Product Set: 50ml Sunscreen Milk & 500ml Uriage Hyseac Facial Cleansing Gel for Oily and Acne-Prone Skin,14029,URIAGE,100139048,Uriage,1621000,,0,,TRUE,,Vietnam,https://www.lazada.vn/products/pdp-i3126546575.html
3126749031,Product Set: 30ml Serum & 50ml Uriage Hyseac Sunscreen for Oily and Acne-Prone Skin,14029,URIAGE,100139048,Uriage,1865000,,0,,TRUE,,Vietnam,https://www.lazada.vn/products/pdp-i3126749031.html
2267957319,Bariésun 100 Fluide Pro Extrème Spf50+ 50ml Lightweight Sunscreen Milk That Protects the Skin,14029,URIAGE,100139048,Uriage,765000,,27,3,TRUE,5,Vietnam,https://www.lazada.vn/products/pdp-i2267957319.html
973840686,"Emulsion to Support the Treatment of Dry Skin, Atopic Dermatitis, Eczema Uriage Xémose Cérat Relipidant Anti-Irritations 200ml",14029,URIAGE,100139048,Uriage,572000,,72,6,TRUE,5,Vietnam,https://www.lazada.vn/products/pdp-i973840686.html
259452687,(HB_Gift) Xịt Khoáng Chăm Sóc Da URIAGE THERMAL WATER 50ml,14029,URIAGE,100139048,Uriage,157300,,912,128,TRUE,4.95,Vietnam,https://www.lazada.vn/products/pdp-i259452687.html
2390783756,Mineral Moisturizing Serum Enhanced with H.A Eau Thermale Serum Booster H.A 30ml,14029,URIAGE,100139048,Uriage,955000,,119,24,TRUE,4.96,Vietnam,https://www.lazada.vn/products/pdp-i2390783756.html
222146995,Uriage Thermal Water Skin Balancing Moisturizing Spray 300ml,14029,URIAGE,100139048,Uriage,570000,,700,105,TRUE,4.88,Vietnam,https://www.lazada.vn/products/pdp-i222146995.html
222146993,Uriage Thermal Water Moisturizing and Balancing Mineral Spray 150ml,14029,URIAGE,100139048,Uriage,429000,,302,32,TRUE,4.82,Vietnam,https://www.lazada.vn/products/pdp-i222146993.html
3137189001,Uriage Bariesun Spf50+ Stick Mineral18G Physical Sunscreen Stick,14029,URIAGE,100139048,Uriage,495000,,0,,TRUE,,Vietnam,https://www.lazada.vn/products/pdp-i3137189001.html
2920650549,(HB_Gift) Sữa chống nắng mỏng nhẹ bảo vệ da BARIÉSUN 100 FLUIDE PRO EXTRÈME SPF50+ 5ml x 3,14029,URIAGE,100139048,Uriage,204000,,59,11,TRUE,4.91,Bình Dương,https://www.lazada.vn/products/pdp-i2920650549.html
222146998,"Uriage Bariéderm Cica-Crème Soothing, Healing and Restoring Cream 40ml",14029,URIAGE,100139048,Uriage,410000,,165,31,TRUE,5,Vietnam,https://www.lazada.vn/products/pdp-i222146998.html
222158013,"Facial Cleansing Gel for Oily, Acne-Prone & Combination Skin Hyséac Gel Nettoyant 150ml",14029,URIAGE,100139048,Uriage,430000,,745,114,FALSE,4.96,Bình Dương,https://www.lazada.vn/products/pdp-i222158013.html
222158014,"Mask, Exfoliator for Oily and Acne-Prone Skin Uriage Hyséac Masque Gommant 100ml",14029,URIAGE,100139048,Uriage,480000,,185,39,FALSE,5,Bình Dương,https://www.lazada.vn/products/pdp-i222158014.html
973872245,Cream to Soothe and Restore Irritated and Damaged Skin Bariederm Cica-Creme t 15ml,14029,URIAGE,100139048,Uriage,247000,,65,6,FALSE,5,Bình Dương,https://www.lazada.vn/products/pdp-i973872245.html
222158010,Uriage Stick Lèvres Hydratant Lip Balm 4g,14029,URIAGE,100139048,Uriage,247000,,430,66,FALSE,5,Bình Dương,https://www.lazada.vn/products/pdp-i222158010.html
222146999,Uriage Bariéderm Cica Levres Dry and Chapped Lip Care Cream 15ml,14029,URIAGE,100139048,Uriage,268000,300000,394,72,FALSE,4.94,Vietnam,https://www.lazada.vn/products/pdp-i222146999.html
3126677285,Set of 2 Uriage Stick Lèvres Hydratant Lip Balms 4g,14029,URIAGE,100139048,Uriage,494000,,0,,FALSE,,Bình Dương,https://www.lazada.vn/products/pdp-i3126677285.html
973842697,"Cream to Support the Treatment of Dry Skin, Atopic Dermatitis, Eczema Uriage Xemose Creme Relipidante Anti-Irritations 200ml",14029,URIAGE,100139048,Uriage,523000,,116,17,FALSE,5,Bình Dương,https://www.lazada.vn/products/pdp-i973842697.html
1454114566,(HB_Gift) (Minisize) Kem dưỡng ẩm dạng cream cho mọi lại da URIAGE EAU THERMALE CREME D'EAU T 15ml,14029,URIAGE,100139048,Uriage,251000,,179,28,FALSE,4.96,Bình Dương,https://www.lazada.vn/products/pdp-i1454114566.html
953152482,(HB_Gift) Mặt nạ ngủ dưỡng ẩm sâu trong 8 giờ EAU THERMALE MASQUE D'EAU NUIT P 15ml,14029,URIAGE,100139048,Uriage,180000,,627,104,FALSE,4.97,Bình Dương,https://www.lazada.vn/products/pdp-i953152482.html
13328024030,[Hb Gift] Eucerin Boosting Essence Brightening & Moisturizing Skin Care Lotion 30ml,10464,Eucerin,2.00239E+11,Eucerin,350000,,52,6,TRUE,4.83,Vietnam,https://www.lazada.vn/products/pdp-i13328024030.html
3206293687,[Gift Item] Eucerin Ultrasensitive Repair Serum 10ml for Sensitive Skin Restoration and Regeneration,10464,Eucerin,2.00239E+11,Eucerin,269000,,536,113,TRUE,4.95,Vietnam,https://www.lazada.vn/products/pdp-i3206293687.html
3205201458,Eucerin Ph5 Facial Cleanser for Sensitive Skin 400ml,10464,Eucerin,2.00239E+11,Eucerin,612000,666000,11,1,TRUE,5,Vietnam,https://www.lazada.vn/products/pdp-i3205201458.html
2967065515,Eucerin Spotless Brightening Cleansing Gel 200ml,10464,Eucerin,2.00239E+11,Eucerin,503000,559000,111,35,TRUE,5,Vietnam,https://www.lazada.vn/products/pdp-i2967065515.html
2120330631,Eucerin Spotless Brightening Cleansing Foam 150g,10464,Eucerin,2.00239E+11,Eucerin,458000,509000,1300,336,TRUE,4.97,Vietnam,https://www.lazada.vn/products/pdp-i2120330631.html
2120320632,Eucerin Ph5 Washlotion for Sensitive Skin 400ml,10464,Eucerin,2.00239E+11,Eucerin,240000,261000,179,96,TRUE,5,Vietnam,https://www.lazada.vn/products/pdp-i2120320632.html
2967183326,Eucerin Eucerin Facial Cleansing Gel for Acne-Prone Skin ®   Dermopure Clinical Correcting Gel to Foam 400ml,10464,Eucerin,2.00239E+11,Eucerin,617000,686000,165,43,TRUE,5,Vietnam,https://www.lazada.vn/products/pdp-i2967183326.html
2120398073,Eucerin Elasticity Night Cream to Prevent Deep Wrinkles & Sagging Skin at Night 50ml,10464,Eucerin,2.00239E+11,Eucerin,1436000,1561000,47,49,TRUE,5,Vietnam,https://www.lazada.vn/products/pdp-i2120398073.html
2181040964,Eucerin Ph5 Sensitive Skin Washlotion 200ml,10464,Eucerin,2.00239E+11,Eucerin,161000,176000,580,154,TRUE,4.99,Vietnam,https://www.lazada.vn/products/pdp-i2181040964.html
2120282735,Eucerin Facial Cleansing Gel ®   Dermopure Clinical Purifying Cleanser 200ml,10464,Eucerin,2.00239E+11,Eucerin,309000,412000,1500,463,TRUE,4.98,Vietnam,https://www.lazada.vn/products/pdp-i2120282735.html
2120283754,Eucerin Spotless Brightening Booster Serum 30ml Reduces Dark Spots and Brightens Skin,10464,Eucerin,2.00239E+11,Eucerin,1251000,1472000,3600,990,TRUE,4.97,Vietnam,https://www.lazada.vn/products/pdp-i2120283754.html
2120233905,Eucerin Hyaluron 3X Filler Eye Cream 15ml,10464,Eucerin,2.00239E+11,Eucerin,976000,1061000,463,196,TRUE,4.87,Vietnam,https://www.lazada.vn/products/pdp-i2120233905.html
2280116314,Anti-Aging Essence Eucerin Hyaluron Hd Radiance-Lift Filler 3D Serum 30ml,10464,Eucerin,2.00239E+11,Eucerin,1529000,1758000,88,28,TRUE,5,Vietnam,https://www.lazada.vn/products/pdp-i2280116314.html
2120203981,Eucerin Even Radiance Water Gel Moisturizer 50ml,10464,Eucerin,2.00239E+11,Eucerin,705000,784000,661,161,TRUE,4.99,Vietnam,https://www.lazada.vn/products/pdp-i2120203981.html
2120326607,Eucerin Dermato Clean Toner for Sensitive Skin 200ml,10464,Eucerin,2.00239E+11,Eucerin,515000,593000,610,160,TRUE,4.98,Vietnam,https://www.lazada.vn/products/pdp-i2120326607.html
2120274771,Eucerin Essence Helps Reduce Acne Scars and Brighten Skin. ®   Dermopure Clinical Triple Action 40ml,10464,Eucerin,2.00239E+11,Eucerin,591000,657000,1400,368,TRUE,4.97,Vietnam,https://www.lazada.vn/products/pdp-i2120274771.html
2967035879,Eucerin Body Cream ®   Dermopure Clinical Correcting Body Care 200ml,10464,Eucerin,2.00239E+11,Eucerin,333000,392000,40,12,TRUE,5,Vietnam,https://www.lazada.vn/products/pdp-i2967035879.html
2525163798,[Free Gift Not for Sale] Eucerin Pro Acne 3X Treatment Gel to Foam Cleanser 75ml,10464,Eucerin,2.00239E+11,Eucerin,259000,,472,146,TRUE,4.99,Vietnam,https://www.lazada.vn/products/pdp-i2525163798.html
2120223924,Gentle Facial Cleansing Gel for Sensitive Skin Eucerin Dermato Clean Refreshing Cleansing Gel 200ml,10464,Eucerin,2.00239E+11,Eucerin,348000,401000,697,211,TRUE,4.99,Vietnam,https://www.lazada.vn/products/pdp-i2120223924.html
2128207469,[Free Gift] Eucerin A.I. Acne-Reducing Essence Treatment 5ml,10464,Eucerin,2.00239E+11,Eucerin,85000,,8000,1548,TRUE,4.97,Vietnam,https://www.lazada.vn/products/pdp-i2128207469.html
2120354581,Eucerin Anti-Age Hyaluron 3X+ Filler Night Cream 50ml,10464,Eucerin,2.00239E+11,Eucerin,1241000,1349000,276,94,TRUE,5,Vietnam,https://www.lazada.vn/products/pdp-i2120354581.html
2120330629,Moisturizing Mineral Spray Helps Reduce Wrinkles Eucerin Hyaluron Mist Spray 50ml,10464,Eucerin,2.00239E+11,Eucerin,160000,185000,469,168,TRUE,4.93,Vietnam,https://www.lazada.vn/products/pdp-i2120330629.html
2128213185,[Gift Item] Eucerin Spotless Brightening Booster Serum 7ml,10464,Eucerin,2.00239E+11,Eucerin,450000,,2900,617,TRUE,4.97,Vietnam,https://www.lazada.vn/products/pdp-i2128213185.html
2120291725,Eucerin Spotless Brightening Day Sunscreen Spf30 50ml,10464,Eucerin,2.00239E+11,Eucerin,846000,941000,1700,524,TRUE,4.98,Vietnam,https://www.lazada.vn/products/pdp-i2120291725.html
2120399069,"Eucerin Omega Plus Extra Ato-Calming Cream for Dry, Itchy & Irritated Skin 40ml",10464,Eucerin,2.00239E+11,Eucerin,426000,474000,1000,237,TRUE,4.99,Vietnam,https://www.lazada.vn/products/pdp-i2120399069.html
2181099682,Eucerin Ph5 Dry Sensitive Skin Lotion 250ml,10464,Eucerin,2.00239E+11,Eucerin,204000,227000,1500,354,TRUE,4.99,Vietnam,https://www.lazada.vn/products/pdp-i2181099682.html
2120284745,Eucerin Hyaluron 3X - Filler Moisture Booster 30ml - Moisturizing & Anti-Aging Essence,10464,Eucerin,2.00239E+11,Eucerin,821000,913000,935,326,TRUE,4.94,Vietnam,https://www.lazada.vn/products/pdp-i2120284745.html
2120213915,Gentle Makeup Remover for Sensitive Skin Eucerin Dermato Clean Micellar Cleansing Water 200ml,10464,Eucerin,2.00239E+11,Eucerin,341000,392000,361,122,TRUE,4.96,Vietnam,https://www.lazada.vn/products/pdp-i2120213915.html
2120366470,Eucerin Facial Cleansing Gel ®   Dermopure Clinical Purifying Cleanser 400ml,10464,Eucerin,2.00239E+11,Eucerin,456000,608000,4900,1386,TRUE,4.97,Vietnam,https://www.lazada.vn/products/pdp-i2120366470.html
2639051943,[Free Gift] Eucerin Pro Acne Cleansing Gel for Oily and Acne-Prone Skin 75ml,10464,Eucerin,2.00239E+11,Eucerin,205000,,566,157,TRUE,4.99,Vietnam,https://www.lazada.vn/products/pdp-i2639051943.html
2525244240,Eucerin Facial Cleansing Gel for Acne-Prone Skin ®   Dermopure Clinical Correcting Gel to Foam 150Ml/75Ml,10464,Eucerin,2.00239E+11,Eucerin,215000,254000,375,96,TRUE,4.94,Vietnam,https://www.lazada.vn/products/pdp-i2525244240.html
2120322654,Eucerin Omega Ato-Calming Face Cream 50ml,10464,Eucerin,2.00239E+11,Eucerin,374000,416000,869,270,TRUE,4.93,Vietnam,https://www.lazada.vn/products/pdp-i2120322654.html
3081341203,Eucerin Spotless Brightening Body Lotion 250ml,10464,Eucerin,2.00239E+11,Eucerin,352000,392000,131,20,TRUE,4.8,Vietnam,https://www.lazada.vn/products/pdp-i3081341203.html
2181103324,Eucerin Ph5 Sensitive Skin Washlotion 1000ml,10464,Eucerin,2.00239E+11,Eucerin,441000,490000,3800,965,TRUE,4.96,Vietnam,https://www.lazada.vn/products/pdp-i2181103324.html
2120397072,Eucerin Spotless Brightening Night Cream 50ml,10464,Eucerin,2.00239E+11,Eucerin,846000,941000,1800,580,TRUE,4.98,Vietnam,https://www.lazada.vn/products/pdp-i2120397072.html
2120246857,Kem dưỡng ẩm giúp kiểm soát nhờn Eucerin® DermoPure Clinical Mat Fluid 40ml,10464,Eucerin,2.00239E+11,Eucerin,458000,539000,2900,842,TRUE,4.96,Vietnam,https://www.lazada.vn/products/pdp-i2120246857.html
2583500030,Eucerin Acne Skin Care Essence ®   Dermopure Clinical Sos Serum 40Ml/10Ml,10464,Eucerin,2.00239E+11,Eucerin,458000,539000,189,47,TRUE,4.98,Vietnam,https://www.lazada.vn/products/pdp-i2583500030.html
2120334610,Eucerin Spotless Boosting Essence 100ml,10464,Eucerin,2.00239E+11,Eucerin,677000,736000,236,68,TRUE,4.94,Vietnam,https://www.lazada.vn/products/pdp-i2120334610.html
2120392116,Eucerin Acne and Oil Reduction Essence ®   Dermopure Clinical Peeling 10 40ml,10464,Eucerin,2.00239E+11,Eucerin,425000,500000,3000,867,TRUE,4.97,Vietnam,https://www.lazada.vn/products/pdp-i2120392116.html
2148361565,[Free Gift] Eucerin Hyaluron Mist Spray for Sensitive Skin 50ml,10464,Eucerin,2.00239E+11,Eucerin,185000,,399,85,TRUE,4.96,Vietnam,https://www.lazada.vn/products/pdp-i2148361565.html
2120253789,Eucerin Sun Dry Touch Cc Oil Control Spf50+ 50ml Oil-Control Sunscreen with Color,10464,Eucerin,2.00239E+11,Eucerin,427000,491000,1600,388,TRUE,4.91,Vietnam,https://www.lazada.vn/products/pdp-i2120253789.html
13358634894,[Gift with 736K] Hyaluron-Filler Epicelline Anti-Aging Essence 30ml Free Eucerin Boosting Essence 100ml,10464,Eucerin,2.00239E+11,Eucerin,1318000,1758000,6,2,TRUE,5,Vietnam,https://www.lazada.vn/products/pdp-i13358634894.html
2120347584,Eucerin Skin Toner ®   Dermopure Clinical Purifying Toner 200ml,10464,Eucerin,2.00239E+11,Eucerin,340000,401000,2700,802,TRUE,4.97,Vietnam,https://www.lazada.vn/products/pdp-i2120347584.html
2181111373,Eucerin Ph5 Sensitive Skin Facial Cleanser 100ml,10464,Eucerin,2.00239E+11,Eucerin,110000,127000,1300,419,TRUE,4.97,Vietnam,https://www.lazada.vn/products/pdp-i2181111373.html
3205009444,Eucerin Spotless Brightening Day Cream Set Spf30 50ml & Eucerin Spotless Brightening Night Cream 50ml,10464,Eucerin,2.00239E+11,Eucerin,1693000,1882000,16,5,TRUE,5,Vietnam,https://www.lazada.vn/products/pdp-i3205009444.html
2120362531,Gentle Moisturizer for Normal to Combination Skin Eucerin Aquaporin Active Cream 50ml,10464,Eucerin,2.00239E+11,Eucerin,503000,579000,886,249,TRUE,4.96,Vietnam,https://www.lazada.vn/products/pdp-i2120362531.html
2120272782,Eucerin Spotless Brightening Spot Corrector 5ml,10464,Eucerin,2.00239E+11,Eucerin,686000,,503,303,TRUE,4.95,Vietnam,https://www.lazada.vn/products/pdp-i2120272782.html
2826279167,Set of 2 Eucerin Sun Dry Touch Spf50+ 50ml Oil-Control & Anti-Acne Sunscreen,10464,Eucerin,2.00239E+11,Eucerin,936000,1078000,37,10,TRUE,5,Vietnam,https://www.lazada.vn/products/pdp-i2826279167.html
2120247893,Eucerin Hyaluron Mist Spray Moisturizing Mineral Spray for Aging Skin 150ml,10464,Eucerin,2.00239E+11,Eucerin,272000,313000,753,223,TRUE,4.97,Vietnam,https://www.lazada.vn/products/pdp-i2120247893.html
2120286734,Eucerin Facial Cleansing Gel ®   Dermopure Clinical Purifying Cleanser 75ml,10464,Eucerin,2.00239E+11,Eucerin,174000,205000,503,130,TRUE,4.99,Vietnam,https://www.lazada.vn/products/pdp-i2120286734.html
2120245865,Gentle Makeup Remover for Sensitive Skin Eucerin Dermato Clean Micellar Cleansing Water 400ml,10464,Eucerin,2.00239E+11,Eucerin,432000,470000,1500,396,TRUE,4.98,Vietnam,https://www.lazada.vn/products/pdp-i2120245865.html
2120354582,Eucerin Spotless Brightening Cleansing Foam 50g,10464,Eucerin,2.00239E+11,Eucerin,176000,196000,545,151,TRUE,4.98,Vietnam,https://www.lazada.vn/products/pdp-i2120354582.html
2120271814,Sunscreen Essence That Helps Whiten Skin Eucerin Spotless Brightening Sun Serum Spf50+ 50ml,10464,Eucerin,2.00239E+11,Eucerin,468000,539000,2500,709,TRUE,4.95,Vietnam,https://www.lazada.vn/products/pdp-i2120271814.html
2495957050,[Free Gift Not for Sale] Eucerin Ph5 Sensitive Skin Facial Cleanser 100ml,10464,Eucerin,2.00239E+11,Eucerin,129000,,456,136,TRUE,4.99,Vietnam,https://www.lazada.vn/products/pdp-i2495957050.html
2120267774,Facial Cleanser for Sensitive Skin Eucerin Ph5 Facial Cleanser 400ml,10464,Eucerin,2.00239E+11,Eucerin,299000,352000,10000,3232,TRUE,4.95,Vietnam,https://www.lazada.vn/products/pdp-i2120267774.html
2120200990,Gel Chống Nắng Kiểm Soát Nhờn Eucerin Sun Dry Touch Oil Control Face SPF50+ 50ml,10464,Eucerin,2.00239E+11,Eucerin,458000,539000,9200,2109,TRUE,4.97,Vietnam,https://www.lazada.vn/products/pdp-i2120200990.html
2120201999,"[Date 2/2027] Eucerin Pro Acne Scrub 100ml, Exfoliating Scrub to Prevent Acne",10464,Eucerin,2.00239E+11,Eucerin,360000,401000,2100,638,TRUE,4.97,Vietnam,https://www.lazada.vn/products/pdp-i2120201999.html
1924202251,Dermalogica Special Cleansing Gel Travel Size 50ml Is Benign and Soap-Free,1448,Dermalogica,2.00166E+11,Dermalogica Store,469000,,236,28,TRUE,4.93,Vietnam,https://www.lazada.vn/products/pdp-i1924202251.html
1922507497,Kem dưỡng thể Dermalogica Body Hydrating Cream 295ml,1448,Dermalogica,2.00166E+11,Dermalogica Store,1480000,,32,5,TRUE,5,Vietnam,https://www.lazada.vn/products/pdp-i1922507497.html
1922829397,"Dermalogica Daily Microfoliant Rice Bran Exfoliator 13g, Brightens and Smoothes, for All Skin Types",1448,Dermalogica,2.00166E+11,Dermalogica Store,609000,,1900,262,TRUE,4.96,Vietnam,https://www.lazada.vn/products/pdp-i1922829397.html
1922496061,serum mắt dermalogica biolumin c eye serum làm mờ thâm và giảm nhăn 15ml,1448,Dermalogica,2.00166E+11,Dermalogica Store,2889000,,56,7,TRUE,5,Vietnam,https://www.lazada.vn/products/pdp-i1922496061.html
1922837400,"Dermalogica Daily Superfoliant Exfoliator Travel Size 13g Activated Carbon Protects Against Pollution, Deep Cleanses",1448,Dermalogica,2.00166E+11,Dermalogica Store,699000,,435,67,TRUE,4.9,Vietnam,https://www.lazada.vn/products/pdp-i1922837400.html
1922984148,Dermalogica Special Cleansing Gel 500ml Is Benign and Soap-Free,1448,Dermalogica,2.00166E+11,Dermalogica Store,2739000,,167,31,TRUE,4.77,Vietnam,https://www.lazada.vn/products/pdp-i1922984148.html
1924394048,"New! Dermalogica Powerbright Overnight Cream Supports Regeneration, Fades Dark Spots, and Evens Skin Tone 50ml",1448,Dermalogica,2.00166E+11,Dermalogica Store,3384000,,40,10,TRUE,5,Vietnam,https://www.lazada.vn/products/pdp-i1924394048.html
3225333461,"Dermalogica Magnetic[+] Afterglow Cleanser Activates Radiance, Cleanses, Magnetizes, and Illuminates the Skin 150Ml/295Ml",1448,Dermalogica,2.00166E+11,Dermalogica Store,2910000,,0,,TRUE,,Vietnam,https://www.lazada.vn/products/pdp-i3225333461.html
1923041080,Sữa rửa mặt Dermalogica Special Cleansing Gel không chứa xà phòng 250ml,1448,Dermalogica,2.00166E+11,Dermalogica Store,1779000,,88,11,TRUE,4.91,Vietnam,https://www.lazada.vn/products/pdp-i1923041080.html
1922302840,"Dermalogica Precleanse Travel Makeup Remover Oil, Size 30ml, Deeply Cleanses and Reduces Clogging.",1448,Dermalogica,2.00166E+11,Dermalogica Store,529000,,173,21,TRUE,5,Vietnam,https://www.lazada.vn/products/pdp-i1922302840.html
1922342628,[BEST SELLER] [FREESHIP TOÀN QUỐC - VOUCHER 50K TOÀN CỬA HÀNG] Dầu tẩy trang Dermalogica PreCleanse 150ml,1448,Dermalogica,2.00166E+11,Dermalogica Store,1844000,,108,17,TRUE,5,Vietnam,https://www.lazada.vn/products/pdp-i1922342628.html
2041142110,"Tinh chất dưỡng da 4 trong 1  trẻ hóa, săn chắc, cấp ẩm, làm dịu Dermalogica Smart Response Serum 30ml",1448,Dermalogica,2.00166E+11,Dermalogica Store,6309000,,11,1,TRUE,5,Vietnam,https://www.lazada.vn/products/pdp-i2041142110.html
2133758515,Dermalogica Precleanse Jumbo Makeup Remover Oil 295ml,1448,Dermalogica,2.00166E+11,Dermalogica Store,3000000,,17,4,TRUE,5,Vietnam,https://www.lazada.vn/products/pdp-i2133758515.html
2474251741,Skin Rejuvenation Serum Dynamic Skin Retinol Serum 30ml,1448,Dermalogica,2.00166E+11,Dermalogica Store,3740000,,100,22,TRUE,4.82,Vietnam,https://www.lazada.vn/products/pdp-i2474251741.html
3316705111,The Dermalogica Double Cleanse Duo Provides Deep Cleansing Without Causing Dryness.,1448,Dermalogica,2.00166E+11,Dermalogica Store,3625000,,0,,TRUE,,Vietnam,https://www.lazada.vn/products/pdp-i3316705111.html
1922368411,Kem dưỡng ẩm Dermalogica Active Moist 100ml,1448,Dermalogica,2.00166E+11,Dermalogica Store,2780000,,23,5,TRUE,5,Vietnam,https://www.lazada.vn/products/pdp-i1922368411.html
2032996747,Demarlogica Biolumin C Serum 30ml X3 Effectively Brightens and Firms the Skin.,1448,Dermalogica,2.00166E+11,Dermalogica Store,3770000,,15,2,TRUE,5,Vietnam,https://www.lazada.vn/products/pdp-i2032996747.html
1924330694,"New! Dermalogica Powerbright Dark Spot Serum Essence Fades Brown Spots, Brightens after Just 1 Week of Use and Has Long-Lasting Effects 30ml",1448,Dermalogica,2.00166E+11,Dermalogica Store,3909000,,92,19,TRUE,4.89,Vietnam,https://www.lazada.vn/products/pdp-i1924330694.html
1922867553,"Dermalogica Dynamic Skin Recovery Spf50 3-in-1 Sunscreen Protects Skin, Firms and Moisturizes 50ml",1448,Dermalogica,2.00166E+11,Dermalogica Store,3049000,,37,7,TRUE,5,Vietnam,https://www.lazada.vn/products/pdp-i1922867553.html
1922424780,Serum chống lão hóa Dermalogica Biolumin C Serum 30ml làm sáng siêu thẩm thấu và ổn định,1448,Dermalogica,2.00166E+11,Dermalogica Store,3770000,,72,16,TRUE,4.31,Vietnam,https://www.lazada.vn/products/pdp-i1922424780.html
1924343114,Tẩy da chết Dermalogica MultiVitamin Thermafoliant 75ml,1448,Dermalogica,2.00166E+11,Dermalogica Store,2469000,,30,8,TRUE,4.75,Vietnam,https://www.lazada.vn/products/pdp-i1924343114.html
2293395313,Kem dưỡng cấp ẩm liên tục 48h Dermalogica Skin Smoothing Cream Jumbo Size 150ml,1448,Dermalogica,2.00166E+11,Dermalogica Store,3499000,,12,1,TRUE,5,Vietnam,https://www.lazada.vn/products/pdp-i2293395313.html
2293132758,Kem dưỡng giúp cân bằng độ ẩm và phục hồi da Dermalogica Intensive Moisture Balance 150ml,1448,Dermalogica,2.00166E+11,Dermalogica Store,3499000,,5,2,TRUE,5,Vietnam,https://www.lazada.vn/products/pdp-i2293132758.html
1922543070,"Kem lót dermalogica skin perfect primer spf30 chống nắng, tạo hiệu ứng căng mượt 22ml",1448,Dermalogica,2.00166E+11,Dermalogica Store,2239000,,23,10,TRUE,5,Vietnam,https://www.lazada.vn/products/pdp-i1922543070.html
1922333949,Dermalogica Protection 50 Sport Sfp50 Sunscreen 156ml,1448,Dermalogica,2.00166E+11,Dermalogica Store,1700000,,25,4,TRUE,5,Vietnam,https://www.lazada.vn/products/pdp-i1922333949.html
1923061200,Kem dưỡng giúp cân bằng độ ẩm và phục hồi da Dermalogica Intensive Moisture Balance 50ml,1448,Dermalogica,2.00166E+11,Dermalogica Store,1700000,,23,1,TRUE,5,Vietnam,https://www.lazada.vn/products/pdp-i1923061200.html
1922526491,Kem dưỡng ẩm Dermalogica Skin Smoothing Cream 100ml cấp nước 48h,1448,Dermalogica,2.00166E+11,Dermalogica Store,2779000,,53,10,TRUE,5,Vietnam,https://www.lazada.vn/products/pdp-i1922526491.html
1922809920,Dermalogica Daily Superfoliant 57g Activated Charcoal Exfoliates Against the Harmful Effects of Pollution and Deeply Cleanses,1448,Dermalogica,2.00166E+11,Dermalogica Store,2620000,,23,8,TRUE,4.88,Vietnam,https://www.lazada.vn/products/pdp-i1922809920.html
1922303956,"Serum 2 trong 1 dermalogica age bright clearing serum làm sáng, ngăn ngừa mụn 30ml",1448,Dermalogica,2.00166E+11,Dermalogica Store,2969000,,72,13,TRUE,5,Vietnam,https://www.lazada.vn/products/pdp-i1922303956.html
1923230119,Kem chống nắng vật lý Dermalogica Invisible Physical Defense 50ml,1448,Dermalogica,2.00166E+11,Dermalogica Store,1860000,,33,7,TRUE,4.57,Vietnam,https://www.lazada.vn/products/pdp-i1923230119.html
1924179783,Tẩy tế bào chết Dermalogica Daily Microfoliant 74g - Refill làm sáng mịn tức thì,1448,Dermalogica,2.00166E+11,Dermalogica Store,2030000,,26,7,TRUE,5,Vietnam,https://www.lazada.vn/products/pdp-i1924179783.html
1922564112,Kem dưỡng ẩm Dermalogica Skin Smoothing Cream 50ml cấp nước 48h,1448,Dermalogica,2.00166E+11,Dermalogica Store,1674000,,41,9,TRUE,5,Vietnam,https://www.lazada.vn/products/pdp-i1922564112.html
1943871651,[HÀNG TẶNG KHÔNG BÁN] Kem dưỡng da Dermalogica Sound Sleep Cocoon 7ml,1448,Dermalogica,2.00166E+11,Dermalogica Store,999000,,28,8,TRUE,4.88,Vietnam,https://www.lazada.vn/products/pdp-i1943871651.html
2866769930,Peel Da Powerbright Dark Spot Peel Brightens Brown Spots 50ml,1448,Dermalogica,2.00166E+11,Dermalogica Store,3149000,,20,3,TRUE,5,Vietnam,https://www.lazada.vn/products/pdp-i2866769930.html
2951144858,Multivitamin Power Recovery Cream Solves All Problems of Stressed Skin.,1448,Dermalogica,2.00166E+11,Dermalogica Store,3770000,,0,,TRUE,,Vietnam,https://www.lazada.vn/products/pdp-i2951144858.html
1922974047,Dermalogica Sound Sleep Cocoon 50ml Recovery Cream for Radiant Skin,1448,Dermalogica,2.00166E+11,Dermalogica Store,3384000,,21,6,TRUE,4.67,Vietnam,https://www.lazada.vn/products/pdp-i1922974047.html
2474376115,Professional Grade At-Home Skin Peel Liquid Peelfoliant 59ml,1448,Dermalogica,2.00166E+11,Dermalogica Store,2619000,,119,21,TRUE,5,Vietnam,https://www.lazada.vn/products/pdp-i2474376115.html
1922460920,Dermalogica Skin Smoothing Cream Travel Size 15ml,1448,Dermalogica,2.00166E+11,Dermalogica Store,609000,,143,18,TRUE,5,Vietnam,https://www.lazada.vn/products/pdp-i1922460920.html
1922817378,"Dermalogica Daily Microfoliant Rice Bran Exfoliator 74g Brightens and Smoothes, for All Skin Types",1448,Dermalogica,2.00166E+11,Dermalogica Store,2619000,,114,15,TRUE,5,Vietnam,https://www.lazada.vn/products/pdp-i1922817378.html
2104346748,"Dermalogica Daily Milkfoliant Exfoliates, Soothes & Instantly Brightens 74g",1448,Dermalogica,2.00166E+11,Dermalogica Store,2620000,,8,5,TRUE,5,Vietnam,https://www.lazada.vn/products/pdp-i2104346748.html
1922939210,Mặt nạ dưỡng ẩm và tẩy tế bào chết Dermalogica Hydro Masque Exfoliant 50ml,1448,Dermalogica,2.00166E+11,Dermalogica Store,2213000,,6,1,TRUE,5,Vietnam,https://www.lazada.vn/products/pdp-i1922939210.html
3228947650,Dermalogica Dynamic Skin Sculptor Body Advanced Sculpting Serum for the Body 150ml,1448,Dermalogica,2.00166E+11,Dermalogica Store,3509000,,0,,TRUE,,Vietnam,https://www.lazada.vn/products/pdp-i3228947650.html
1923254534,Dermalogica Super Rich Repair Cream Provides Intensive Hydration for Aging Skin 50ml,1448,Dermalogica,2.00166E+11,Dermalogica Store,3580000,,22,5,TRUE,4.2,Vietnam,https://www.lazada.vn/products/pdp-i1923254534.html
3069628432,Combo of 2 Dermaloigca Daily Microfoliant Rice Bran Exfoliator 13g,1448,Dermalogica,2.00166E+11,Dermalogica Store,1220000,,0,,TRUE,,Vietnam,https://www.lazada.vn/products/pdp-i3069628432.html
1924417173,"Mới! Kem chống nắng dermalogica powerbright moisturizer spf50 giảm thâm nám, ngăn ngừa sạm da  50ml",1448,Dermalogica,2.00166E+11,Dermalogica Store,3240000,,25,8,TRUE,5,Vietnam,https://www.lazada.vn/products/pdp-i1924417173.html
3049982972,Dermalogica Rice Bran Exfoliating Combo 13g + Activated Charcoal Exfoliating Scrub 13g,1448,Dermalogica,2.00166E+11,Dermalogica Store,1310000,,0,,TRUE,,Vietnam,https://www.lazada.vn/products/pdp-i3049982972.html
3069562614,Combo of 2 Daily Superfoliant Activated Charcoal Exfoliants 13g,1448,Dermalogica,2.00166E+11,Dermalogica Store,1400000,,0,,TRUE,,Vietnam,https://www.lazada.vn/products/pdp-i3069562614.html
1922368766,Dermalogica Age Reversal Eye Complex Eye Cream Contains Retinol to Reverse Signs of Aging 15ml,1448,Dermalogica,2.00166E+11,Dermalogica Store,2970000,,45,11,FALSE,5,Hồ Chí Minh,https://www.lazada.vn/products/pdp-i1922368766.html
1922453589,Dưỡng môi Dermalogica Renewal Lip Complex 1.75ml,1448,Dermalogica,2.00166E+11,Dermalogica Store,1099000,,40,6,FALSE,5,Hồ Chí Minh,https://www.lazada.vn/products/pdp-i1922453589.html
1923176442,Sữa rửa mặt Dermalogica Intensive Moisture Cleanser 150ml,1448,Dermalogica,2.00166E+11,Dermalogica Store,1690000,,17,3,FALSE,5,Hồ Chí Minh,https://www.lazada.vn/products/pdp-i1923176442.html
1923382511,Gel rửa mặt Dermalogica Ultracalming Cleanser dịu nhẹ cho da nhạy cảm 250ml,1448,Dermalogica,2.00166E+11,Dermalogica Store,1780000,,14,2,FALSE,4,Hồ Chí Minh,https://www.lazada.vn/products/pdp-i1923382511.html
1923272822,Gel rửa mặt Dermalogica Ultracalming Cleanser dịu nhẹ cho da nhạy cảm 500ml,1448,Dermalogica,2.00166E+11,Dermalogica Store,2740000,,16,3,FALSE,4,Hồ Chí Minh,https://www.lazada.vn/products/pdp-i1923272822.html
1924305338,Sữa rửa mặt Dermalogica Skin Resurfacing Cleanser 150ml,1448,Dermalogica,2.00166E+11,Dermalogica Store,1859000,,16,5,FALSE,5,Hồ Chí Minh,https://www.lazada.vn/products/pdp-i1924305338.html
1922544424,Sữa rửa mặt Dermalogica Clearing Skin Wash 250ml,1448,Dermalogica,2.00166E+11,Dermalogica Store,1780000,,31,6,FALSE,5,Hồ Chí Minh,https://www.lazada.vn/products/pdp-i1922544424.html
2247724501,Mới! Sữa rửa mặt làm sáng & dưỡng ẩm làm mới làn da xỉn màu Dermalogica Daily Glycolic Cleanser 125ml,1448,Dermalogica,2.00166E+11,Dermalogica Store,1380000,,39,12,FALSE,5,Hồ Chí Minh,https://www.lazada.vn/products/pdp-i2247724501.html
2612087448,Daily Glycolic Cleanser 295ml,1448,Dermalogica,2.00166E+11,Dermalogica Store,2340000,,0,,FALSE,,Vietnam,https://www.lazada.vn/products/pdp-i2612087448.html
1923144511,Sữa rửa mặt Dermalogica Intensive Moisture Cleanser 295ml,1448,Dermalogica,2.00166E+11,Dermalogica Store,2599000,,0,1,FALSE,5,Hồ Chí Minh,https://www.lazada.vn/products/pdp-i1923144511.html
2586537956,Dermalogica Oil to Foam Total Cleanser 2 in 1 250ml,1448,Dermalogica,2.00166E+11,Dermalogica Store,2240000,,9,4,FALSE,5,Hồ Chí Minh,https://www.lazada.vn/products/pdp-i2586537956.html
2291721756,Sữa rửa mặt Special Cleansing Gel gói refill 500ml,1448,Dermalogica,2.00166E+11,Dermalogica Store,2080000,,17,3,FALSE,5,Hồ Chí Minh,https://www.lazada.vn/products/pdp-i2291721756.html
1922470824,Gel dưỡng ẩm Dermalogica Calm Water Gel cấp ẩm và làm dịu tức thì cho da nhạy cảm 50ml,1448,Dermalogica,2.00166E+11,Dermalogica Store,2160000,,50,7,FALSE,5,Hồ Chí Minh,https://www.lazada.vn/products/pdp-i1922470824.html
2556004870,Xịt dưỡng ẩm cho da Hyaluronic Ceramide Mist 150 ml,1448,Dermalogica,2.00166E+11,Dermalogica Store,1849000,,10,1,FALSE,5,Vietnam,https://www.lazada.vn/products/pdp-i2556004870.html
2878198990,Stabilizing Repair Cream Retail 50ml Helps Moisturize and Soothe the Skin.,1448,Dermalogica,2.00166E+11,Dermalogica Store,2690000,,0,,FALSE,,Vietnam,https://www.lazada.vn/products/pdp-i2878198990.html
2247623720,Sữa tẩy trang cân bằng hệ vi sinh vật của da & tăng khả năng giữ ẩm Dermalogica Micellar Prebiotic Precleanse 150ml,1448,Dermalogica,2.00166E+11,Dermalogica Store,1835000,,13,3,FALSE,5,Hồ Chí Minh,https://www.lazada.vn/products/pdp-i2247623720.html
1922558390,Gel tắm làm sạch da Dermalogica Conditioning Body + Hand Wash 295ml,1448,Dermalogica,2.00166E+11,Dermalogica Store,1480000,,24,5,FALSE,5,Hồ Chí Minh,https://www.lazada.vn/products/pdp-i1922558390.html
1923084681,Kem dưỡng giúp cân bằng độ ẩm và phục hồi da Dermalogica Intensive Moisture Balance 15ml,1448,Dermalogica,2.00166E+11,Dermalogica Store,640000,,30,6,FALSE,5,Vietnam,https://www.lazada.vn/products/pdp-i1923084681.html
1923105061,Kem dưỡng giúp cân bằng độ ẩm và phục hồi da Dermalogica Intensive Moisture Balance 100ml,1448,Dermalogica,2.00166E+11,Dermalogica Store,2969000,,21,7,FALSE,5,Hồ Chí Minh,https://www.lazada.vn/products/pdp-i1923105061.html
2504672853,Kem dưỡng Phyto Nature Oxygen Cream cho da trẻ hơn 4 năm 50ml,1448,Dermalogica,2.00166E+11,Dermalogica Store,5130000,,0,,FALSE,,Hồ Chí Minh,https://www.lazada.vn/products/pdp-i2504672853.html
1922404575,"Xịt khoáng Dermalogica Antioxidant Hydramist Toner Travel size 30ml dưỡng ẩm, ngừa dấu hiệu lão hoá",1448,Dermalogica,2.00166E+11,Dermalogica Store,509000,,96,17,FALSE,4.94,Vietnam,https://www.lazada.vn/products/pdp-i1922404575.html
2663740663,Tinh chất Dermalogica Biolumin-C serum 10ml làm sáng và ổn định da,1448,Dermalogica,2.00166E+11,Dermalogica Store,1429000,,10,3,FALSE,5,Hồ Chí Minh,https://www.lazada.vn/products/pdp-i2663740663.html
1922305563,Dermalogica Active Moist Moisturizer 50ml,1448,Dermalogica,2.00166E+11,Dermalogica Store,1674000,,37,4,FALSE,5,Hồ Chí Minh,https://www.lazada.vn/products/pdp-i1922305563.html
2520915073,Biolumin-C travel size 10ml,1448,Dermalogica,2.00166E+11,Dermalogica Store,1430000,,0,,FALSE,,Hồ Chí Minh,https://www.lazada.vn/products/pdp-i2520915073.html
2293325406,Kem chống nắng 3 in 1 Dermalogica Dynamic Skin Recovery SPF50 Jumbo Size 100ml,1448,Dermalogica,2.00166E+11,Dermalogica Store,4910000,,10,3,FALSE,5,Vietnam,https://www.lazada.vn/products/pdp-i2293325406.html
2541491197,Stabilizing Repair Cream Retail 50ml Helps Moisturize and Soothe the Skin.,1448,Dermalogica,2.00166E+11,Dermalogica Store,2690000,,0,,FALSE,,Vietnam,https://www.lazada.vn/products/pdp-i2541491197.html
3153464210,Dermalogica Pro Collagen Banking Serum 30ml,1448,Dermalogica,2.00166E+11,Dermalogica Store,3289000,,0,0,FALSE,5,Vietnam,https://www.lazada.vn/products/pdp-i3153464210.html
1924282943,"Mới! Kem dưỡng ẩm Dermalogica Biolumin-C Gel Moisturizer dạng gel cho da ẩm mượt, sáng rạng ngời",1448,Dermalogica,2.00166E+11,Dermalogica Store,2620000,,15,4,FALSE,5,Hồ Chí Minh,https://www.lazada.vn/products/pdp-i1924282943.html
3228988583,Dermalogica Neurotouch Symmetry Essence Helps Lift Muscles 30ml,1448,Dermalogica,2.00166E+11,Dermalogica Store,5565000,,0,,FALSE,,Vietnam,https://www.lazada.vn/products/pdp-i3228988583.html
3228968627,Dermalogica Phyto Nature E2 Multi-Layer Regenerating Serum with New Generation Plant Exosome 100ml,1448,Dermalogica,2.00166E+11,Dermalogica Store,5770000,,0,,FALSE,,Hồ Chí Minh,https://www.lazada.vn/products/pdp-i3228968627.html
1923236648,Dermalogica Multi-Active Toner Travel Size 50ml Moisturizes Facial Skin,1448,Dermalogica,2.00166E+11,Dermalogica Store,460000,,210,36,FALSE,4.86,Hồ Chí Minh,https://www.lazada.vn/products/pdp-i1923236648.html
1922465625,Tinh chất dermalogica biolumin c serum làm sáng siêu thẩm thấu và ổn định 60ml,1448,Dermalogica,2.00166E+11,Dermalogica Store,5859000,,23,1,FALSE,5,Vietnam,https://www.lazada.vn/products/pdp-i1922465625.html
1923510003,Tinh chất dưỡng da Dermalogica Phyto-Nature Firming Serum làm săn chắc và chống lão hóa 40ml,1448,Dermalogica,2.00166E+11,Dermalogica Store,6240000,,17,5,FALSE,5,Hồ Chí Minh,https://www.lazada.vn/products/pdp-i1923510003.html
2133786273,Dermalogica Circular Hydration Serum 30ml Is a Hydrating and Moisturizing Essence for the Skin.,1448,Dermalogica,2.00166E+11,Dermalogica Store,2619000,,37,8,FALSE,5,Hồ Chí Minh,https://www.lazada.vn/products/pdp-i2133786273.html
1923337068,"Kem mắt Dermalogica Multivitamin Power Firm làm săn chắc, ngừa nếp nhăn",1448,Dermalogica,2.00166E+11,Dermalogica Store,2370000,,15,1,FALSE,5,Vietnam,https://www.lazada.vn/products/pdp-i1923337068.html
1923352976,Kem chống nắng Dermalogica Oil Free Matte SPF30 50ml,1448,Dermalogica,2.00166E+11,Dermalogica Store,2030000,,31,4,FALSE,4,Hồ Chí Minh,https://www.lazada.vn/products/pdp-i1923352976.html
2941351055,Biolumin-C Night Restore Serum 25ml,1448,Dermalogica,2.00166E+11,Dermalogica Store,3930000,,0,0,FALSE,,Vietnam,https://www.lazada.vn/products/pdp-i2941351055.html
1923295275,Xịt khoáng Dermalogica Multi-active Toner dưỡng ẩm da mặt 250ml,1448,Dermalogica,2.00166E+11,Dermalogica Store,1779000,,51,9,FALSE,4.89,Hồ Chí Minh,https://www.lazada.vn/products/pdp-i1923295275.html
1922410620,"Xịt khoáng Dermalogica Antioxidant Hydramist Toner 150ml dưỡng ẩm, ngừa dấu hiệu lão hoá",1448,Dermalogica,2.00166E+11,Dermalogica Store,1859000,,26,3,FALSE,5,Hồ Chí Minh,https://www.lazada.vn/products/pdp-i1922410620.html
3050471035,Oatmeal Exfoliating Combo + Activated Charcoal Exfoliating Scrub 13g,1448,Dermalogica,2.00166E+11,Dermalogica Store,1310000,,0,,FALSE,,Vietnam,https://www.lazada.vn/products/pdp-i3050471035.html
3050402150,Oat Exfoliating Combo + Activated Charcoal Exfoliating Scrub 13g + Rice Bran Exfoliating Scrub 13g,1448,Dermalogica,2.00166E+11,Dermalogica Store,1920000,,0,1,FALSE,5,Vietnam,https://www.lazada.vn/products/pdp-i3050402150.html
3050005918,Combo Rice Bran Exfoliator 13g + Oatmeal Exfoliator 13g,1448,Dermalogica,2.00166E+11,Dermalogica Store,1220000,,0,1,FALSE,5,Vietnam,https://www.lazada.vn/products/pdp-i3050005918.html
1923295669,Mặt nạ siêu dưỡng chất Dermalogica MultiVitamin Power Recovery™ Masque 75ml,1448,Dermalogica,2.00166E+11,Dermalogica Store,2400000,,18,4,FALSE,5,Vietnam,https://www.lazada.vn/products/pdp-i1923295669.html
1406089399,"L'Occitane Hand Cream Helps Nourish and Protect Soft, Smooth Hands with Delicate Fragrance 75ml",1409,L'occitane,2.00163E+11,L'Occitane en Provence,690000,,388,49,TRUE,5,Vietnam,https://www.lazada.vn/products/pdp-i1406089399.html
1277885448,Dầu tắm Hạnh Nhân L'Occitane Almond Shower Oil 250ml/500ml,1409,L'occitane,2.00163E+11,L'Occitane en Provence,890000,,3200,125,TRUE,4.99,Vietnam,https://www.lazada.vn/products/pdp-i1277885448.html
3131670544,Dầu Gội Nuôi Dưỡng Tóc Dày Và Chắc Khoẻ L'Occitane Volume & Strength Shampoo 500ml,1409,L'occitane,2.00163E+11,L'Occitane en Provence,790000,,9,1,TRUE,5,Vietnam,https://www.lazada.vn/products/pdp-i3131670544.html
825192863,L'Occitane Immortelle Divine Cleansing Foam 125ml,1409,L'occitane,2.00163E+11,L'Occitane en Provence,1250000,,104,22,TRUE,5,Vietnam,https://www.lazada.vn/products/pdp-i825192863.html
3131688488,Dầu Gội Phục Hồi Chuyên Sâu L'Occitane Intensive Repair Shampoo 300ml/500ml,1409,L'occitane,2.00163E+11,L'Occitane en Provence,790000,,11,3,TRUE,5,Vietnam,https://www.lazada.vn/products/pdp-i3131688488.html
3141530660,Combo Gội Xả L'OCCITANE Thanh Lọc Dành Cho Da Đầu Dầu 250ml Và 300ML,1409,L'occitane,2.00163E+11,L'Occitane en Provence,1900000,,0,,TRUE,,Vietnam,https://www.lazada.vn/products/pdp-i3141530660.html
3269473415,[Set trải nghiệm] Tắm gội toàn thân,1409,L'occitane,2.00163E+11,L'Occitane en Provence,1550000,,0,,TRUE,,Vietnam,https://www.lazada.vn/products/pdp-i3269473415.html
3230867136,[Experience Set] L'Occitane Rose Body Care,1409,L'occitane,2.00163E+11,L'Occitane en Provence,1350000,,0,,TRUE,,Vietnam,https://www.lazada.vn/products/pdp-i3230867136.html
3230523844,[Experience Set] L'Occitane Longevity Chrysanthemum Comprehensive Skin Care,1409,L'occitane,2.00163E+11,L'Occitane en Provence,1420000,,0,,TRUE,,Vietnam,https://www.lazada.vn/products/pdp-i3230523844.html
3313978887,"Kem Dưỡng Da Tay Bơ Đậu Mỡ L'Occitane 30ML Dưỡng Ẩm, Làm Mềm Da",1409,L'occitane,2.00163E+11,L'Occitane en Provence,350000,,0,,TRUE,,Vietnam,https://www.lazada.vn/products/pdp-i3313978887.html
2003458861,L'Occitane Immortelle Reset Serum 30Ml/50Ml/75Ml,1409,L'occitane,2.00163E+11,L'Occitane en Provence,1990000,,0,,TRUE,,Vietnam,https://www.lazada.vn/products/pdp-i2003458861.html
3113593119,Dầu Gội Cân Bằng Dịu Nhẹ Dành Cho Mọi Loại Da Đầu L'Occitane Gentle & Balance Micellar Shampoo 300ml,1409,L'occitane,2.00163E+11,L'Occitane en Provence,790000,,10,2,TRUE,5,Vietnam,https://www.lazada.vn/products/pdp-i3113593119.html
3108715949,Dầu Xả Thanh Lọc Dành Cho Da Đầu Dầu L'Occitane Purifying Freshness Conditioner 500ML,1409,L'occitane,2.00163E+11,L'Occitane en Provence,1390000,,0,,TRUE,,Vietnam,https://www.lazada.vn/products/pdp-i3108715949.html
3165250035,Dầu Gội Cân Bằng Cho Mọi Loại Da Đầu L'Occitane Gentle & Balance Conditioner 500ml,1409,L'occitane,2.00163E+11,L'Occitane en Provence,1190000,,5,,TRUE,,Vietnam,https://www.lazada.vn/products/pdp-i3165250035.html
3230461843,[Experience Set] L'Occitane Comprehensive Almond Body Care,1409,L'occitane,2.00163E+11,L'Occitane en Provence,709000,,0,,TRUE,,Vietnam,https://www.lazada.vn/products/pdp-i3230461843.html
3138927671,Kem Dưỡng Ẩm Săn Chắc Da L'Occitane Hạnh Nhân Almond Milk Concentrate 200ml,1409,L'occitane,2.00163E+11,L'Occitane en Provence,1790000,,24,4,TRUE,5,Vietnam,https://www.lazada.vn/products/pdp-i3138927671.html
3108443985,Dầu Xả Thanh Lọc Dành Cho Da Đầu Dầu L'Occitane Purifying Freshness Conditioner 250ML,1409,L'occitane,2.00163E+11,L'Occitane en Provence,890000,,0,2,TRUE,5,Vietnam,https://www.lazada.vn/products/pdp-i3108443985.html
3146527355,Dầu Dưỡng Thể Hạnh Nhân L'OCCITANE Almond Supple Skin Oil 50ml/100ml,1409,L'occitane,2.00163E+11,L'Occitane en Provence,1590000,,87,9,TRUE,5,Vietnam,https://www.lazada.vn/products/pdp-i3146527355.html
2635424265,Kem Tắm Hạnh Nhân L'Occitane Almond Shower Cream 200ml,1409,L'occitane,2.00163E+11,L'Occitane en Provence,890000,,6,0,TRUE,5,Vietnam,https://www.lazada.vn/products/pdp-i2635424265.html
3112563032,L'Occitane Purifying Freshness Conditioner 250ml - 500ml,1409,L'occitane,2.00163E+11,L'Occitane en Provence,890000,,0,,TRUE,,Vietnam,https://www.lazada.vn/products/pdp-i3112563032.html
3179112647,Combo Gội Xả Cân Bằng Cho Mọi Loại Da Đầu L'Occitane Gentle & Balance 500ML,1409,L'occitane,2.00163E+11,L'Occitane en Provence,2451000,2580000,0,,TRUE,,Vietnam,https://www.lazada.vn/products/pdp-i3179112647.html
1315701828,L'Occitane Men Shower Gel 250ml Cap Cedrat - Cedrat - Eau Des Baux - L'Occitan,1409,L'occitane,2.00163E+11,L'Occitane en Provence,750000,,138,21,TRUE,4.81,Vietnam,https://www.lazada.vn/products/pdp-i1315701828.html
3164938628,Combo Gội Xả L'Occitane Gồm Dầu Gội Verbena 300ML Và Dầu Xả Verbena 250ML,1409,L'occitane,2.00163E+11,L'Occitane en Provence,1680000,,0,,TRUE,,Vietnam,https://www.lazada.vn/products/pdp-i3164938628.html
1185792370,L'Occitane Almond Milk Veil Body Lotion 240ml,1409,L'occitane,2.00163E+11,L'Occitane en Provence,1490000,,193,29,TRUE,4.97,Vietnam,https://www.lazada.vn/products/pdp-i1185792370.html
3108609664,Tinh Chất Dưỡng Da Đầu Ban Đêm L'Occitane Scalp Night Serum 50ML,1409,L'occitane,2.00163E+11,L'Occitane en Provence,1390000,,0,1,TRUE,5,Vietnam,https://www.lazada.vn/products/pdp-i3108609664.html
3131619399,[Date &lt; 12m] L'Occitane Volume &amp; Strength Conditioner 250ml,1409,L'occitane,2.00163E+11,L'Occitane en Provence,623000,890000,0,1,TRUE,5,Vietnam,https://www.lazada.vn/products/pdp-i3131619399.html
3230853172,Set Chăm Sóc Cơ Thể Hạnh Nhân Pamper Yourself L'Occitane,1409,L'occitane,2.00163E+11,L'Occitane en Provence,709000,,0,,TRUE,,Vietnam,https://www.lazada.vn/products/pdp-i3230853172.html
3291262996,Kem Dưỡng Mắt Chống Lão Hóa L'Occitane Immortelle Precious Eye Balm 15ml,1409,L'occitane,2.00163E+11,L'Occitane en Provence,1290000,,0,,TRUE,,Vietnam,https://www.lazada.vn/products/pdp-i3291262996.html
1355590308,Combo Shampoo 300ml & Conditioner 250ml L'Occitane Intensive Repair,1409,L'occitane,2.00163E+11,L'Occitane en Provence,1680000,,19,5,TRUE,4.8,Vietnam,https://www.lazada.vn/products/pdp-i1355590308.html
1132110803,L'Occitane gentle & balance lightweight conditioner combo for all skin types 250ml & 300ml,1409,L'occitane,2.00163E+11,L'Occitane en Provence,1680000,,103,14,TRUE,4.93,Vietnam,https://www.lazada.vn/products/pdp-i1132110803.html
3108767344,Dầu Xả Dịu Nhẹ Dành Cho Mọi Loại Da Đầu L'Occitane Gentle & Balance Conditioner 250ML,1409,L'occitane,2.00163E+11,L'Occitane en Provence,890000,,0,1,TRUE,5,Vietnam,https://www.lazada.vn/products/pdp-i3108767344.html
819202696,L'Occitane Immortelle Reset Serum 30Ml-50Ml-75Ml,1409,L'occitane,2.00163E+11,L'Occitane en Provence,1990000,,1100,62,TRUE,4.9,Vietnam,https://www.lazada.vn/products/pdp-i819202696.html
2474901527,Kem Rửa Mặt Bơ Đậu Mỡ L'OCCITANE Shea Butter Cleansing Cream 125ML,1409,L'occitane,2.00163E+11,L'Occitane en Provence,890000,,24,11,TRUE,4.91,Vietnam,https://www.lazada.vn/products/pdp-i2474901527.html
3165085172,Dầu Xả Nuôi Dưỡng Tóc Bồng Bềnh Và Chắc Khoẻ L'Occitane VD Conditioner 250ML,1409,L'occitane,2.00163E+11,L'Occitane en Provence,890000,,0,,TRUE,,Vietnam,https://www.lazada.vn/products/pdp-i3165085172.html
1536157049,L'Occitane Hand Cream 30ml,1409,L'occitane,2.00163E+11,L'Occitane en Provence,350000,,836,129,TRUE,4.91,Vietnam,https://www.lazada.vn/products/pdp-i1536157049.html
3131727120,Dầu Xả Phục Hồi Chuyên Sâu L'Occitane Intensive Repair Conditioner 250ml/500ml,1409,L'occitane,2.00163E+11,L'Occitane en Provence,890000,,5,2,TRUE,5,Vietnam,https://www.lazada.vn/products/pdp-i3131727120.html
3108665540,Dầu Xả Cân Bằng Cho Mọi Loại Da Đầu L'Occitane Gentle & Balance Conditioner 500ML,1409,L'occitane,2.00163E+11,L'Occitane en Provence,1390000,,0,,TRUE,,Vietnam,https://www.lazada.vn/products/pdp-i3108665540.html
3164895768,Sữa Dưỡng Thể Hoa Hồng L'Occitane 250ML,1409,L'occitane,2.00163E+11,L'Occitane en Provence,1090000,,0,1,TRUE,5,Vietnam,https://www.lazada.vn/products/pdp-i3164895768.html
3108485853,Dầu Gội Thanh Lọc Dành Cho Da Đầu Dầu L'Occitane Purifying Freshness Shampoo 300ML,1409,L'occitane,2.00163E+11,L'Occitane en Provence,790000,,17,5,TRUE,5,Vietnam,https://www.lazada.vn/products/pdp-i3108485853.html
3314043758,Kem Dưỡng Đa Năng Bơ Đậu Mỡ L'Occitane 10ML,1409,L'occitane,2.00163E+11,L'Occitane en Provence,350000,,0,,TRUE,,Vietnam,https://www.lazada.vn/products/pdp-i3314043758.html
2034415920,Combo Almond Shower Oil 250ml and L'Occitane Almond Body Cream 200ml,1409,L'occitane,2.00163E+11,L'Occitane en Provence,2680000,,0,,TRUE,,Vietnam,https://www.lazada.vn/products/pdp-i2034415920.html
1315646257,Kem Cạo Râu Chiết Xuất Gỗ Cây Bách Xù L'Occitane Rick Shaving Cream 150ML,1409,L'occitane,2.00163E+11,L'Occitane en Provence,890000,,42,10,TRUE,5,Vietnam,https://www.lazada.vn/products/pdp-i1315646257.html
2375518510,Tẩy Tế Bào Chết Dành Cho Da Đầu L'Occitane Purifying Freshness Scalp Scrub 150ml,1409,L'occitane,2.00163E+11,L'Occitane en Provence,890000,,35,10,TRUE,5,Vietnam,https://www.lazada.vn/products/pdp-i2375518510.html
1131934516,L'Occitane Shea Butter Cleansing Makeup Remover 200ml,1409,L'occitane,2.00163E+11,L'Occitane en Provence,890000,,76,19,TRUE,5,Vietnam,https://www.lazada.vn/products/pdp-i1131934516.html
3314090294,Kem Dưỡng Đa Năng Bơ Đậu Mỡ L'Occitane 150ML Dùng Cho Toàn Thân,1409,L'occitane,2.00163E+11,L'Occitane en Provence,1890000,,0,,TRUE,,Vietnam,https://www.lazada.vn/products/pdp-i3314090294.html
3314023689,Kem Dưỡng Da Chân Bơ Đậu Mỡ L'Occitane 30ML,1409,L'occitane,2.00163E+11,L'Occitane en Provence,350000,,0,,TRUE,,Vietnam,https://www.lazada.vn/products/pdp-i3314023689.html
2872509800,L'Occitane Candle Relaxing Scented Candle 180Gr,1409,L'occitane,2.00163E+11,L'Occitane en Provence,1290000,,0,,FALSE,,Hồ Chí Minh,https://www.lazada.vn/products/pdp-i2872509800.html
1129554904,Sữa Dưỡng Thể Hoa Cam & Hoa Lan Néroli & Orchidée Body Milk 250ML,1409,L'occitane,2.00163E+11,L'Occitane en Provence,1090000,,123,22,FALSE,4.95,Hồ Chí Minh,https://www.lazada.vn/products/pdp-i1129554904.html
3131396620,Xà Phòng Bơ Đậu Mỡ Hương Sữa L'Occitane Soap Shea Milk 100g,1409,L'occitane,2.00163E+11,L'Occitane en Provence,290000,,0,,FALSE,,Hồ Chí Minh,https://www.lazada.vn/products/pdp-i3131396620.html
3165036525,Combo Dưỡng Da L'Occitane Gồm Sữa Dưỡng Thể Hoa Hồng 250ml Và Gel Tắm Hương Hoa Hồng Rose Shower Gel 250ml,1409,L'occitane,2.00163E+11,L'Occitane en Provence,1840000,,0,,FALSE,,Hồ Chí Minh,https://www.lazada.vn/products/pdp-i3165036525.html
1717432821,Son Dưỡng Môi L'Occitane Rose Lip Balm 12ml,1409,L'occitane,2.00163E+11,L'Occitane en Provence,330000,,576,97,FALSE,4.98,Hồ Chí Minh,https://www.lazada.vn/products/pdp-i1717432821.html
1476318141,Natural rustic Hair Repair Shampoo L'Occitane aromologene Volume & strength shampoo 300ml - 500ml,1409,L'occitane,2.00163E+11,L'Occitane en Provence,632000,790000,7,1,FALSE,5,Hồ Chí Minh,https://www.lazada.vn/products/pdp-i1476318141.html
1684799299,L'Occitane Shea Butter Ultra Rich Body Cream 200ml,1409,L'occitane,2.00163E+11,L'Occitane en Provence,1350000,,39,6,FALSE,5,Hồ Chí Minh,https://www.lazada.vn/products/pdp-i1684799299.html
1132080154,Bọt Rửa Mặt Cúc Trường Sinh Immortelle Precious Cleansing Foam 150 ml,1409,L'occitane,2.00163E+11,L'Occitane en Provence,990000,,103,21,FALSE,5,Hồ Chí Minh,https://www.lazada.vn/products/pdp-i1132080154.html
3139047220,Kem Chống Nắng L'Occitane Reine des Pres Illuminating UV Shield SPF50 PA++++ Hỗ Trợ Làm Sáng Da 30ml,1409,L'occitane,2.00163E+11,L'Occitane en Provence,1290000,,5,1,FALSE,5,Hồ Chí Minh,https://www.lazada.vn/products/pdp-i3139047220.html
2050668788,Sữa Tắm Tạo Bọt Hương Cỏ Roi Ngựa L'Occitane Verbena Foaming Bath 500ml,1409,L'occitane,2.00163E+11,L'Occitane en Provence,1290000,,0,1,FALSE,5,Hồ Chí Minh,https://www.lazada.vn/products/pdp-i2050668788.html
1823349336,Kem Dưỡng Ẩm Trắng Sáng Da Trân Châu Mai Dành Cho Da Khô L'Occitane Reine Blanche Bright Rich Cream 50ml,1409,L'occitane,2.00163E+11,L'Occitane en Provence,2090000,,15,2,FALSE,5,Hồ Chí Minh,https://www.lazada.vn/products/pdp-i1823349336.html
1244848604,Sữa Tắm Bồn Bơ Đậu Mỡ L'Occitane Shea Butter Bubble Bath 500ml,1409,L'occitane,2.00163E+11,L'Occitane en Provence,1290000,,23,5,FALSE,5,Hồ Chí Minh,https://www.lazada.vn/products/pdp-i1244848604.html
2973262975,[Date &lt; 9m] L'Occitane Kumquat Shower Foam 200ml,1409,L'occitane,2.00163E+11,L'Occitane en Provence,525000,750000,0,1,FALSE,5,Hồ Chí Minh,https://www.lazada.vn/products/pdp-i2973262975.html
2051298327,L'Occitane Immortelle Precious Emulsion 75ml,1409,L'occitane,2.00163E+11,L'Occitane en Provence,2090000,,19,7,FALSE,5,Hồ Chí Minh,https://www.lazada.vn/products/pdp-i2051298327.html
3313997838,"Dầu Dưỡng Móng Bơ Đậu Mỡ L'Occitane 7,5ML Dưỡng Ẩm, Giúp Móng Chắc Khỏe",1409,L'occitane,2.00163E+11,L'Occitane en Provence,690000,,0,,FALSE,,Hồ Chí Minh,https://www.lazada.vn/products/pdp-i3313997838.html
1459010620,Nước Cân Bằng Dưỡng Trắng Sáng Da Trân Châu Mai L'Occitane Reine Blanche Illuminating Lotion 200ml,1409,L'occitane,2.00163E+11,L'Occitane en Provence,1490000,,49,11,FALSE,5,Hồ Chí Minh,https://www.lazada.vn/products/pdp-i1459010620.html
1179606232,Tinh Chất Dưỡng Da Đầu Cho Tóc Dày Và Chắc Khỏe L'Occitane 5 Essential Oils Volume & Strength Scalp Serum 100ml,1409,L'occitane,2.00163E+11,L'Occitane en Provence,1290000,,39,10,FALSE,5,Hồ Chí Minh,https://www.lazada.vn/products/pdp-i1179606232.html
818882354,L’Occitane Immortelle Reset Eye Serum 15ml,1409,L'occitane,2.00163E+11,L'Occitane en Provence,1990000,,501,65,FALSE,5,Hồ Chí Minh,https://www.lazada.vn/products/pdp-i818882354.html
2480581696,Kem Tắm Hương Hoa Táo Gai L'Occitane Noble Épine Shower Cream 250ml,1409,L'occitane,2.00163E+11,L'Occitane en Provence,525000,750000,5,1,FALSE,5,Hồ Chí Minh,https://www.lazada.vn/products/pdp-i2480581696.html
3230774322,Hugs Kisses Rose L'Occitane,1409,L'occitane,2.00163E+11,L'Occitane en Provence,590000,,0,,FALSE,,Hồ Chí Minh,https://www.lazada.vn/products/pdp-i3230774322.html
1172792419,L'Occitane Soap Shea Butter Soap Cleansing and Care for the Body 250g,1409,L'occitane,2.00163E+11,L'Occitane en Provence,390000,,168,34,FALSE,4.88,Hồ Chí Minh,https://www.lazada.vn/products/pdp-i1172792419.html
2051240432,Kem Dưỡng Cúc Trường Sinh L'Occitane Immortelle Precious Cream 50ml,1409,L'occitane,2.00163E+11,L'Occitane en Provence,1990000,,27,5,FALSE,5,Hồ Chí Minh,https://www.lazada.vn/products/pdp-i2051240432.html
1130924995,Nước Cân Bằng Cúc Trường Sinh L'OCCITANE Immortelle Precious Essential Water 200ML,1409,L'occitane,2.00163E+11,L'Occitane en Provence,990000,,70,12,FALSE,5,Hồ Chí Minh,https://www.lazada.vn/products/pdp-i1130924995.html
3230871042,[2025 Festival Set] Hugs Kisses Rose & Shea Butter L'Occitane,1409,L'occitane,2.00163E+11,L'Occitane en Provence,590000,,0,,FALSE,,Hồ Chí Minh,https://www.lazada.vn/products/pdp-i3230871042.html
1587910334,L'Occitane Almond Delicious Paste Body Exfoliating Cream 200ml,1409,L'occitane,2.00163E+11,L'Occitane en Provence,1290000,,78,12,FALSE,5,Hồ Chí Minh,https://www.lazada.vn/products/pdp-i1587910334.html
3230415890,[2025 Festival Set] Love Yourself L'Occitane Almond Body Care,1409,L'occitane,2.00163E+11,L'Occitane en Provence,1290000,,0,,FALSE,,Hồ Chí Minh,https://www.lazada.vn/products/pdp-i3230415890.html
3313998853,Kem Dưỡng Da Tay Chuyên Sâu 25% Bơ Đậu Mỡ L'Occitane 150ML,1409,L'occitane,2.00163E+11,L'Occitane en Provence,990000,,0,1,FALSE,5,Hồ Chí Minh,https://www.lazada.vn/products/pdp-i3313998853.html
3314046553,Kem Dưỡng Da Tay Bơ Đậu Mỡ L'Occitane 75ML Dưỡng Ẩm Làm Mịn Da,1409,L'occitane,2.00163E+11,L'Occitane en Provence,690000,,5,,FALSE,,Hồ Chí Minh,https://www.lazada.vn/products/pdp-i3314046553.html
3230832225,Set Chăm Sóc Da Daily L'Occitane,1409,L'occitane,2.00163E+11,L'Occitane en Provence,1790000,,0,,FALSE,,Hồ Chí Minh,https://www.lazada.vn/products/pdp-i3230832225.html
3134932234,Son Dưỡng Môi Bơ Đậu Mỡ L'Occitane Shea Ultra Rick Lipstick 4.5g,1409,L'occitane,2.00163E+11,L'Occitane en Provence,330000,,34,5,FALSE,5,Hồ Chí Minh,https://www.lazada.vn/products/pdp-i3134932234.html
1677254305,Dầu Dưỡng Trẻ Hóa Da L'Occitane Immortelle Divine Youth Oil 30ml,1409,L'occitane,2.00163E+11,L'Occitane en Provence,2890000,,27,4,FALSE,5,Hồ Chí Minh,https://www.lazada.vn/products/pdp-i1677254305.html
3113195026,Horsetail Grass Shower Gel with Lemongrass Fragrance 250ml - 500ml,1409,L'occitane,2.00163E+11,L'Occitane en Provence,903000,1290000,12,1,FALSE,5,Hồ Chí Minh,https://www.lazada.vn/products/pdp-i3113195026.html
3232465424,[Set 8/3] L'Occitane Deluxe Almond Body Care,1409,L'occitane,2.00163E+11,L'Occitane en Provence,1790000,,0,,FALSE,,Hồ Chí Minh,https://www.lazada.vn/products/pdp-i3232465424.html
1535954625,L'Occitane Reine Des Prés Cream 50ml,1409,L'occitane,2.00163E+11,L'Occitane en Provence,2090000,,31,5,FALSE,5,Hồ Chí Minh,https://www.lazada.vn/products/pdp-i1535954625.html
3230871131,[2025 Festival Set] Hair & Body Care (for Fine Hair) L'Occitane,1409,L'occitane,2.00163E+11,L'Occitane en Provence,2190000,,0,,FALSE,,Hồ Chí Minh,https://www.lazada.vn/products/pdp-i3230871131.html
1345373485,Gel Tắm Hương Hoa Hồng L'Occitane Rose Shower Gel 250ml,1409,L'occitane,2.00163E+11,L'Occitane en Provence,750000,,158,27,FALSE,4.93,Hồ Chí Minh,https://www.lazada.vn/products/pdp-i1345373485.html
3146558544,Kem Tắm Bơ Đậu Mỡ Shea Butter Shower Cream 250ML,1409,L'occitane,2.00163E+11,L'Occitane en Provence,750000,,0,2,FALSE,5,Hồ Chí Minh,https://www.lazada.vn/products/pdp-i3146558544.html
2872014470,L'Occitane Hand Cream 150ml,1409,L'occitane,2.00163E+11,L'Occitane en Provence,990000,,134,17,FALSE,4.88,Hồ Chí Minh,https://www.lazada.vn/products/pdp-i2872014470.html
3210715059,Kem Dưỡng Ẩm Săn Chắc Da L'Occitane Hạnh Nhân Almond Milk Concentrate 100ml,1409,L'occitane,2.00163E+11,L'Occitane en Provence,1090000,,16,0,FALSE,,Hồ Chí Minh,https://www.lazada.vn/products/pdp-i3210715059.html
1583637970,L'Occitane Shower Gel 500ml,1409,L'occitane,2.00163E+11,L'Occitane en Provence,1290000,,93,11,FALSE,4.91,Hồ Chí Minh,https://www.lazada.vn/products/pdp-i1583637970.html
3230774369,Radiant Skin L'Occitane Skin Care Set,1409,L'occitane,2.00163E+11,L'Occitane en Provence,3500000,,0,,FALSE,,Hồ Chí Minh,https://www.lazada.vn/products/pdp-i3230774369.html
3230417965,[2025 Festival Set] Hair & Body Care (for Damaged Hair) L'Occitane,1409,L'occitane,2.00163E+11,L'Occitane en Provence,2190000,,0,,FALSE,,Hồ Chí Minh,https://www.lazada.vn/products/pdp-i3230417965.html
3146593176,Tinh Chất Trẻ Hóa Da L'Occitane Immortelle Divine Serum 30ml,1409,L'occitane,2.00163E+11,L'Occitane en Provence,2390000,,0,,FALSE,,Hồ Chí Minh,https://www.lazada.vn/products/pdp-i3146593176.html
3230680569,Hair & Body Care Set (for All Hair Types) L'Occitane,1409,L'occitane,2.00163E+11,L'Occitane en Provence,2190000,,0,,FALSE,,Hồ Chí Minh,https://www.lazada.vn/products/pdp-i3230680569.html
1222521313,Combo Gội Xả Phục Hồi Chuyên Sâu L'Occitane Intensive Repair Conditioner 500ml,1409,L'occitane,2.00163E+11,L'Occitane en Provence,2580000,,108,21,FALSE,4.71,Hồ Chí Minh,https://www.lazada.vn/products/pdp-i1222521313.html
1175420779,L'Occitane Cherry Blossom Bath & Shower Gel 250Ml-500Ml,1409,L'occitane,2.00163E+11,L'Occitane en Provence,750000,,90,16,FALSE,4.69,Hồ Chí Minh,https://www.lazada.vn/products/pdp-i1175420779.html
3146563275,Dầu Dưỡng Tóc Phục Hồi Chuyên Sâu L'Occitane Intensive Repair Sublimating Oil 100 ml,1409,L'occitane,2.00163E+11,L'Occitane en Provence,1590000,,0,1,FALSE,5,Hồ Chí Minh,https://www.lazada.vn/products/pdp-i3146563275.html
3165004931,Dầu Dưỡng Tóc Phục Hồi Chuyên Sâu L'OCCITANE Intensive Repair Sublimating Oil 50ml,1409,L'occitane,2.00163E+11,L'Occitane en Provence,890000,,0,,FALSE,,Hồ Chí Minh,https://www.lazada.vn/products/pdp-i3165004931.html
3301247376,Xà Phòng Hương Hoa L'OCCITANE 50GR,1409,L'occitane,2.00163E+11,L'Occitane en Provence,2590000,,0,,FALSE,,Hồ Chí Minh,https://www.lazada.vn/products/pdp-i3301247376.html
3165200239,Mặt Nạ Phục Hồi Chuyên Sâu Cho Tóc Khô & Hư Tổn L'OCCITANE Intensive Repair Mask 200ML,1409,L'occitane,2.00163E+11,L'Occitane en Provence,1190000,,0,,FALSE,,Hồ Chí Minh,https://www.lazada.vn/products/pdp-i3165200239.html
3230874029,"Set Chăm Sóc Chân Tay Bơ Đậu Mỡ & Hoa Hồng L'OCCITANE (Kem Tay 150ml, Kem Chân 150ml, Gel Tắm 75ml, Dưỡng Thể 75ml)",1409,L'occitane,2.00163E+11,L'Occitane en Provence,2190000,,0,,FALSE,,Hồ Chí Minh,https://www.lazada.vn/products/pdp-i3230874029.html
3230612582,[2025 Festival Set] Hugs Kisses Moisturizing Shea Butter L'Occitane,1409,L'occitane,2.00163E+11,L'Occitane en Provence,590000,,0,,FALSE,,Hồ Chí Minh,https://www.lazada.vn/products/pdp-i3230612582.html
2665230312,L'Occitane Hair Loss Treatment Hair Growth Stimulating Essence 50ml,1409,L'occitane,2.00163E+11,L'Occitane en Provence,1390000,,14,6,FALSE,5,Hồ Chí Minh,https://www.lazada.vn/products/pdp-i2665230312.html
3165063133,Sữa Dưỡng Thể Hoa Anh Đào L'Occitane Cherry Blossom Body Lotion 250ml,1409,L'occitane,2.00163E+11,L'Occitane en Provence,1036000,1090000,0,,FALSE,,Hồ Chí Minh,https://www.lazada.vn/products/pdp-i3165063133.html
3146559616,Combo Serum Dưỡng Da Đầu Ban Đêm Và Tinh Chất Kích Thích Mọc Tóc L'OCCITANE 50ml,1409,L'occitane,2.00163E+11,L'Occitane en Provence,2780000,,0,,FALSE,,Hồ Chí Minh,https://www.lazada.vn/products/pdp-i3146559616.html
1355571998,L'Occitane Shea Light Comforting Cream 50ml (Facecare),1409,L'occitane,2.00163E+11,L'Occitane en Provence,1290000,,63,7,FALSE,5,Hồ Chí Minh,https://www.lazada.vn/products/pdp-i1355571998.html
3314100130,Kem Dưỡng Ẩm Chuyên Sâu Bơ Đậu Mỡ L'Occitane 200ML,1409,L'occitane,2.00163E+11,L'Occitane en Provence,1890000,,0,,FALSE,,Hồ Chí Minh,https://www.lazada.vn/products/pdp-i3314100130.html
3239026934,Combo of 3 L'Occitane Hand Creams 30Mlx3 (Random Scent),1409,L'occitane,2.00163E+11,L'Occitane en Provence,849000,,0,,FALSE,,Hồ Chí Minh,https://www.lazada.vn/products/pdp-i3239026934.html
3314127028,Kem Dưỡng Da Tay 20% Bơ Đậu Mỡ L'Occitane 150ML Dưỡng Ẩm,1409,L'occitane,2.00163E+11,L'Occitane en Provence,990000,,11,1,FALSE,5,Vietnam,https://www.lazada.vn/products/pdp-i3314127028.html
2280691587,L'Occitane Artichoke Body Scrub 200ml,1409,L'occitane,2.00163E+11,L'Occitane en Provence,1590000,,18,2,FALSE,5,Hồ Chí Minh,https://www.lazada.vn/products/pdp-i2280691587.html
2342239896,Sáp Tẩy Trang Cúc Trường Sinh L'OCCITANE Immortelle Divine Cleansing Balm 60GR,1409,L'occitane,2.00163E+11,L'Occitane en Provence,1290000,,15,2,FALSE,5,Hồ Chí Minh,https://www.lazada.vn/products/pdp-i2342239896.html
2280762413,Kem Dưỡng Săn Chắc Cơ Thể Chiết Xuất Lá Atisô Artichoke Body Cream 200ML,1409,L'occitane,2.00163E+11,L'Occitane en Provence,2090000,,15,5,FALSE,5,Hồ Chí Minh,https://www.lazada.vn/products/pdp-i2280762413.html
2633496088,Sữa Dưỡng Thể Giàu Ẩm Bơ Đậu Mỡ Shea Butter Rich Body Lotion 250ML,1409,L'occitane,2.00163E+11,L'Occitane en Provence,1090000,,8,1,FALSE,5,Hồ Chí Minh,https://www.lazada.vn/products/pdp-i2633496088.html
3269264844,[Set trải nghiệm] Chăm sóc cơ thể Bơ đậu mỡ,1409,L'occitane,2.00163E+11,L'Occitane en Provence,629000,,0,,FALSE,,Hồ Chí Minh,https://www.lazada.vn/products/pdp-i3269264844.html
851436645,L'Occitane Shea Butter Foot Cream 150ml,1409,L'occitane,2.00163E+11,L'Occitane en Provence,990000,,210,37,FALSE,5,Hồ Chí Minh,https://www.lazada.vn/products/pdp-i851436645.html
2676360240,Skinceuticals Specialized Eye Cream ​ A.G.E. Advanced Eye 15ml,13767,SkinCeuticals,2.00167E+11,SkinCeuticals,3250000,,83,13,TRUE,4.31,Vietnam,https://www.lazada.vn/products/pdp-i2676360240.html
2664626943,Skinceuticals Simply Clean Gel Facial Cleanser 195ml,13767,SkinCeuticals,2.00167E+11,SkinCeuticals,1649000,,91,9,TRUE,5,Vietnam,https://www.lazada.vn/products/pdp-i2664626943.html
1313971735,Sữa rửa mặt dạng bọt  SKINCEUTICALS SOOTHING CLEANSER FOAM 150ml,13767,SkinCeuticals,2.00167E+11,SkinCeuticals,1650000,,227,23,TRUE,4.91,Vietnam,https://www.lazada.vn/products/pdp-i1313971735.html
2408362701,Skinceuticals Hydrating B5 Specialized Moisturizing and Skin-Restoring Essence Set,13767,SkinCeuticals,2.00167E+11,SkinCeuticals,4720000,,223,29,TRUE,4.86,Hồ Chí Minh,https://www.lazada.vn/products/pdp-i2408362701.html
1313928821,"Specialized Essence Skinceuticals Blemish + Age Defense Helps Improve Post-Acne Blemishes, Control Sebum and Prevent Acne Formation 30ml",13767,SkinCeuticals,2.00167E+11,SkinCeuticals,2320000,,2400,325,TRUE,4.91,Vietnam,https://www.lazada.vn/products/pdp-i1313928821.html
2312990790,Phloretin Cf & Discoloration Defense Essence Helps Prevent Oxidation and Fade Dark Spots for Uneven Skin Tone.,13767,SkinCeuticals,2.00167E+11,SkinCeuticals,6850000,,28,1,TRUE,5,Hồ Chí Minh,https://www.lazada.vn/products/pdp-i2312990790.html
2458040793,Specialized Cream Skinceuticals A.G.E. Interrupter Advanced Helps Improve Skin Aging Problems and Nourishes Firm Skin 48ml,13767,SkinCeuticals,2.00167E+11,SkinCeuticals,4100000,,82,17,TRUE,4.76,Vietnam,https://www.lazada.vn/products/pdp-i2458040793.html
1313977817,Skinceuticals Blemish + Age Toner 200ml,13767,SkinCeuticals,2.00167E+11,SkinCeuticals,1450000,,118,11,TRUE,4.64,Vietnam,https://www.lazada.vn/products/pdp-i1313977817.html
2438239741,Ce Ferulic & Hydrating B5 Essence Set Helps Prevent Oxidation & Moisturizes and Restores the Skin.,13767,SkinCeuticals,2.00167E+11,SkinCeuticals,6310000,,20,2,TRUE,5,Hồ Chí Minh,https://www.lazada.vn/products/pdp-i2438239741.html
1313970602,"Skinceuticals C E Ferulic Vitamin C Essence Helps Prevent Oxidation on the Skin, Making the Skin Healthier and Firmer 30ml",13767,SkinCeuticals,2.00167E+11,SkinCeuticals,3949000,,1900,278,TRUE,4.77,Vietnam,https://www.lazada.vn/products/pdp-i1313970602.html
1314072222,"Specialized Essence Skinceuticals Phloretin Cf Protects the Skin Against Oxidative Agents, Brightens, Evens Skin Tone and Nourishes Firm Skin 30ml",13767,SkinCeuticals,2.00167E+11,SkinCeuticals,3950000,,499,81,TRUE,4.6,Vietnam,https://www.lazada.vn/products/pdp-i1314072222.html
1314071372,Specialized Cream Skinceuticals Daily Moisture 60ml,13767,SkinCeuticals,2.00167E+11,SkinCeuticals,2700000,,245,28,TRUE,4.86,Vietnam,https://www.lazada.vn/products/pdp-i1314071372.html
1314101015,"Specialized Essence Skinceuticals Silymarin Cf Helps Protect the Skin from Oxidative Agents, Controls Oil and Helps Improve Skin Imperfections 30ml",13767,SkinCeuticals,2.00167E+11,SkinCeuticals,3950000,,539,77,TRUE,4.77,Vietnam,https://www.lazada.vn/products/pdp-i1314101015.html
1314069200,"Specialized Skin Care Essence Skinceuticals Discoloration Defense Fades Melasma, Brightens and Evens Skin Tone 30ml",13767,SkinCeuticals,2.00167E+11,SkinCeuticals,2900000,,1400,216,TRUE,4.5,Vietnam,https://www.lazada.vn/products/pdp-i1314069200.html
2801995585,Skinceuticals Triple Lipid Restore 2:4:2 Cream 48ml,13767,SkinCeuticals,2.00167E+11,SkinCeuticals,4100000,,84,11,TRUE,4.64,Vietnam,https://www.lazada.vn/products/pdp-i2801995585.html
2940545551,Skinceuticals Advanced Brightening Uv Defense Spf 50 Sunscreen 40ml,13767,SkinCeuticals,2.00167E+11,SkinCeuticals,1995000,,20,1,TRUE,5,Vietnam,https://www.lazada.vn/products/pdp-i2940545551.html
1314011486,"Special Essence Extracted from Herbs Skinceuticals Phyto Corrective, Helps Moisturize, Soften and Soothe the Skin 30ml",13767,SkinCeuticals,2.00167E+11,SkinCeuticals,1850000,,1500,206,TRUE,4.93,Vietnam,https://www.lazada.vn/products/pdp-i1314011486.html
1314047353,Specialized Skin Care Essence Skinceuticals Hydrating B5 Helps Moisturize and Support the Skin Regeneration Process 30ml,13767,SkinCeuticals,2.00167E+11,SkinCeuticals,2359000,,8200,1057,TRUE,4.85,Vietnam,https://www.lazada.vn/products/pdp-i1314047353.html
2963772314,"New Generation Skinceuticals H.A Special Essence Intensifier Multi-Glycan Helps Increase the Amount of Hyaluronic Acid in the Skin, Making the Skin Smooth, Shiny and Firm 30ml",13767,SkinCeuticals,2.00167E+11,SkinCeuticals,3099000,,166,19,TRUE,5,Vietnam,https://www.lazada.vn/products/pdp-i2963772314.html
1313952833,Skinceuticals Physical Fusion Uv Defense Spf50 Broad-Spectrum Physical Sunscreen Provides Optimal Skin Protection 50ml,13767,SkinCeuticals,2.00167E+11,SkinCeuticals,1995000,,321,57,TRUE,4.68,Vietnam,https://www.lazada.vn/products/pdp-i1313952833.html
2029022120,CeraVe Foaming Facial Cleanser 473ML,19601,CeraVe,2.00214E+11,CeraVe,480000,490000,40700,6281,TRUE,4.92,Vietnam,https://www.lazada.vn/products/pdp-i2029022120.html
3254487399,Foaming Cream Cleanser (Cleansing and Makeup Remover 2 in 1) Hydrating Cream-To-Foam Cleanser 473ml,19601,CeraVe,2.00214E+11,CeraVe,525000,,14,,TRUE,,Vietnam,https://www.lazada.vn/products/pdp-i3254487399.html
3085519806,Hydrating Cleanser Facial Cleanser and Moisturizer Product Set for Normal Skin,19601,CeraVe,2.00214E+11,CeraVe,470000,,17,2,TRUE,5,Vietnam,https://www.lazada.vn/products/pdp-i3085519806.html
2028836862,[Xuan Luu Thanh - Exclusive Deal] Facial Cleanser That Helps Deep Cleanse and Moisturize for Normal and Dry Skin Cerave Hydrating Cleanser 473ml,19601,CeraVe,2.00214E+11,CeraVe,460000,470000,12100,1934,TRUE,4.89,Vietnam,https://www.lazada.vn/products/pdp-i2028836862.html
3080296662,Foaming Cleanser Facial Cleanser Product Set for Oily Skin,19601,CeraVe,2.00214E+11,CeraVe,490000,,39,8,TRUE,5,Vietnam,https://www.lazada.vn/products/pdp-i3080296662.html
3085554774,[Exclusive 20% Voucher- Ecogo Live] Cerave Blemish Control Cleanser 473ml,19601,CeraVe,2.00214E+11,CeraVe,485000,495000,860,191,TRUE,4.99,Vietnam,https://www.lazada.vn/products/pdp-i3085554774.html
3092556110,Facial Cleanser Refill Bag Helps Deep Clean and Control Oil Cerave Foaming Cleanser 473ml,19601,CeraVe,2.00214E+11,CeraVe,407000,415000,1700,241,TRUE,4.88,Vietnam,https://www.lazada.vn/products/pdp-i3092556110.html
2029044077,48h CeraVe Moisturizing & deep repair lotion 236ml,19601,CeraVe,2.00214E+11,CeraVe,350000,,1000,195,TRUE,4.83,Vietnam,https://www.lazada.vn/products/pdp-i2029044077.html
2028969337,Facial Cleanser Helps Deep Cleanse Normal and Dry Skin Cerave Hydrating Cleanser 236ml,19601,CeraVe,2.00214E+11,CeraVe,330000,,2800,468,TRUE,4.87,Vietnam,https://www.lazada.vn/products/pdp-i2028969337.html
3070441311,CeraVe Blemish Control Cleanser 236ml,19601,CeraVe,2.00214E+11,CeraVe,370000,,96,21,TRUE,4.81,Vietnam,https://www.lazada.vn/products/pdp-i3070441311.html
2028967302,48h CeraVe Moisturizing & deep repair lotion 473ml,19601,CeraVe,2.00214E+11,CeraVe,505000,515000,2900,538,TRUE,4.93,Vietnam,https://www.lazada.vn/products/pdp-i2028967302.html
2028976344,48h CeraVe Moisturizing and deep Repair Moisturizing Cream 340g,19601,CeraVe,2.00214E+11,CeraVe,450000,,1700,302,TRUE,4.83,Vietnam,https://www.lazada.vn/products/pdp-i2028976344.html
3148877020,Foaming Cream Cleanser (Cleansing and Makeup Remover 2 in 1) Hydrating Cream-To-Foam Cleanser 100ml,19601,CeraVe,2.00214E+11,CeraVe,195000,,30,5,TRUE,5,Vietnam,https://www.lazada.vn/products/pdp-i3148877020.html
3148747785,[Exclusive 20% Voucher- Ecogo Live] Moisturizing Cream for Dry Skin 177ml,19601,CeraVe,2.00214E+11,CeraVe,368000,370000,21,4,TRUE,5,Vietnam,https://www.lazada.vn/products/pdp-i3148747785.html
2028781933,"[Diệp the Bug - Exclusive Deal] Deeply Restorative and Moisturizing Cream That Lasts 48 Hours for Dry Skin, Maintains the Skin's Protective Barrier Cerave Moisturising Cream 454g",19601,CeraVe,2.00214E+11,CeraVe,506000,515000,3000,527,TRUE,4.96,Vietnam,https://www.lazada.vn/products/pdp-i2028781933.html
3092416553,Facial Cleanser Refill Bag Helps Deep Cleanse and Moisturize Cerave Hydrating Cleanser 473ml,19601,CeraVe,2.00214E+11,CeraVe,395000,,169,34,TRUE,4.88,Vietnam,https://www.lazada.vn/products/pdp-i3092416553.html
2447385502,CeraVe SA Softening Cleanser 236ml,19601,CeraVe,2.00214E+11,CeraVe,360000,,1600,370,TRUE,4.88,Vietnam,https://www.lazada.vn/products/pdp-i2447385502.html
3080392506,Cleansing and Moisturizing Product Set for Dry Skin,19601,CeraVe,2.00214E+11,CeraVe,340000,,0,,TRUE,,Vietnam,https://www.lazada.vn/products/pdp-i3080392506.html
2028939549,Cerave Moisturising Lotion 88ml Deeply Restores and Keeps Skin Moisturized and Smooth for 48 Hours.,19601,CeraVe,2.00214E+11,CeraVe,180000,,1500,280,TRUE,4.96,Vietnam,https://www.lazada.vn/products/pdp-i2028939549.html
3036046665,Sunscreen Moisturizing and Restoring Lotion Spf50 Cerave Facial Moisturizing Lotion Am 52ml,19601,CeraVe,2.00214E+11,CeraVe,355000,,168,47,TRUE,4.96,Vietnam,https://www.lazada.vn/products/pdp-i3036046665.html
3204898866,"[Exclusive Online] Gentle, Clean and Moisturizing Makeup Remover with Expert-Standard Cerave Micellar Cleansing Water 295ml",19601,CeraVe,2.00214E+11,CeraVe,335000,,21,4,TRUE,5,Vietnam,https://www.lazada.vn/products/pdp-i3204898866.html
2028954414,Cerave Foaming Facial Cleanser 88ml Helps Deep Cleanse Oily Skin.,19601,CeraVe,2.00214E+11,CeraVe,180000,,3900,828,TRUE,4.94,Vietnam,https://www.lazada.vn/products/pdp-i2028954414.html
3029571068,"Cerave Blemish Control Gel 40ml, Acne-Reducing Gel That Does Not Dry Out the Skin",19601,CeraVe,2.00214E+11,CeraVe,365000,,72,17,TRUE,5,Vietnam,https://www.lazada.vn/products/pdp-i3029571068.html
2028922907,CeraVe Foaming Facial Cleanser 236ML,19601,CeraVe,2.00214E+11,CeraVe,344000,350000,10000,1615,TRUE,4.89,Vietnam,https://www.lazada.vn/products/pdp-i2028922907.html
2028874804,Intensive Recovery Moisturizer and Keeps Skin Moist and Smooth for 48 Hours Cerave Moisturising Cream 50ml,19601,CeraVe,2.00214E+11,CeraVe,180000,,2800,542,TRUE,4.92,Vietnam,https://www.lazada.vn/products/pdp-i2028874804.html
2028930571,Cerave Hydrating Cleanser 88ml Helps Deep Cleanse Normal and Dry Skin.,19601,CeraVe,2.00214E+11,CeraVe,160000,,1500,296,TRUE,4.94,Vietnam,https://www.lazada.vn/products/pdp-i2028930571.html
3057000585,Cerave Blemish Control Cleanser 88ml,19601,CeraVe,2.00214E+11,CeraVe,185000,,68,13,TRUE,5,Vietnam,https://www.lazada.vn/products/pdp-i3057000585.html
2836044322,8H Cerave Oil Control Gel-Cream 52ml,19601,CeraVe,2.00214E+11,CeraVe,370000,,391,76,TRUE,4.86,Vietnam,https://www.lazada.vn/products/pdp-i2836044322.html
3102329976,Serum CeraVe revitalizer retinol serum 30ml,19601,CeraVe,2.00214E+11,CeraVe,510000,,132,25,TRUE,5,Vietnam,https://www.lazada.vn/products/pdp-i3102329976.html
2929082006,Specialized Day Moisturizer for the Face with Spf 30.,19601,CeraVe,2.00214E+11,CeraVe,324000,,99,22,FALSE,5,Hồ Chí Minh,https://www.lazada.vn/products/pdp-i2929082006.html
13398960464,[MỚI] Sữa chống nắng giảm dầu mỏng nhẹ khô thoáng 50ml,19601,CeraVe,2.00214E+11,CeraVe,395000,,0,,FALSE,,Hồ Chí Minh,https://www.lazada.vn/products/pdp-i13398960464.html
2028966367,CeraVe PM deep repair moisturizing foam 52ml,19601,CeraVe,2.00214E+11,CeraVe,355000,,2300,423,FALSE,4.95,Hồ Chí Minh,https://www.lazada.vn/products/pdp-i2028966367.html
13386921617,Combo of 400ml Shower Gel and 70g Gentle Diaper Rash Cream for Babies with Organic Calendula Chrysanthemum Flowers,9537,Cetaphil,2.00248E+11,Cetaphil Baby Store,585000,,0,,TRUE,,Vietnam,https://www.lazada.vn/products/pdp-i13386921617.html
2133790777,Combo of 2 Cetaphil Baby Gentle Wash & Shampoo 400Ml/Bottle,9537,Cetaphil,2.00248E+11,Cetaphil Baby Store,515000,550000,4300,1209,TRUE,4.96,Vietnam,https://www.lazada.vn/products/pdp-i2133790777.html
2209213850,Gentle Moisturizing Lotion for Eczema and Atopic Dermatitis Cetaphil Pro Ad Derma Skin Restoring Moisturizer 295ml,9537,Cetaphil,2.00248E+11,Cetaphil Baby Store,722000,795000,332,69,TRUE,4.94,Vietnam,https://www.lazada.vn/products/pdp-i2209213850.html
2209210845,Combo of Shower Gel and Moisturizer for Eczema and Atopic Dermatitis Cetaphil Pro Ad Derma Wash + Pro Ad Derma Moisturizer 295ml X 2,9537,Cetaphil,2.00248E+11,Cetaphil Baby Store,1355000,,38,9,TRUE,5,Vietnam,https://www.lazada.vn/products/pdp-i2209210845.html
3132965383,[New] Cetaphil Baby Soothing & Moisturizing Cream 566g Jar,9537,Cetaphil,2.00248E+11,Cetaphil Baby Store,518000,570000,174,25,TRUE,4.92,Vietnam,https://www.lazada.vn/products/pdp-i3132965383.html
2209269227,Cetaphil Pro Ad Derma Wash Moisturizing Shower Gel for Eczema and Atopic Dermatitis 295ml,9537,Cetaphil,2.00248E+11,Cetaphil Baby Store,519000,560000,356,71,TRUE,4.96,Vietnam,https://www.lazada.vn/products/pdp-i2209269227.html
3192243805,Combo Gentle Moisturizing Shower Gel for Babies with Calendula W&S 400ml & Calendula Baby Oil Soothing Moisturizing Massage Oil 200ml,9537,Cetaphil,2.00248E+11,Cetaphil Baby Store,549000,590000,0,,TRUE,,Vietnam,https://www.lazada.vn/products/pdp-i3192243805.html
2133655224,Gentle Moisturizing Shower Gel for Babies with Organic Calendula Chrysanthemum Cetaphil Baby W&Shampoo Calendula 230ml,9537,Cetaphil,2.00248E+11,Cetaphil Baby Store,235000,,406,142,TRUE,4.99,Vietnam,https://www.lazada.vn/products/pdp-i2133655224.html
2133634205,Cetaphil Baby Gentle Wash & Shampoo 400ml,9537,Cetaphil,2.00248E+11,Cetaphil Baby Store,264000,275000,7000,1642,TRUE,4.97,Vietnam,https://www.lazada.vn/products/pdp-i2133634205.html
2133903195,Combo of 2 Gentle Moisturizing Shower Gels for Babies with Organic Chrysanthemum Calendula Cetaphil Baby W&Shampoo Calendula 400Ml/Bottle,9537,Cetaphil,2.00248E+11,Cetaphil Baby Store,622000,670000,6800,1169,TRUE,4.97,Vietnam,https://www.lazada.vn/products/pdp-i2133903195.html
3218839342,KbYn1963YyZ,9537,Cetaphil,2.00248E+11,Cetaphil Baby Store,775000,,0,,TRUE,,Vietnam,https://www.lazada.vn/products/pdp-i3218839342.html
2963722333,Soothing and Repairing Cream for Eczema and Atopic Dermatitis Cetaphil Pro Ad Derma Repair Cream 227g,9537,Cetaphil,2.00248E+11,Cetaphil Baby Store,771000,830000,49,4,TRUE,5,Vietnam,https://www.lazada.vn/products/pdp-i2963722333.html
2133645305,Cetaphil Baby Gentle Wash & Shampoo 230ml,9537,Cetaphil,2.00248E+11,Cetaphil Baby Store,179000,189000,569,293,TRUE,4.92,Vietnam,https://www.lazada.vn/products/pdp-i2133645305.html
2495783479,Set of 400ml Shower Gel + 400ml Moisturizing Lotion + 70g Diaper Rash Cream Cetaphil Baby with Organic Calendula,9537,Cetaphil,2.00248E+11,Cetaphil Baby Store,906000,952000,71,13,TRUE,5,Vietnam,https://www.lazada.vn/products/pdp-i2495783479.html
3167849499,[Vc 12% + Gift 200K] Combo Soothing and Moisturizing Shower Gel for Babies with Organic Chrysanthemum Calendula Cetaphil Baby W&Shampoo Calendula 400ml & Soothing and Moisturizing Cream for Babies Cetaphil Baby Soothing & Moisturizing Cream Jar 566g,9537,Cetaphil,2.00248E+11,Cetaphil Baby Store,845000,905000,11,1,TRUE,5,Vietnam,https://www.lazada.vn/products/pdp-i3167849499.html
3283419323,Combo of 2 Steps: Gentle Shower Gel 230ml + Cetaphil Baby Multi-Purpose Soothing Moisturizer 100Gr,9537,Cetaphil,2.00248E+11,Cetaphil Baby Store,374000,,0,,TRUE,,Vietnam,https://www.lazada.vn/products/pdp-i3283419323.html
3167856507,KbYn1963YyZ,9537,Cetaphil,2.00248E+11,Cetaphil Baby Store,845000,,0,,TRUE,,Vietnam,https://www.lazada.vn/products/pdp-i3167856507.html
3132918495,[New] Cetaphil Baby Soothing & Moisturizing Cream 100g,9537,Cetaphil,2.00248E+11,Cetaphil Baby Store,179000,185000,180,30,TRUE,5,Vietnam,https://www.lazada.vn/products/pdp-i3132918495.html
2133857409,Combo of 2 Gentle Baby Shower Gels Cetaphil Baby Gentle Wash & Shampoo 230Ml/Bottle,9537,Cetaphil,2.00248E+11,Cetaphil Baby Store,359000,378000,79,48,TRUE,5,Vietnam,https://www.lazada.vn/products/pdp-i2133857409.html
2603450977,[Vc 12% + 3 Gifts 150K] Soothing Sunscreen Milk for Sensitive Baby Skin from 6 Months Old Cetaphil Baby Sun Kids 150ml,9537,Cetaphil,2.00248E+11,Cetaphil Baby Store,560000,659000,224,53,TRUE,4.85,Vietnam,https://www.lazada.vn/products/pdp-i2603450977.html
3192283704,Combo Gentle W&S Gentle Baby Shampoo 400ml & Calendula Baby Oil Soothing Moisturizing Massage Oil 200ml,9537,Cetaphil,2.00248E+11,Cetaphil Baby Store,530000,,0,1,TRUE,5,Vietnam,https://www.lazada.vn/products/pdp-i3192283704.html
2133638326,Cetaphil Baby Shampoo 200ml Mild Shampoo for Babies,9537,Cetaphil,2.00248E+11,Cetaphil Baby Store,179000,189000,587,151,TRUE,4.98,Vietnam,https://www.lazada.vn/products/pdp-i2133638326.html
2133642173,Cetaphil Baby Lotion with Organic Calendula 400ml,9537,Cetaphil,2.00248E+11,Cetaphil Baby Store,348000,367000,1800,445,TRUE,4.97,Vietnam,https://www.lazada.vn/products/pdp-i2133642173.html
3167826634,[Vc 12% + 100K Gift] Cetaphil Baby Gentle Wash & Shampoo Combo 400ml & Cetaphil Baby Soothing & Moisturizing Cream 100g Tube,9537,Cetaphil,2.00248E+11,Cetaphil Baby Store,443000,460000,10,3,TRUE,5,Vietnam,https://www.lazada.vn/products/pdp-i3167826634.html
3283421183,2-Step Combo: Shower Gel with Organic Calendula 230ml + Cetaphil Baby Multi-Purpose Soothing Moisturizer 100Gr,9537,Cetaphil,2.00248E+11,Cetaphil Baby Store,420000,,0,,TRUE,,Vietnam,https://www.lazada.vn/products/pdp-i3283421183.html
2133883389,Combo Cetaphil Baby W&S with Organic Calendula Shower Gel 400ml + Cetaphil Baby with Organic Calendula Body Lotion 400ml,9537,Cetaphil,2.00248E+11,Cetaphil Baby Store,649000,702000,560,205,TRUE,4.94,Vietnam,https://www.lazada.vn/products/pdp-i2133883389.html
3173662359,Massage Oil soothing baby skin with daisy flower organic calendaul baby moisturising baby oil with organic calendula 200ml,9537,Cetaphil,2.00248E+11,Cetaphil Baby Store,239000,255000,32,6,TRUE,5,Vietnam,https://www.lazada.vn/products/pdp-i3173662359.html
3166865965,Combo Gentle Moisturizing Shower Gel with Organic Calendula Chrysanthemum 400ml & Multi-Purpose Soothing and Moisturizing Cream for Babies 100g,9537,Cetaphil,2.00248E+11,Cetaphil Baby Store,520000,,11,1,TRUE,5,Vietnam,https://www.lazada.vn/products/pdp-i3166865965.html
2133750984,Combo Cetaphil Baby Gentle Wash & Shampoo 400ml + Cetaphil Baby Lotion 400ml,9537,Cetaphil,2.00248E+11,Cetaphil Baby Store,536000,575000,392,110,TRUE,4.94,Vietnam,https://www.lazada.vn/products/pdp-i2133750984.html
2133553848,"Cetaphil Baby Moist Bath & Wash 230ml, Gentle Moisturizing Shower Gel for Babies",9537,Cetaphil,2.00248E+11,Cetaphil Baby Store,179000,189000,438,142,TRUE,4.94,Vietnam,https://www.lazada.vn/products/pdp-i2133553848.html
2133633200,Gentle Moisturizing Shower Gel for Babies with Organic Calendula Chrysanthemum Cetaphil Baby W&Shampoo Calendula 400ml,9537,Cetaphil,2.00248E+11,Cetaphil Baby Store,310000,335000,4900,1371,TRUE,4.96,Vietnam,https://www.lazada.vn/products/pdp-i2133633200.html
2133654084,Cetaphil Baby Daily Lotion Daily 400ml Soothing Moisturizing Lotion for Babies,9537,Cetaphil,2.00248E+11,Cetaphil Baby Store,290000,300000,3200,815,TRUE,4.95,Vietnam,https://www.lazada.vn/products/pdp-i2133654084.html
3283249589,3-Step Comprehensive Baby Skin Care Combo: Massage Oil 200ml + Shower Gel 230ml + Moisturizer 100g Cetaphil Baby,9537,Cetaphil,2.00248E+11,Cetaphil Baby Store,642000,675000,7,1,TRUE,5,Vietnam,https://www.lazada.vn/products/pdp-i3283249589.html
2421265908,Cetaphil Baby Diaper Cream Calendula 70g,9537,Cetaphil,2.00248E+11,Cetaphil Baby Store,250000,,253,59,TRUE,4.95,Vietnam,https://www.lazada.vn/products/pdp-i2421265908.html
13399477625,"[Trial set] Clinique set 3pcs: Clinique Dramatically Different Moisturizing Gel - Moisturizer 50ml, Cleasing 30ml, Clarifying Lotion 30ml",1383,Clinique,1000088919,Clinique Flagship Store,780000,,0,,TRUE,,Hồ Chí Minh,https://www.lazada.vn/products/pdp-i13399477625.html
273694553,Kem dưỡng ẩm cân bằng Clinique Dramatically Different Moisturizing - Moisturizer 125ml (Gel - Jelly - Lotion),1383,Clinique,1000088919,Clinique Flagship Store,889000,,10100,1261,TRUE,4.84,Vietnam,https://www.lazada.vn/products/pdp-i273694553.html
1598790195,"Clinique Pop™ Longwear Lipstick Shine/ Satin/ Matte | Long-lasting, Rich colour, fragrance-free",1383,Clinique,1000088919,Clinique Flagship Store,790000,,90,22,TRUE,4.76,Vietnam,https://www.lazada.vn/products/pdp-i1598790195.html
2000169029,Son môi Almost Lipstick - màu Black Honey/ Pink Honey,1383,Clinique,1000088919,Clinique Flagship Store,640000,,1200,235,TRUE,4.87,Vietnam,https://www.lazada.vn/products/pdp-i2000169029.html
1277780961,"Kem hồng dưỡng ẩm tức thì 100H Clinique Moisture Surge 100H Auto-Replenishing Hydrator - Moisturizer (30ml, 50ml, 75ml)",1383,Clinique,1000088919,Clinique Flagship Store,650000,,6800,1000,TRUE,4.88,Vietnam,https://www.lazada.vn/products/pdp-i1277780961.html
273696565,Clinique Even Better Dark Spot Defense SPF 50/PA++++ 30ml,1383,Clinique,1000088919,Clinique Flagship Store,1370000,,214,50,TRUE,4.86,Vietnam,https://www.lazada.vn/products/pdp-i273696565.html
273698512,Sữa rửa mặt dạng bọt kèm tẩy trang 2 trong 1 Clinique Rinse-Off Foaming Cleanser 150ml,1383,Clinique,1000088919,Clinique Flagship Store,890000,,168,33,TRUE,4.55,Vietnam,https://www.lazada.vn/products/pdp-i273698512.html
273694560,Sữa rửa mặt sạch thoáng sáng mịn Clinique Liquid Facial Soap - Cleanser 200ml,1383,Clinique,1000088919,Clinique Flagship Store,740000,,1700,284,TRUE,4.85,Vietnam,https://www.lazada.vn/products/pdp-i273694560.html
1614773766,CLINIQUE LINER EYES-BLACK BROWN 0.3GM,1383,Clinique,1000088919,Clinique Flagship Store,660000,,20,3,TRUE,2.33,Vietnam,https://www.lazada.vn/products/pdp-i1614773766.html
273688643,Clinique All About Eyes Rich - Eye Cream 15ml,1383,Clinique,1000088919,Clinique Flagship Store,1130000,,164,28,TRUE,4.93,Vietnam,https://www.lazada.vn/products/pdp-i273688643.html
1614773941,Phấn má hồng tươi tắn trẻ trung Clinique Cheek Pop 3.5g,1383,Clinique,1000088919,Clinique Flagship Store,710000,,227,53,TRUE,4.79,Vietnam,https://www.lazada.vn/products/pdp-i1614773941.html
1789441275,Clinique Smart Clinical Repair Wrinkle Correcting Eye Cream - Eye Cream 15ml,1383,Clinique,1000088919,Clinique Flagship Store,1670000,,144,34,TRUE,4.94,Vietnam,https://www.lazada.vn/products/pdp-i1789441275.html
273702447,Gel rửa mặt giảm mụn làm dịu da tức thì Clinique Anti-Blemish Solutions Cleansing Gel 125ml,1383,Clinique,1000088919,Clinique Flagship Store,890000,,167,25,TRUE,5,Vietnam,https://www.lazada.vn/products/pdp-i273702447.html
273704480,Clinique Even Better Makeup SPF 15 30ml,1383,Clinique,1000088919,Clinique Flagship Store,990000,,153,35,TRUE,4.89,Vietnam,https://www.lazada.vn/products/pdp-i273704480.html
273704477,Sữa rửa mặt dưỡng ẩm lán mịn cho nam da thường đến da khô Clinique For Men Face Wash 200ml,1383,Clinique,1000088919,Clinique Flagship Store,740000,,438,78,TRUE,4.82,Vietnam,https://www.lazada.vn/products/pdp-i273704477.html
273678942,"Clinique Take The Day Off Makeup Remover For Lids, Lashes & Lips 125ml",1383,Clinique,1000088919,Clinique Flagship Store,640000,,261,25,TRUE,4.76,Vietnam,https://www.lazada.vn/products/pdp-i273678942.html
273696562,"Tinh chất dưỡng mắt, giảm quầng thâm, bọng mắt Clinique All About Eyes Serum De-Puffing Eye Massage 15ml",1383,Clinique,1000088919,Clinique Flagship Store,1130000,,524,70,TRUE,4.84,Vietnam,https://www.lazada.vn/products/pdp-i273696562.html
273694558,"[NEW] Clinique Smart Clinical Repair Lifting Face + Neck - Cream 50ml | Anti-Aging, Peptides, Youthful Skin",1383,Clinique,1000088919,Clinique Flagship Store,2310000,,89,14,TRUE,5,Vietnam,https://www.lazada.vn/products/pdp-i273694558.html
3175869292,Clinique for Men Aloe Shave Gel 125ml,1383,Clinique,1000088919,Clinique Flagship Store,670000,,0,1,TRUE,5,Vietnam,https://www.lazada.vn/products/pdp-i3175869292.html
1277781987,"[Trial set] Clinique set 3pcs: Clinique Moisture Surge 100H Auto-Replenishing Hydrator - Moisturizer 15ml, Cleasing 30ml, Clarifying Lotion 30ml",1383,Clinique,1000088919,Clinique Flagship Store,380000,,418,100,TRUE,4.9,Vietnam,https://www.lazada.vn/products/pdp-i1277781987.html
273704467,Clinique Dramatically Different Moisturizing - Moisturizer 50ml (Gel - Jelly - Lotion),1383,Clinique,1000088919,Clinique Flagship Store,450000,,1700,337,TRUE,4.82,Vietnam,https://www.lazada.vn/products/pdp-i273704467.html
2717126603,"[Experienced Edition] 2-Step Skin Care Set Includes: 100H Clinique Moisture Surge 100H Auto-Replenishing Hydrator - Moisturizer 15ml, Nourishing Water 30ml, Facial Cleanser 30ml",1383,Clinique,1000088919,Clinique Flagship Store,380000,,9,1,TRUE,5,Vietnam,https://www.lazada.vn/products/pdp-i2717126603.html
3302635658,Lash Power High-Fi Full Volume Mascara 10ml,1383,Clinique,1000088919,Clinique Flagship Store,840000,,0,1,TRUE,5,Vietnam,https://www.lazada.vn/products/pdp-i3302635658.html
1605100085,Sữa rửa mặt dành cho nam với công thức không chứa dầu Clinique For Men Face Wash Oily Skin Formula - Cleanser 200ml,1383,Clinique,1000088919,Clinique Flagship Store,740000,,143,29,TRUE,4.72,Vietnam,https://www.lazada.vn/products/pdp-i1605100085.html
2092122645,"Kem nền Even Better Clinical Serum Foundation Broad Spectrum SPF 25, 30ml",1383,Clinique,1000088919,Clinique Flagship Store,1230000,,144,29,TRUE,4.57,Vietnam,https://www.lazada.vn/products/pdp-i2092122645.html
2056305014,"[Trial set] Clinique set 3pcs: Clinique Dramatically Different Moisturizing - Moisturizer 50ml (Gel - Jelly - Lotion), Cleasing 30ml, Clarifying Lotion 30ml",1383,Clinique,1000088919,Clinique Flagship Store,450000,,82,9,TRUE,5,Vietnam,https://www.lazada.vn/products/pdp-i2056305014.html
1603159664,Kem dưỡng ẩm dành cho nam mỏng nhẹ giúp hấp thụ dầu thừa Oil-Free Moisturizer For Men 100ml,1383,Clinique,1000088919,Clinique Flagship Store,1080000,,58,5,TRUE,5,Vietnam,https://www.lazada.vn/products/pdp-i1603159664.html
2092033174,Kem dưỡng ẩm Clinique Smart Clinical Repair Wrinkle Correcting Cream 50ml,1383,Clinique,1000088919,Clinique Flagship Store,2310000,,64,13,TRUE,5,Vietnam,https://www.lazada.vn/products/pdp-i2092033174.html
13361184404,Clinique Anti-Aging Program |   Mini Smart Clinical Repair Kit,1383,Clinique,1000088919,Clinique Flagship Store,1980000,,0,,TRUE,,Vietnam,https://www.lazada.vn/products/pdp-i13361184404.html
273688645,"Clinique Take The Day Off Makeup Remover For Lids, Lashes & Lips 125ml",1383,Clinique,1000088919,Clinique Flagship Store,990000,,214,27,TRUE,4.85,Vietnam,https://www.lazada.vn/products/pdp-i273688645.html
13377743657,Clinique Day And Night Moisture Skincare Set,1383,Clinique,1000088919,Clinique Flagship Store,950000,,0,,TRUE,,Vietnam,https://www.lazada.vn/products/pdp-i13377743657.html
1097100315,"Even Better Clinical™ Dark Spot Clearing Serum 30ml, 50ml, 75ml | Brightening, Reduce Dark Spots, Dullness, Swallowness",1383,Clinique,1000088919,Clinique Flagship Store,2770000,,1300,245,TRUE,4.74,Vietnam,https://www.lazada.vn/products/pdp-i1097100315.html
273694557,Clinique For Men Moisturizing Lotion 100ml,1383,Clinique,1000088919,Clinique Flagship Store,1080000,,169,36,TRUE,4.83,Vietnam,https://www.lazada.vn/products/pdp-i273694557.html
273708351,[NEW] Clinique Even Better Clinical™ Brightening - Moisturizer 50ml,1383,Clinique,1000088919,Clinique Flagship Store,1720000,,77,13,TRUE,5,Vietnam,https://www.lazada.vn/products/pdp-i273708351.html
1313796436,"Nước thanh tẩy làm sạch thoáng, loại bỏ ô nhiễm bụi bẩn Clinique Clarifying Lotion Twice A Day Exfoliator 200ml",1383,Clinique,1000088919,Clinique Flagship Store,590000,,890,160,TRUE,4.79,Vietnam,https://www.lazada.vn/products/pdp-i1313796436.html
1529096254,"Serum Retinoid tái tạo và trẻ hoá da Clinique Smart Clinical Repair Wrinkle Correcting Serum (30ml, 50ml, 75ml)",1383,Clinique,1000088919,Clinique Flagship Store,2210000,,496,115,TRUE,4.87,Vietnam,https://www.lazada.vn/products/pdp-i1529096254.html
273708348,Kem dưỡng ẩm hỗ trợ kiểm soát mụn Clinique Anti-Blemish Solutions All Over Clearing Treatment Oil-Free 50ml,1383,Clinique,1000088919,Clinique Flagship Store,820000,,234,34,TRUE,4.38,Vietnam,https://www.lazada.vn/products/pdp-i273708348.html
3199057108,"Clinique Student Skin Care Set (Skin Type 2): Facial Cleanser, Cleansing Water, Moisturizing Cream",1383,Clinique,1000088919,Clinique Flagship Store,580000,,0,1,TRUE,5,Vietnam,https://www.lazada.vn/products/pdp-i3199057108.html
13361162417,Clinique 3-Step Program for Healthy Skin |   Mini Set for Dry Skin / Oily Combination Skin,1383,Clinique,1000088919,Clinique Flagship Store,500000,,0,,TRUE,,Vietnam,https://www.lazada.vn/products/pdp-i13361162417.html
13361080837,Clinique Selected Moisturizing Set |   Mini Moisture Surge Set,1383,Clinique,1000088919,Clinique Flagship Store,1045000,,0,,TRUE,,Vietnam,https://www.lazada.vn/products/pdp-i13361080837.html
273702452,Clinique Acne Solutions Clarifying Lotion 200ml,1383,Clinique,1000088919,Clinique Flagship Store,750000,,314,52,TRUE,4.65,Vietnam,https://www.lazada.vn/products/pdp-i273702452.html
969410650,"Clinique Anti-Blemish Solutions Clinical Advanced Clearing Gel | Treatment for Acne (20ml, 10ml)",1383,Clinique,1000088919,Clinique Flagship Store,350000,,566,75,TRUE,4.81,Vietnam,https://www.lazada.vn/products/pdp-i969410650.html
3246980173,"Clinique Pop Lip + Cheek Oil Balm ™   Nude Honey, Pink Honey 7ml |   Colored Lip Balm",1383,Clinique,1000088919,Clinique Flagship Store,690000,,0,,TRUE,,Vietnam,https://www.lazada.vn/products/pdp-i3246980173.html
273698516,Clinique Even Better City Block Anti-Pollution SPF40/PA+++ 30ml,1383,Clinique,1000088919,Clinique Flagship Store,1370000,,334,56,TRUE,4.62,Vietnam,https://www.lazada.vn/products/pdp-i273698516.html
2157151339,Clinique Even Better Brightening Essence Lotion 175ml,1383,Clinique,1000088919,Clinique Flagship Store,1710000,,23,2,TRUE,5,Vietnam,https://www.lazada.vn/products/pdp-i2157151339.html
983470320,Nước cân bằng cấp nước và dưỡng ẩm chuyên sâu Clinique Moisture Surge™ Hydro-Infused Lotion 200ml,1383,Clinique,1000088919,Clinique Flagship Store,960000,,586,94,TRUE,4.9,Vietnam,https://www.lazada.vn/products/pdp-i983470320.html
273694563,"Nước thanh tẩy làm sạch thoáng, loại bỏ ô nhiễm bụi bẩn cho nam da thường đến da khô Clinique For Men Exfoliating Tonic - Exfoliator 200ml",1383,Clinique,1000088919,Clinique Flagship Store,750000,,189,37,TRUE,4.73,Vietnam,https://www.lazada.vn/products/pdp-i273694563.html
273684649,Tẩy tế bào chết tinh chỉnh kết cấu da dùng được hằng ngày Clinique 7 Day Scrub Cream Rinse-Off Formula 100ml,1383,Clinique,1000088919,Clinique Flagship Store,940000,,311,47,TRUE,4.87,Vietnam,https://www.lazada.vn/products/pdp-i273684649.html
273706395,Mặt nạ ngủ dưỡng ẩm cấp nước chuyên sâu Clinique Moisture Surge Overnight Mask 100ml,1383,Clinique,1000088919,Clinique Flagship Store,1110000,,74,13,TRUE,5,Vietnam,https://www.lazada.vn/products/pdp-i273706395.html
273688642,Clinique For Men Anti-Perspirant Deodorant Roll On 75ml,1383,Clinique,1000088919,Clinique Flagship Store,490000,,1200,180,TRUE,4.87,Vietnam,https://www.lazada.vn/products/pdp-i273688642.html
2891743575,Retinol Eye Mask to Improve Dark Circles and Wrinkles Medianswer Vita Collagen Eye Cream Patch |   Box of 60 Pieces,127068227,MediAnswer,2.00803E+11,MediAnswer Store,464000,594000,34,5,TRUE,5,Vietnam,https://www.lazada.vn/products/pdp-i2891743575.html
2974637533,[Combo 3 Boxes] Medianswer Nanoshot Collagen Jelly Mask 37g |   Box of 5 Pieces,127068227,MediAnswer,2.00803E+11,MediAnswer Store,1426000,1980000,0,,TRUE,,Vietnam,https://www.lazada.vn/products/pdp-i2974637533.html
2891710697,Medianswer Real Skin Fit Collagen Mask,127068227,MediAnswer,2.00803E+11,MediAnswer Store,368000,460000,27,,TRUE,,Vietnam,https://www.lazada.vn/products/pdp-i2891710697.html
2891906008,Medianswer Calming Collagen Nanoshot Mask 37g |   Box of 5 Pieces,127068227,MediAnswer,2.00803E+11,MediAnswer Store,515000,660000,39,5,TRUE,5,Vietnam,https://www.lazada.vn/products/pdp-i2891906008.html
3016062120,Medianswer Vita Collagen Nanoshot Mask 37g |   Box of 5 Pieces,127068227,MediAnswer,2.00803E+11,MediAnswer Store,515000,660000,0,,TRUE,,Vietnam,https://www.lazada.vn/products/pdp-i3016062120.html
2891509893,Medianswer Vita Collagen Logic Ampoule 30ml,127068227,MediAnswer,2.00803E+11,MediAnswer Store,721000,924000,0,,TRUE,,Vietnam,https://www.lazada.vn/products/pdp-i2891509893.html
3016050210,[Combo 2 Boxes] Medianswer Nanoshot Collagen Jelly Mask 37g |   Box of 5 Pieces,127068227,MediAnswer,2.00803E+11,MediAnswer Store,1004000,1320000,14,2,TRUE,5,Vietnam,https://www.lazada.vn/products/pdp-i3016050210.html
3015967534,Medianswer Pore Collagen Nanoshot Mask 37g |   Box of 5 Pieces,127068227,MediAnswer,2.00803E+11,MediAnswer Store,515000,660000,0,,FALSE,,Vietnam,https://www.lazada.vn/products/pdp-i3015967534.html
2891636616,[Box of 5 Pieces] Medianswer Pore Collagen Mask 37G/Piece,127068227,MediAnswer,2.00803E+11,MediAnswer Store,660000,,40,7,FALSE,4.71,Vietnam,https://www.lazada.vn/products/pdp-i2891636616.html
1979226411,"Combo of 2 Dear, Klairs Supple Preparation Unscented Toner 180ml",13331,Dear Klairs,2.00161E+11,"Dear, Klairs",638000,870000,322,57,TRUE,5,Vietnam,https://www.lazada.vn/products/pdp-i1979226411.html
691968626,Dear Klairs Supple Preparation Unscented Toner 180ml,13331,Dear Klairs,2.00161E+11,"Dear, Klairs",319000,435000,11000,1925,TRUE,4.97,Vietnam,https://www.lazada.vn/products/pdp-i691968626.html
3219057119,"Dear, Klairs Supple Preparation Unscented Toner 300ml (Ip04)",13331,Dear Klairs,2.00161E+11,"Dear, Klairs",415000,565000,0,,TRUE,,Vietnam,https://www.lazada.vn/products/pdp-i3219057119.html
3191573210,"Dear, Klairs Freshly Juiced Vitamin Essence Toner 180ml",13331,Dear Klairs,2.00161E+11,"Dear, Klairs",325000,445000,0,,TRUE,,Vietnam,https://www.lazada.vn/products/pdp-i3191573210.html
691972806,"Dear Rose Water, Klairs Supple Preparation Facial Toner 180ml",13331,Dear Klairs,2.00161E+11,"Dear, Klairs",319000,435000,2400,408,TRUE,4.98,Vietnam,https://www.lazada.vn/products/pdp-i691972806.html
3191563242,"Dear, Klairs Freshly Juiced Vitamin Mask Cleanser 150ml",13331,Dear Klairs,2.00161E+11,"Dear, Klairs",219000,298000,0,,TRUE,,Vietnam,https://www.lazada.vn/products/pdp-i3191563242.html
1994277242,Combo of 2 Dear Klairs Supple Preparation Facial Toner 180Ml/Bottle,13331,Dear Klairs,2.00161E+11,"Dear, Klairs",638000,870000,26,4,TRUE,5,Vietnam,https://www.lazada.vn/products/pdp-i1994277242.html
3300496749,"[Gift] Small, Convenient Cosmetic Bag, Random Color Delivery",12754,Embryolisse,2.0016E+11,Embryolisse,99000,,260,20,TRUE,4.75,Vietnam,https://www.lazada.vn/products/pdp-i3300496749.html
2611299236,Sample Embryolisse Lait Creme Concentre Restorative Moisturizer 5ml,12754,Embryolisse,2.0016E+11,Embryolisse,69000,,1100,301,TRUE,4.99,Vietnam,https://www.lazada.vn/products/pdp-i2611299236.html
3165219696,Sample Embryolisse Lait Creme Concentre Restorative Moisturizer 15ml,12754,Embryolisse,2.0016E+11,Embryolisse,159000,250000,227,19,TRUE,5,Vietnam,https://www.lazada.vn/products/pdp-i3165219696.html
550858645,Accessolise Lazada crème concentrate Repair Moisturizer 30ml/75ml,12754,Embryolisse,2.0016E+11,Embryolisse,310000,366000,15400,3133,TRUE,4.98,Vietnam,https://www.lazada.vn/products/pdp-i550858645.html
2309990986,Cosmetic-creme estimate Sant 200ml herbal anti-oxygen cleanser,12754,Embryolisse,2.0016E+11,Embryolisse,375000,485000,1100,211,TRUE,4.99,Vietnam,https://www.lazada.vn/products/pdp-i2309990986.html
3055284161,Lait Creme retinol like soryilise 75ml anti-aging Relief Moisturizing Cream,12754,Embryolisse,2.0016E+11,Embryolisse,768000,820000,255,32,TRUE,4.97,Vietnam,https://www.lazada.vn/products/pdp-i3055284161.html
2630880220,Xerox multilevel Sun Moisturizer double layer Serum 30ml sun cream 100ml,12754,Embryolisse,2.0016E+11,Embryolisse,1056000,1449000,25,3,TRUE,5,Vietnam,https://www.lazada.vn/products/pdp-i2630880220.html
2815447808,Combo 2 accessostise Lamy Creme Concentre 75ml Repair Moisturizer-multi-functional skin care 6in1,12754,Embryolisse,2.0016E+11,Embryolisse,1012000,1460000,270,46,TRUE,4.98,Vietnam,https://www.lazada.vn/products/pdp-i2815447808.html
2416935796,Double ha serum set 30ml and cenyilise Repair Moisturizer (30-75ml),12754,Embryolisse,2.0016E+11,Embryolisse,841000,1116000,264,45,TRUE,5,Vietnam,https://www.lazada.vn/products/pdp-i2416935796.html
2815480180,Combo 2 PCs moryilise Lamit Creme Concentre 30ml Repair Moisturizer-functional skin moisturizer 6in1,12754,Embryolisse,2.0016E+11,Embryolisse,569000,732000,268,25,TRUE,5,Vietnam,https://www.lazada.vn/products/pdp-i2815480180.html
2171813905,[Date 11/2026] Embryolisse Hydra-Serum Double Ha Multi-Layer Moisturizing Serum 30ml,12754,Embryolisse,2.0016E+11,Embryolisse,528000,750000,549,126,TRUE,4.97,Vietnam,https://www.lazada.vn/products/pdp-i2171813905.html
2599467356,"The new generation of organic sun cream-broad spectrum anti-UV and anti-aging for dry, sensitive calenyesse SPF 50 PA +++ brake ++ 100ml",12754,Embryolisse,2.0016E+11,Embryolisse,484000,699000,242,52,TRUE,4.94,Vietnam,https://www.lazada.vn/products/pdp-i2599467356.html
13401162095,Combo làm sạch và dưỡng ẩm mùa hè dành cho da dầu Embryolisse - sữa rửa mặt 200ml và kem dưỡng Filaderme 75ml,12754,Embryolisse,2.0016E+11,Embryolisse,1215000,,0,,FALSE,,Hồ Chí Minh,https://www.lazada.vn/products/pdp-i13401162095.html
539168506,Embryolisse Filaderme Émulsion Rejuvenating Cream for Skin Tightening and Comprehensive Skin Care 75ml,12754,Embryolisse,2.0016E+11,Embryolisse,566500,730000,698,96,FALSE,4.92,Hồ Chí Minh,https://www.lazada.vn/products/pdp-i539168506.html
3178059783,Embryolisse Filaderme Émulsion Skin Rejuvenation Cream for Skin Tightening and Comprehensive Skin Care 15ml,12754,Embryolisse,2.0016E+11,Embryolisse,149000,250000,104,27,FALSE,5,Hồ Chí Minh,https://www.lazada.vn/products/pdp-i3178059783.html
1689909021,Jewelyilise Eau de Beaute rosamelis deep hydration spray 200ml,12754,Embryolisse,2.0016E+11,Embryolisse,456000,523000,191,29,FALSE,5,Hồ Chí Minh,https://www.lazada.vn/products/pdp-i1689909021.html
3111764574,[10.10 |   University 300K Get 3 Masks Free] Skinfood Lip Scrub with Avocado and Sugar Extract Avocado & Sugar Lip Scrub 14g,7936,Skinfood,2.00528E+11,SKINFOOD Since 1957,194000,219000,34,13,TRUE,5,Vietnam,https://www.lazada.vn/products/pdp-i3111764574.html
2606051543,[10.10 |   Free 3 Jar of Honey Mask for Size 50ml] Skinfood Royal Honey Propolis Enrich Essence 50ml,7936,Skinfood,2.00528E+11,SKINFOOD Since 1957,349000,,532,159,TRUE,4.99,Vietnam,https://www.lazada.vn/products/pdp-i2606051543.html
3245203661,[New] Skinfood Lip Scrub with Avocado and Sugar Extract Avocado & Sugar Lip Scrub 14g,14451,Mediheal,2.00528E+11,SKINFOOD Since 1957,194000,219000,0,,TRUE,,Vietnam,https://www.lazada.vn/products/pdp-i3245203661.html
2491589704,"[10.10 |   University 300K Get 3 Masks Free] Skinfood Exfoliating Mask Deep Cleansing, Brightening, Soothing 120g",7936,Skinfood,2.00528E+11,SKINFOOD Since 1957,262000,349000,286,79,TRUE,4.9,Vietnam,https://www.lazada.vn/products/pdp-i2491589704.html
3111712695,[10.10 |   University 300K Get 3 Masks Free] Avocado & Olive Lip Balm Sleeping Mask with Avocado & Olive Extract 12g,7936,Skinfood,2.00528E+11,SKINFOOD Since 1957,183000,219000,62,15,TRUE,4.5,Vietnam,https://www.lazada.vn/products/pdp-i3111712695.html
3245156701,[New] Avocado & Olive Lip Balm Sleeping Mask with Avocado & Olive Extract 12g,14451,Mediheal,2.00528E+11,SKINFOOD Since 1957,183000,219000,0,,TRUE,,Vietnam,https://www.lazada.vn/products/pdp-i3245156701.html
2491576547,[10.10 |   University 300K Get 3 Masks Free] Skinfood Egg White Perfect Pore Cleansing Foam 150ml,7936,Skinfood,2.00528E+11,SKINFOOD Since 1957,218000,279000,206,54,TRUE,4.98,Vietnam,https://www.lazada.vn/products/pdp-i2491576547.html
2491688098,[10.10 |   University 300K Get 3 Masks Free] Black Sugar Scrub Foam Exfoliating Facial Cleanser 180ml,7936,Skinfood,2.00528E+11,SKINFOOD Since 1957,262000,299000,155,12,TRUE,4.75,Vietnam,https://www.lazada.vn/products/pdp-i2491688098.html
2827523148,Combo 2 Boxes of Toner Pads 60 Moisturizing Pads with Carrot Extract to Soothe and Cool the Skin Skinfood Carrot Carotene Calming Water Pad 250g,7936,Skinfood,2.00528E+11,SKINFOOD Since 1957,961000,1891000,5,2,TRUE,5,Vietnam,https://www.lazada.vn/products/pdp-i2827523148.html
3245179596,"Free 5 Samples Mini Size [New] Skinfood Royal Honey Propolis Enrich Cream Mist Moisturizing, Skin Tightening Royal Honey Propolis Enrich Cream Mist 120ml",14451,Mediheal,2.00528E+11,SKINFOOD Since 1957,407000,589000,14,6,TRUE,5,Vietnam,https://www.lazada.vn/products/pdp-i3245179596.html
3245217578,Free 5 Samples Mini Size [New] Skinfood Royal Honey Propolis Enrich Essence 50ml,14451,Mediheal,2.00528E+11,SKINFOOD Since 1957,349000,,0,,TRUE,,Vietnam,https://www.lazada.vn/products/pdp-i3245217578.html
3244965926,Free 4 Samples Mini Size [New] Skinfood Toner Pad Box 60 Cotton Pads Soothes Skin/Moisturizes/Fades Dark Spots/Cleans Pores 250g,14451,Mediheal,2.00528E+11,SKINFOOD Since 1957,472000,689000,29,9,TRUE,4.78,Vietnam,https://www.lazada.vn/products/pdp-i3244965926.html
3009598609,"[Hold] Box of 60 Skinfood Parsley Cotton Pads B5 Oil Control, Anti-Inflammation Pantothenic Water Parsley Clear Pad 250g",7936,Skinfood,2.00528E+11,SKINFOOD Since 1957,481000,699000,0,1,TRUE,5,Vietnam,https://www.lazada.vn/products/pdp-i3009598609.html
3245107747,[New] Rice Brightening Toner 160ml,14451,Mediheal,2.00528E+11,SKINFOOD Since 1957,342000,479000,0,,TRUE,,Vietnam,https://www.lazada.vn/products/pdp-i3245107747.html
2491586719,[10.10 |   300K Offer Get 3 Masks Free] Skinfood Cica Clear Spot Patch Acne Patch,7936,Skinfood,2.00528E+11,SKINFOOD Since 1957,298000,349000,35,14,TRUE,5,Vietnam,https://www.lazada.vn/products/pdp-i2491586719.html
3111793306,[10.10 |   University 300K Get 3 Masks Free] Rice Brightening Toner 160ml,7936,Skinfood,2.00528E+11,SKINFOOD Since 1957,342000,479000,63,18,TRUE,5,Vietnam,https://www.lazada.vn/products/pdp-i3111793306.html
3245148693,Free 5 Samples Mini Size [New] Skinfood Royal Honey Propolis Enrich Toner 160ml,14451,Mediheal,2.00528E+11,SKINFOOD Since 1957,450000,659000,5,,TRUE,,Vietnam,https://www.lazada.vn/products/pdp-i3245148693.html
2491629587,[Free 1 Sous Vide Mask + up to 50% Off] Skinfood Black Sugar Perfect First Serum the Essential Moisturizing Black Sugar Essence,7936,Skinfood,2.00528E+11,SKINFOOD Since 1957,502000,629000,9,,TRUE,,Vietnam,https://www.lazada.vn/products/pdp-i2491629587.html
2491674112,Skinfood Royal Honey Propolis Enrich Toner 160ml,7936,Skinfood,2.00528E+11,SKINFOOD Since 1957,450000,659000,60,24,TRUE,5,Vietnam,https://www.lazada.vn/products/pdp-i2491674112.html
2491726099,[Hold] Skinfood Yuja C Dark Spot Clear Serum 50ml,7936,Skinfood,2.00528E+11,SKINFOOD Since 1957,538000,799000,144,45,TRUE,4.89,Vietnam,https://www.lazada.vn/products/pdp-i2491726099.html
3264737634,Skinfood Eggplant Sous Vide Mask Sheet,14451,Mediheal,2.00528E+11,SKINFOOD Since 1957,53000,,0,,TRUE,,Vietnam,https://www.lazada.vn/products/pdp-i3264737634.html
3245475045,[New] Skinfood Yuja C Dark Spot Clear Serum 50ml,14451,Mediheal,2.00528E+11,SKINFOOD Since 1957,538000,799000,0,,TRUE,,Vietnam,https://www.lazada.vn/products/pdp-i3245475045.html
3245053828,[New] Skinfood Lemon Dill Food Mask Brightens Skin Lemon Dill Food Mask 120g,14451,Mediheal,2.00528E+11,SKINFOOD Since 1957,298000,409000,0,,TRUE,,Vietnam,https://www.lazada.vn/products/pdp-i3245053828.html
2685644204,[Free 1 Sous Vide Mask] Skinfood Sous Vide Mask Sheet Kale Skin Care Mask,7936,Skinfood,2.00528E+11,SKINFOOD Since 1957,45000,53000,109,30,TRUE,5,Vietnam,https://www.lazada.vn/products/pdp-i2685644204.html
3009616640,[Free 1 Sous Vide Mask] Parsley Sheet Mask B5 Soothes Skin and Controls Excess Oil Pantothenic Water Parsley Sheet Mask 24ml,7936,Skinfood,2.00528E+11,SKINFOOD Since 1957,81000,,31,9,TRUE,5,Vietnam,https://www.lazada.vn/products/pdp-i3009616640.html
2491675327,[Free 1 Sous Vide Mask] Skinfood Carrot Carotene Mask Moisturizing and Smoothing Mask 27ml,7936,Skinfood,2.00528E+11,SKINFOOD Since 1957,67000,81000,31,4,TRUE,5,Vietnam,https://www.lazada.vn/products/pdp-i2491675327.html
3264804098,Skinfood Cabbage Sous Vide Mask Sheet,14451,Mediheal,2.00528E+11,SKINFOOD Since 1957,53000,,0,,TRUE,,Vietnam,https://www.lazada.vn/products/pdp-i3264804098.html
2491572837,[10.10 |   University 300K Get 3 Masks Free] Skinfood Egg White Pore Mask 120g,7936,Skinfood,2.00528E+11,SKINFOOD Since 1957,262000,349000,58,16,TRUE,4.62,Vietnam,https://www.lazada.vn/products/pdp-i2491572837.html
3245060779,[New] Apricot Food Mask Skinfood Soothes and Smoothes Skin Apricot Food Mask 120g,14451,Mediheal,2.00528E+11,SKINFOOD Since 1957,298000,409000,0,,TRUE,,Vietnam,https://www.lazada.vn/products/pdp-i3245060779.html
3245083707,[New] Skinfood Vegan Lavender Food Mask Soothes and Moisturizes Skin Vegan Lavender Food Mask 120g,14451,Mediheal,2.00528E+11,SKINFOOD Since 1957,298000,409000,0,,TRUE,,Vietnam,https://www.lazada.vn/products/pdp-i3245083707.html
3111669661,[10.10 |   University 300K Get 3 Masks Free] Nourishing and Firming Honey Sugar Food Mask 120g,7936,Skinfood,2.00528E+11,SKINFOOD Since 1957,298000,800000,49,7,TRUE,4.86,Vietnam,https://www.lazada.vn/products/pdp-i3111669661.html
3111965197,[3.3 Get 1 Free Sous Vide Mask] Gentle Exfoliating Peony Daily Mask 30 Pieces Shine Muscat Cica Bha Daily Sheet Mask 270g,7936,Skinfood,2.00528E+11,SKINFOOD Since 1957,479000,729000,0,2,TRUE,5,Vietnam,https://www.lazada.vn/products/pdp-i3111965197.html
3245046777,Free 5 Samples Mini Size [New] Skinfood Daily Carrot Carotone Skin Care Mask Box Carrot/Tangerine/Acorn 270g,14451,Mediheal,2.00528E+11,SKINFOOD Since 1957,479000,729000,5,4,TRUE,4.5,Vietnam,https://www.lazada.vn/products/pdp-i3245046777.html
3245038825,"[New] Skinfood Food Mask Lavender, Strawberry, Honey, Apricot, Pear Mint, Choco Mint, Lemon Dill Food Mask 120g",14451,Mediheal,2.00528E+11,SKINFOOD Since 1957,298000,409000,5,,TRUE,,Vietnam,https://www.lazada.vn/products/pdp-i3245038825.html
2491661205,[10.10 |   University 300K Get 3 Masks Free] Skinfood Egg White Perfect Pore Cleansing Oil 200ml,7936,Skinfood,2.00528E+11,SKINFOOD Since 1957,393000,559000,37,14,FALSE,5,Hồ Chí Minh,https://www.lazada.vn/products/pdp-i2491661205.html
3111680620,[10.10 |   University 300K Get 3 Masks Free] Rice Brightening Serum 55ml,7936,Skinfood,2.00528E+11,SKINFOOD Since 1957,378000,539000,59,19,FALSE,5,Hồ Chí Minh,https://www.lazada.vn/products/pdp-i3111680620.html
2491461898,[10.10 |   University 300K Get 3 Masks Free] Skinfood Shine Muscat Bha Toner 200ml,7936,Skinfood,2.00528E+11,SKINFOOD Since 1957,393000,559000,67,23,FALSE,4.26,Hồ Chí Minh,https://www.lazada.vn/products/pdp-i2491461898.html
3245096796,[New] Rice Brightening Serum 55ml,14451,Mediheal,2.00528E+11,SKINFOOD Since 1957,378000,539000,0,1,FALSE,5,Hồ Chí Minh,https://www.lazada.vn/products/pdp-i3245096796.html
2491694099,[10.10 |   University 300K Get 3 Masks Free] Skinfood Pink Grapefruit Aha Toner 200ml,7936,Skinfood,2.00528E+11,SKINFOOD Since 1957,393000,559000,54,20,FALSE,5,Hồ Chí Minh,https://www.lazada.vn/products/pdp-i2491694099.html
2491579564,[10.10 |   University 300K Get 3 Masks Free] Skinfood Black Sugar Mask Wash Off Softens Skin 120g,7936,Skinfood,2.00528E+11,SKINFOOD Since 1957,262000,349000,17,6,FALSE,5,Hồ Chí Minh,https://www.lazada.vn/products/pdp-i2491579564.html
2617844480,Beplain mung bean N-balance cleansing foam 80ml,124347680,Beplain,2.0065E+11,BEPLAIN VIỆT NAM,261000,348545,34,6,TRUE,5,Vietnam,https://www.lazada.vn/products/pdp-i2617844480.html
2617787321,Beplain mung bean N-balance cleansing foam 160ml,124347680,Beplain,2.0065E+11,BEPLAIN VIỆT NAM,342000,456545,153,39,TRUE,5,Vietnam,https://www.lazada.vn/products/pdp-i2617787321.html
13344717203,Beplain Cica Pdrn Repair Cream 50ml,124347680,Beplain,2.0065E+11,BEPLAIN VIỆT NAM,489000,698000,0,1,TRUE,5,Vietnam,https://www.lazada.vn/products/pdp-i13344717203.html
2614448003,Beplain tone up & correcting sunmuse tone up & correcting Sunscreen SPF50 + PA +++ +++ 50ml,124347680,Beplain,2.0065E+11,BEPLAIN VIỆT NAM,364000,476182,336,68,TRUE,5,Vietnam,https://www.lazada.vn/products/pdp-i2614448003.html
2617762257,Besunung bean pore facial clean clay mask 120ml,124347680,Beplain,2.0065E+11,BEPLAIN VIỆT NAM,350000,466364,255,58,TRUE,4.98,Vietnam,https://www.lazada.vn/products/pdp-i2617762257.html
2716095305,Besun sunmuse tone up & correcting matte suncream 50ml,124347680,Beplain,2.0065E+11,BEPLAIN VIỆT NAM,364000,476182,119,21,TRUE,5,Vietnam,https://www.lazada.vn/products/pdp-i2716095305.html
2617842091,Besunmung bean balance Toner 200ml mild cleaning Toner,124347680,Beplain,2.0065E+11,BEPLAIN VIỆT NAM,320000,427091,5,1,TRUE,5,Vietnam,https://www.lazada.vn/products/pdp-i2617842091.html
2725841249,Kem Dưỡng Da Cấp Ẩm Sau BEPLAIN Multi Hyaluronic Acid Moisturizer 70ml,124347680,Beplain,2.0065E+11,BEPLAIN VIỆT NAM,372000,488945,0,1,TRUE,5,Vietnam,https://www.lazada.vn/products/pdp-i2725841249.html
2718534870,Combo 1 Kem Chống Nắng Hoá Học Dưỡng Ẩm BEPLAIN Sunmuse Moisture Sunscreen SPF50+ PA++++ 50ml + 1 Kem Chống Nắng Nâng Tone & Hiệu Chỉnh Da BEPLIAN Sunmuse Tone Up & Correcting Sunscreen 50ml,124347680,Beplain,2.0065E+11,BEPLAIN VIỆT NAM,671000,952364,0,,TRUE,,Vietnam,https://www.lazada.vn/products/pdp-i2718534870.html
2614385963,Besplain sunmuse moisture sunmuse facial cream SPF50 + pa magnetic compound paste ordered + 50ml,124347680,Beplain,2.0065E+11,BEPLAIN VIỆT NAM,364000,476182,18,2,TRUE,4.5,Vietnam,https://www.lazada.vn/products/pdp-i2614385963.html
2615239322,Nước Hoa Hồng Làm Dịu Da BEPLAIN Cicaterol Toner 200ml,124347680,Beplain,2.0065E+11,BEPLAIN VIỆT NAM,394000,515455,0,1,TRUE,5,Vietnam,https://www.lazada.vn/products/pdp-i2615239322.html
2614331423,Tone besunence mineral sunmuse Mineral Sunscreen SPF50 + pa tubing +++ 50ml,124347680,Beplain,2.0065E+11,BEPLAIN VIỆT NAM,364000,476182,166,45,TRUE,5,Vietnam,https://www.lazada.vn/products/pdp-i2614331423.html
3210115860,Beplain Cica Pdrn Skin Booster Serum 30ml,124347680,Beplain,2.0065E+11,BEPLAIN VIỆT NAM,419000,731455,0,,TRUE,,Vietnam,https://www.lazada.vn/products/pdp-i3210115860.html
3081015837,Mung bean pore tight-up soothing cream 60ml,124347680,Beplain,2.0065E+11,BEPLAIN VIỆT NAM,261000,348545,7,2,TRUE,5,Vietnam,https://www.lazada.vn/products/pdp-i3081015837.html
3064877063,Combo 01 mung bean N-balance cleansing foam 40ml + 01 nước Hoa mung bean balance Toner 50ml,124347680,Beplain,2.0065E+11,BEPLAIN VIỆT NAM,302000,425127,0,,FALSE,,Hà Nội,https://www.lazada.vn/products/pdp-i3064877063.html
2615620073,BEPLAIN Mặt nạ dưỡng da Cicaful Calming Mask 27g,124347680,Beplain,2.0065E+11,BEPLAIN VIỆT NAM,66764,,16,1,FALSE,5,Hà Nội,https://www.lazada.vn/products/pdp-i2615620073.html
2615464776,BEPLAIN Mặt nạ dưỡng da Multi Hyaluronic Acid Mask 25ml,124347680,Beplain,2.0065E+11,BEPLAIN VIỆT NAM,73636,,15,,FALSE,,Hà Nội,https://www.lazada.vn/products/pdp-i2615464776.html
2610570904,"Besunmung bean cleansing oil 200ml gentle, Healthy Makeup Remover Oil",124347680,Beplain,2.0065E+11,BEPLAIN VIỆT NAM,485000,652909,17,2,FALSE,5,Hà Nội,https://www.lazada.vn/products/pdp-i2610570904.html
2626721081,Besong multi hyaluronic acid ambags 30ml,124347680,Beplain,2.0065E+11,BEPLAIN VIỆT NAM,335000,446727,7,2,FALSE,5,Hà Nội,https://www.lazada.vn/products/pdp-i2626721081.html
3064653641,Combo 01 citrol Toner 20ml + 01 essence cirol ambags 5ml + 01 citrol moisturizer 10ml,124347680,Beplain,2.0065E+11,BEPLAIN VIỆT NAM,391000,550800,0,,FALSE,,Hà Nội,https://www.lazada.vn/products/pdp-i3064653641.html
2725897824,Kem Dưỡng Ẩm Làm Dịu Da BEPLAIN Cicaterol Moisturizer 60ml,124347680,Beplain,2.0065E+11,BEPLAIN VIỆT NAM,409000,535091,5,1,FALSE,5,Hà Nội,https://www.lazada.vn/products/pdp-i2725897824.html
3064648587,Combo 01 sunmuse foundation cream 10ml any + 01 mung bean ph-bean balance cleansing foam 20ml + 01 essence citworm Toner 20ml,124347680,Beplain,2.0065E+11,BEPLAIN VIỆT NAM,387000,563564,0,,FALSE,,Hà Nội,https://www.lazada.vn/products/pdp-i3064648587.html
2615441948,Beplain BHA peeling ambagle 30ml,124347680,Beplain,2.0065E+11,BEPLAIN VIỆT NAM,352000,476182,0,,FALSE,,Hà Nội,https://www.lazada.vn/products/pdp-i2615441948.html
2615613204,Beplain Multi Vitamin Ampoule 30ml,124347680,Beplain,2.0065E+11,BEPLAIN VIỆT NAM,554727,,0,1,FALSE,5,Hà Nội,https://www.lazada.vn/products/pdp-i2615613204.html
2615244223,Besplain citworm ampullovers 30ml,124347680,Beplain,2.0065E+11,BEPLAIN VIỆT NAM,365000,486000,23,4,FALSE,5,Hà Nội,https://www.lazada.vn/products/pdp-i2615244223.html
3064669540,Sunmuse all-in-one combo 3 besunky sun cream 10ml traveller size,124347680,Beplain,2.0065E+11,BEPLAIN VIỆT NAM,383000,553746,0,,FALSE,,Hà Nội,https://www.lazada.vn/products/pdp-i3064669540.html
2156421555,Bộ 2 Nước tẩy trang Garnier Cho Da Dầu Mụn Salicylic BHA Micellar 400ml x2 - kitting,8156,Garnier,2.00167E+11,Garnier,349000,418000,22900,3833,TRUE,4.97,Bình Dương,https://www.lazada.vn/products/pdp-i2156421555.html
2055266641,"Set double nourishing essence acne reduction translucent intensive for oily skin, acne Garnier bright complete anti-acnes booster Serum 30ml * 2",8156,Garnier,2.00167E+11,Garnier,566000,698000,6300,1560,TRUE,4.99,Bình Dương,https://www.lazada.vn/products/pdp-i2055266641.html
1353407227,Nước tẩy trang làm sạch và tẩy trang dưỡng sáng da dành cho da sạm Garnier Micellar Cleansing Water Vitamin C 400ml (nắp vàng),8156,Garnier,2.00167E+11,Garnier,185000,209000,9900,1761,TRUE,4.96,Vietnam,https://www.lazada.vn/products/pdp-i1353407227.html
2721390544,Kem dưỡng ẩm Water Gel mỏng nhẹ cấp ẩm tới 48H & hỗ trợ sáng da 50ml,8156,Garnier,2.00167E+11,Garnier,199000,219000,187,44,TRUE,5,Vietnam,https://www.lazada.vn/products/pdp-i2721390544.html
1620242594,"Set of 2 Gentle & Moisturizing Deep Cleansing Makeup Remover with Argan Essential Oil Extract, for Dry and Sensitive Skin - Garnier Micellar Water Bi Phase 400ml -Kitting",8156,Garnier,2.00167E+11,Garnier,369000,478000,16700,2839,TRUE,4.95,Bình Dương,https://www.lazada.vn/products/pdp-i1620242594.html
3206253270,"New Generation Serum Duo Helps Make Skin Brighter, Smoother, Healthier and Lightweight Water Gel Moisturizer 20ml X 50ml",8156,Garnier,2.00167E+11,Garnier,459000,568000,0,,TRUE,,Bình Dương,https://www.lazada.vn/products/pdp-i3206253270.html
2156382537,"Bộ đôi dưỡng chất và nước tẩy trang làm sạch sâu, giảm mụn Garnier (mới)",8156,Garnier,2.00167E+11,Garnier,459000,558000,318,96,TRUE,4.99,Bình Dương,https://www.lazada.vn/products/pdp-i2156382537.html
3206242387,"New Generation Serum Duo Helps Skin Become Brighter, Smoother, Healthier and Broad-Spectrum Sunscreen for Oily and Acne-Prone Skin 20ml X 30ml",8156,Garnier,2.00167E+11,Garnier,459000,568000,0,1,TRUE,5,Bình Dương,https://www.lazada.vn/products/pdp-i3206242387.html
3192494487,"Serum thế hệ mới 15% [PHA,AHA BHA ,NIACINAMIDE] giúp da trông sáng hơn láng hơn khỏe hơn -  Garnier Tri-Acid Serum 20ml",8156,Garnier,2.00167E+11,Garnier,295000,349000,8,3,TRUE,5,Vietnam,https://www.lazada.vn/products/pdp-i3192494487.html
3206207561,"[Virtual] New Generation Garnier Serum Set of 2 15% [Pha, Aha Bha, Niacinamide] Helps Skin Look Brighter, Smoother, and Healthier 20ml X 2",8156,Garnier,2.00167E+11,Garnier,566000,698000,0,,TRUE,,Bình Dương,https://www.lazada.vn/products/pdp-i3206207561.html
1361976915,Nước tẩy trang sạch da giảm nhờn Garnier Cho Da Dầu Mụn Salicylic BHA Micellar Cleansing Water 400ml (nắp xanh),8156,Garnier,2.00167E+11,Garnier,185000,209000,37500,7649,TRUE,4.95,Vietnam,https://www.lazada.vn/products/pdp-i1361976915.html
1972472258,"Dưỡng chất cho da dầu mụn Garnier Bright Complete Anti-Acnes Booster Serum 4% [Niacinamide, BHA, AHA, Vitamin C] 30ml",8156,Garnier,2.00167E+11,Garnier,295000,349000,14500,2467,TRUE,4.94,Vietnam,https://www.lazada.vn/products/pdp-i1972472258.html
1620494448,"Bộ 2 nước tẩy trang làm sạch sâu dịu nhẹ & sáng da Vitamin C chiết xuất Yuzu tự nhiên, cho mọi loại da - Garnier Micellar Cleansing Water 400mlX2 - Kitting",8156,Garnier,2.00167E+11,Garnier,349000,418000,2600,503,TRUE,4.96,Bình Dương,https://www.lazada.vn/products/pdp-i1620494448.html
3206254357,[Virtual] Set of 2 Deep Cleansing Makeup Remover & Dead Skin Cell Cleansing Water - Garnier Micellar Exfolliating Water 400Mlx2,8156,Garnier,2.00167E+11,Garnier,395000,478000,0,,TRUE,,Bình Dương,https://www.lazada.vn/products/pdp-i3206254357.html
3009607967,KEM CHỐNG NẮNG PHỔ RỘNG KIỀM DẦU ĐẾN 12H & HỖ TRỢ GIẢM MỤN SPF 50+PA++++ GARNIER SUPER UV ANTI-ACNE SERUM SUNSCREEN 30ML,8156,Garnier,2.00167E+11,Garnier,199000,219000,58,18,TRUE,5,Vietnam,https://www.lazada.vn/products/pdp-i3009607967.html
1374412262,Nước tẩy trang sạch sâu & dưỡng cho da khô & trang điểm lâu trôi Garnier Micellar Water Oil-Infused 400ml (nắp trắng),8156,Garnier,2.00167E+11,Garnier,205000,239000,21500,3325,TRUE,4.94,Vietnam,https://www.lazada.vn/products/pdp-i1374412262.html
3192467648,NƯỚC TẨY TRANG SẠCH SÂU ​& LÀM SẠCH TẾ BÀO DA CHẾT ​400ml  - Garnier Micellar Exfoliating Water 400ml,8156,Garnier,2.00167E+11,Garnier,205000,239000,5,2,TRUE,5,Vietnam,https://www.lazada.vn/products/pdp-i3192467648.html
3195237742,Set of 2 Deep Cleansing Makeup Remover & Dead Skin Cell Cleansing Water -Garnier Micellar Exfolliating Water 400Mlx2,8156,Garnier,2.00167E+11,Garnier,369000,478000,0,,FALSE,,Bình Dương,https://www.lazada.vn/products/pdp-i3195237742.html
3065543287,Bộ Nước tẩy trang & Kem Chống Nắng Phổ Rộng Dành Cho Da Dầu Mụn 400ML x 30ML,8156,Garnier,2.00167E+11,Garnier,359000,428000,0,,FALSE,,Bình Dương,https://www.lazada.vn/products/pdp-i3065543287.html
2416052343,"Bộ đôi Gel rửa mặt sạch thoáng dịu nhẹ 2% [BHA, Vitamin C] & Nước tẩy trang BHA sạch da giảm nhờn Garnier Bright Complete Anti-Acne (120ml x 400ml)",8156,Garnier,2.00167E+11,Garnier,329000,378000,593,202,FALSE,4.93,Bình Dương,https://www.lazada.vn/products/pdp-i2416052343.html
2055308205,"Bộ đôi dưỡng chất và nước tẩy trang làm sạch sâu, giảm mụn Garnier",8156,Garnier,2.00167E+11,Garnier,459000,558000,106,24,FALSE,5,Bình Dương,https://www.lazada.vn/products/pdp-i2055308205.html
1353500569,Mặt nạ ngủ dưỡng da ban đêm tinh chất sữa chua hỗ trợ sáng da Garnier Bright Complete Yoghurt Sleeping Mask 50ml,8156,Garnier,2.00167E+11,Garnier,195000,219000,2400,524,FALSE,4.94,Bình Dương,https://www.lazada.vn/products/pdp-i1353500569.html
3195322535,"Bộ 2 Serum thế hệ mới 15% [PHA,AHA BHA ,NIACINAMIDE] giúp da trông sáng, láng, khỏe hơn-Garnier Tri-acid serum 20ml x 2",8156,Garnier,2.00167E+11,Garnier,566000,698000,0,,FALSE,,Bình Dương,https://www.lazada.vn/products/pdp-i3195322535.html
3065514516,Bộ 3 Kem Chống Nắng Garnier Phổ Rộng Kiềm Dầu Đến 12H & Hỗ Trợ Giảm Mụn SPF 50+PA++++ 30mlX3,8156,Garnier,2.00167E+11,Garnier,555000,657000,0,,FALSE,,Bình Dương,https://www.lazada.vn/products/pdp-i3065514516.html
1495647906,"Bộ kem dưỡng & mặt nạ ngủ chiết xuất men vi sinh sữa chua đậu nành sáng da, giảm thâm mụn - Garnier Bright Complete 50ml [Kitting]",8156,Garnier,2.00167E+11,Garnier,364000,438000,1300,272,FALSE,4.85,Bình Dương,https://www.lazada.vn/products/pdp-i1495647906.html
2056368869,"Bộ dưỡng chất ngăn ngừa, giảm mụn mờ thâm dành cho da dầu, mụn Garnier Bright Complete Anti-Acnes Booster Serum",8156,Garnier,2.00167E+11,Garnier,326000,342655,901,225,FALSE,4.96,Bình Dương,https://www.lazada.vn/products/pdp-i2056368869.html
2407302562,"Bộ ba Dưỡng chất ban đêm dưỡng da sáng khỏe, giảm & ngừa thâm Garnier 10% Vitamin C nguyên chất & Kem dưỡng ngày đêm dưỡng da sáng khỏe đều màu (30mlX18mlX18ml)",8156,Garnier,2.00167E+11,Garnier,356000,373000,456,125,FALSE,4.94,Bình Dương,https://www.lazada.vn/products/pdp-i2407302562.html
2416434360,Bộ đôi Dưỡng chất Vitamin C Ngày & Đêm Garnier Bright Complete dưỡng da sáng khỏe & bảo vệ da (30mlX7.5mlX2),8156,Garnier,2.00167E+11,Garnier,356000,385000,92,29,FALSE,5,Bình Dương,https://www.lazada.vn/products/pdp-i2416434360.html
2407481326,Bộ đôi Dưỡng chất Vitamin C Ngày & Đêm Garnier Bright Complete dưỡng da sáng khỏe & bảo vệ da (30mlX2),8156,Garnier,2.00167E+11,Garnier,549000,658000,776,224,FALSE,4.96,Bình Dương,https://www.lazada.vn/products/pdp-i2407481326.html
2067347235,"Bộ sản phẩm làm sạch, giảm mụn, dưỡng sáng da Garnier Anti-Acne Serum 30ml & Sữa rửa mặt 3-trong-1 100ml",8156,Garnier,2.00167E+11,Garnier,394000,468000,129,27,FALSE,5,Bình Dương,https://www.lazada.vn/products/pdp-i2067347235.html
1622471994,Set 5 mặt nạ tinh chất Quả Yuzu & Vitamin C sáng da tức thì Garnier,8156,Garnier,2.00167E+11,Garnier,169000,195000,394,75,FALSE,5,Bình Dương,https://www.lazada.vn/products/pdp-i1622471994.html
1374431602,Sữa rửa mặt tạo bọt sáng da Garnier Bright Complete Vitamin C Super Whip Foam 100ml,8156,Garnier,2.00167E+11,Garnier,115000,119000,2900,543,FALSE,4.92,Bình Dương,https://www.lazada.vn/products/pdp-i1374431602.html
2208665318,Gel rửa mặt Vitamin C sạch sâu dịu nhẹ dưỡng sáng da Bright Complete Vitamin C Gel Wash 120ml,8156,Garnier,2.00167E+11,Garnier,159000,169000,1500,260,FALSE,4.95,Bình Dương,https://www.lazada.vn/products/pdp-i2208665318.html
2260966335,Bộ 5 mặt nạ tinh chất sáng da & nâng tông chiết xuất từ Sữa tươi & Vitamin C kết hợp Hyaluronic Acid - Garnier Light Complete White Up Serum Mask 28gX5,8156,Garnier,2.00167E+11,Garnier,176000,195000,0,,FALSE,,Bình Dương,https://www.lazada.vn/products/pdp-i2260966335.html
1388543498,Garnier Bright Complete Serum Mask 28g Yuzu Fruit & Vitamin C Essence Mask for Instant Skin Brightening,8156,Garnier,2.00167E+11,Garnier,35000,39000,1000,105,FALSE,4.98,Bình Dương,https://www.lazada.vn/products/pdp-i1388543498.html
1374457509,Mặt nạ tinh chất Sữa tươi & Vitamin C sáng mượt da Garnier Bright Complete White Up Serum Mask 28g,8156,Garnier,2.00167E+11,Garnier,35000,39000,1100,103,FALSE,4.93,Bình Dương,https://www.lazada.vn/products/pdp-i1374457509.html
1696441732,Set 5 mặt nạ tinh chất Vitamin C & Salycilic Acid giảm mụn Garnier Bright Complete Anti acne Clear Up Mask 23GX5,8156,Garnier,2.00167E+11,Garnier,176000,195000,532,100,FALSE,4.99,Bình Dương,https://www.lazada.vn/products/pdp-i1696441732.html
1374475396,Mặt nạ tinh chất Vitamin C & Salycilic Acid giảm mụn Garnier Bright Complete Anti acne Serum Mask 23g,8156,Garnier,2.00167E+11,Garnier,35000,39000,996,124,FALSE,4.91,Bình Dương,https://www.lazada.vn/products/pdp-i1374475396.html
2033523969,"Bộ sản phẩm làm sạch, giảm mụn, dưỡng sáng da Garnier Anti-Acne Serum 30ml & Sữa rửa mặt 3-trong-1 100ml",8156,Garnier,2.00167E+11,Garnier,394000,468000,626,155,FALSE,4.97,Bình Dương,https://www.lazada.vn/products/pdp-i2033523969.html
3195309373,"Bộ đôi serum thế hệ mới giúp da sáng hơn, láng hơn, khỏe hơn và nước tẩy trang tẩy tế bào chết 20ml x 400ml",8156,Garnier,2.00167E+11,Garnier,479000,588000,0,,FALSE,,Bình Dương,https://www.lazada.vn/products/pdp-i3195309373.html
2885583035,Bộ đôi kem dưỡng ẩm Water Gel mỏng nhẹ & Serum chống nắng bảo vệ tối ưu 50mlx30ml,8156,Garnier,2.00167E+11,Garnier,369000,428000,0,,FALSE,,Bình Dương,https://www.lazada.vn/products/pdp-i2885583035.html
1495983238,Set tinh chất serum & kem dưỡng mặt nạ ngủ sáng da & giảm thâm mụn dành cho ban đêm Garnier Bright Complete Vitamin C,8156,Garnier,2.00167E+11,Garnier,426000,528000,584,134,FALSE,4.78,Bình Dương,https://www.lazada.vn/products/pdp-i1495983238.html
2885524397,Kem dưỡng ẩm Water Gel mỏng nhẹ cấp ẩm tới 48H & hỗ trợ sáng da 50mlx20ml,8156,Garnier,2.00167E+11,Garnier,209000,219000,0,,FALSE,,Bình Dương,https://www.lazada.vn/products/pdp-i2885524397.html
1356875088,Bộ kem dưỡng da ngày đêm làm sáng và đều màu da Garnier Light Complete Vitamin C Serum Cream 50ml,8156,Garnier,2.00167E+11,Garnier,364000,438000,1100,254,FALSE,4.91,Bình Dương,https://www.lazada.vn/products/pdp-i1356875088.html
2885585149,Bộ đôi kem dưỡng ẩm Water Gel mỏng nhẹ cấp ẩm tới 48H & hỗ trợ sáng da 50mlx2,8156,Garnier,2.00167E+11,Garnier,359000,438000,0,,FALSE,,Bình Dương,https://www.lazada.vn/products/pdp-i2885585149.html
1353586056,Kem dưỡng serum sáng da ban ngày Garnier Light Complete Vitamin C Serum Cream SPF30 50ml,8156,Garnier,2.00167E+11,Garnier,195000,219000,2600,509,FALSE,4.9,Bình Dương,https://www.lazada.vn/products/pdp-i1353586056.html
2389414874,"Dưỡng chất ban đêm dưỡng da sáng khỏe, giảm & ngừa thâm Garnier 10% Vitamin C nguyên chất - Garnier Bright Complete Overnight Serum 30ml",8156,Garnier,2.00167E+11,Garnier,295000,349000,2300,435,FALSE,4.96,Bình Dương,https://www.lazada.vn/products/pdp-i2389414874.html
1560160941,"Bộ 2 tinh chất serum sáng da, giảm thâm mụn Vitamin C chiết xuất Yuzu tự nhiên - Garnier Bright Complete 30x Booster Serum 30ml",8156,Garnier,2.00167E+11,Garnier,526000,618000,4400,1235,FALSE,4.97,Bình Dương,https://www.lazada.vn/products/pdp-i1560160941.html
3065597139,Bộ 2 Kem Chống Nắng Phổ Rộng Kiềm Dầu Đến 12H & Hỗ Trợ Giảm Mụn SPF 50+PA++++ Garnier Super Uv Anti-Acne Serum Sunscreen 30mlX2,8156,Garnier,2.00167E+11,Garnier,379000,438000,0,1,FALSE,5,Bình Dương,https://www.lazada.vn/products/pdp-i3065597139.html
2590510816,"Serum chống nắng mỏng nhẹ bảo vệ tối ưu SPF 50+ | PA++++
Garnier Skin Naturals Super UV Invisible Serum Sunscreen 30ML",8156,Garnier,2.00167E+11,Garnier,195000,209000,316,94,FALSE,4.94,Bình Dương,https://www.lazada.vn/products/pdp-i2590510816.html
2416493006,"Bộ 2 Dưỡng chất ban đêm dưỡng da sáng khỏe, giảm & ngừa thâm Garnier 10% Vitamin C nguyên chất - Garnier Bright Complete Overnight Serum (30mlX2)",8156,Garnier,2.00167E+11,Garnier,566000,698000,95,25,FALSE,5,Bình Dương,https://www.lazada.vn/products/pdp-i2416493006.html
1356650641,Bộ đôi Nước tẩy trang Garnier Cho Da Dầu Mụn Salicylic BHA Micellar 400mlx2 (mới),8156,Garnier,2.00167E+11,Garnier,349000,418000,8500,1125,FALSE,4.93,Bình Dương,https://www.lazada.vn/products/pdp-i1356650641.html
1351763760,Dưỡng chất ban ngày tăng cường bảo vệ da & dưỡng sáng Garnier Vitamin C + Niacinamide - Garnier Bright Complete 30x Booster Serum 30ml,8156,Garnier,2.00167E+11,Garnier,275000,309000,13300,2596,FALSE,4.88,Bình Dương,https://www.lazada.vn/products/pdp-i1351763760.html
1353467007,Sữa rửa mặt 3-trong-1 giảm mụn & sáng da Garnier Bright Complete Anti-Acne Foam 100ml,8156,Garnier,2.00167E+11,Garnier,115000,119000,5600,1138,FALSE,4.93,Bình Dương,https://www.lazada.vn/products/pdp-i1353467007.html
2942773737,Sửa Rửa Mặt Sạch Sâu Sáng Mịn & Dịu Nhẹ Garnier Bright Complete Serum Cleanser 100ml,8156,Garnier,2.00167E+11,Garnier,108000,119000,23,6,FALSE,5,Bình Dương,https://www.lazada.vn/products/pdp-i2942773737.html
1365138616,Bộ đôi nước làm sạch và tẩy trang dưỡng sáng da Garnier Micellar Water Vitamin C 400ml,8156,Garnier,2.00167E+11,Garnier,349000,418000,1200,164,FALSE,4.84,Bình Dương,https://www.lazada.vn/products/pdp-i1365138616.html
1356756090,Bộ đôi nước làm sạch và tẩy trang cho da nhạy cảm Garnier Micellar Water 400ml,8156,Garnier,2.00167E+11,Garnier,349000,418000,6600,860,FALSE,4.93,Bình Dương,https://www.lazada.vn/products/pdp-i1356756090.html
2355020227,"Sữa rửa mặt dạng gel sạch thoáng dịu nhẹ Garnier 2% [BHA, Vitamin C] cho da dầu mụn 120ml",8156,Garnier,2.00167E+11,Garnier,159000,169000,1900,501,FALSE,4.99,Bình Dương,https://www.lazada.vn/products/pdp-i2355020227.html
1352760613,Bộ đôi nước làm sạch và tẩy trang cho da khô & trang điểm lâu trôi Garnier Micellar Water Oil-Infused 400ml,8156,Garnier,2.00167E+11,Garnier,369000,478000,3000,485,FALSE,4.93,Bình Dương,https://www.lazada.vn/products/pdp-i1352760613.html
1620504621,Bộ 2 nước làm sạch và tẩy trang cho da nhạy cảm (nắp hồng) Garnier Micellar Cleansing Water 400mlX2 - Kitting,8156,Garnier,2.00167E+11,Garnier,349000,418000,15500,2143,FALSE,4.96,Bình Dương,https://www.lazada.vn/products/pdp-i1620504621.html
1354098904,Nước làm sạch và tẩy trang dịu nhẹ sạch sâu dành cho da nhạy cảm Garnier Micellar Cleansing Water 400ml (nắp hồng),8156,Garnier,2.00167E+11,Garnier,185000,209000,23200,3970,FALSE,4.95,Bình Dương,https://www.lazada.vn/products/pdp-i1354098904.html
2996119850,Kem Nhuộm Tóc Màu Thời Trang Garnier Color Naturals Ultra Colors - 8 Màu Nhuộm Thời Trang,8156,Garnier,2.00167E+11,Garnier,139000,149000,19,4,FALSE,5,Bình Dương,https://www.lazada.vn/products/pdp-i2996119850.html
3002508171,Kem Nhuộm Tóc Màu Thời Trang Garnier Color Naturals Ultra Colors - 8 Màu Nhuộm Thời Trang,8156,Garnier,2.00167E+11,Garnier,169000,178000,112,21,FALSE,5,Bình Dương,https://www.lazada.vn/products/pdp-i3002508171.html
2792010842,Facial Cleanser Helps Kill Bacteria & Balance Ph Benzac Ph Control Antibacterial Wash 150ml,80604,Benzac,2.00765E+11,Benzac,373180,397000,11,,TRUE,,Hồ Chí Minh,https://www.lazada.vn/products/pdp-i2792010842.html
2792124284,Moisturizing Milk Helps Balance the Microbiome for Oily and Acne-Prone Skin Benzac Microbiome Equalizer 50ml,80604,Benzac,2.00765E+11,Benzac,496320,528000,15,2,TRUE,5,Hồ Chí Minh,https://www.lazada.vn/products/pdp-i2792124284.html
2792082508,Benzac Power Patch 3-in-1 Acne Patch X 12 Pieces with Salicylic Acid,80604,Benzac,2.00765E+11,Benzac,98700,105000,9,1,TRUE,5,Hồ Chí Minh,https://www.lazada.vn/products/pdp-i2792082508.html
2845232027,Acne Skin Care Combo Microbiome Equalizer Moisturizing Milk & Benzac Ph Control Ph-Balancing Facial Cleanser 50Ml/150Ml,80604,Benzac,2.00765E+11,Benzac,869500,925000,0,,TRUE,,Hồ Chí Minh,https://www.lazada.vn/products/pdp-i2845232027.html
2792117295,Facial Cleansing Foam Helps Deep Cleanse Oily and Acne-Prone Skin Benzac Purifying Foam Cleanser 130ml,80604,Benzac,2.00765E+11,Benzac,329000,350000,11,1,TRUE,5,Hồ Chí Minh,https://www.lazada.vn/products/pdp-i2792117295.html
3234931439,Combo Benzac Blackhead Control Scrub 60g & Ph Control Antibacterial Wash 150ml,80604,Benzac,2.00765E+11,Benzac,586560,624000,0,,TRUE,,Hồ Chí Minh,https://www.lazada.vn/products/pdp-i3234931439.html
3234779683,Combo of 2 Exfoliants to Help Clean Blackheads Benzac Blackhead Control Scrub 60g,80604,Benzac,2.00765E+11,Benzac,426760,454000,0,,TRUE,,Hồ Chí Minh,https://www.lazada.vn/products/pdp-i3234779683.html
3234677740,Combo Benzac Blackhead Control Scrub 60g & Facial Cleansing Foam to Help Deep Cleansing Benzac Purifying Foam Cleanser 130ml,80604,Benzac,2.00765E+11,Benzac,542380,577000,0,,TRUE,,Hồ Chí Minh,https://www.lazada.vn/products/pdp-i3234677740.html
3234929432,Benzac Blackhead Control Scrub 60g & Benzac Power Batch Acne Patch X 12 Pieces with Salicylic Acid,80604,Benzac,2.00765E+11,Benzac,312080,332000,0,,TRUE,,Hồ Chí Minh,https://www.lazada.vn/products/pdp-i3234929432.html
3231788082,Combo of 2 Boxes X 12 Benzac Power Patch 3-in-1 Spot Control Acne Patches,80604,Benzac,2.00765E+11,Benzac,197400,210000,0,,TRUE,,Hồ Chí Minh,https://www.lazada.vn/products/pdp-i3231788082.html
2791988931,Exfoliating Helps Clean Blackheads for Oily and Acne-Prone Skin Benzac Blackhead Control Scrub 60g,80604,Benzac,2.00765E+11,Benzac,213380,227000,8,1,TRUE,5,Hồ Chí Minh,https://www.lazada.vn/products/pdp-i2791988931.html
2845131347,Skin Care Combo for Oily and Acne-Prone Skin - Purifying Facial Cleansing Foam & Micro Equalizer Moisturizing Milk 130Ml/50Ml,80604,Benzac,2.00765E+11,Benzac,825320,878000,0,,TRUE,,Hồ Chí Minh,https://www.lazada.vn/products/pdp-i2845131347.html
3240983272,Gift Not for Sale - Water Cup,80604,Benzac,2.00765E+11,Benzac,188000,200000,0,,FALSE,,Hồ Chí Minh,https://www.lazada.vn/products/pdp-i3240983272.html
13355402914,Gift Not for Sale - Mini Benzac Plastic Fan,80604,Benzac,2.00765E+11,Benzac,282000,300000,0,,FALSE,,Hồ Chí Minh,https://www.lazada.vn/products/pdp-i13355402914.html
2796859319,"Serum Ekseption NIACIN B3 Hyaluronic Mixlab 75ml dưỡng ẩm da, giúp da mịn màng",124235685,Ekseption,2.00771E+11,Ekseption undefined,1320000,1390000,8,1,TRUE,5,Vietnam,https://www.lazada.vn/products/pdp-i2796859319.html
2796899203,"Serum Ekseption Kẽm ZNPCA Hyaluronic Mixlab 75ml hỗ trợ kiểm soát dầu nhờn, dưỡng ẩm cho da mịn màng",124235685,Ekseption,2.00771E+11,Ekseption undefined,915000,995000,178,43,TRUE,4.95,Vietnam,https://www.lazada.vn/products/pdp-i2796899203.html
2796966104,"Serum Ekseption TRX Hyaluronic Mixlab 75ml cung cấp dưỡng chất, duy trì độ ẩm, hỗ trợ làm sáng da",124235685,Ekseption,2.00771E+11,Ekseption undefined,1320000,1390000,8,3,TRUE,5,Vietnam,https://www.lazada.vn/products/pdp-i2796966104.html
2796541968,"Serum Ekseption B5 Hyaluronic Mixlab 75ml giúp làm dịu da, dưỡng ẩm",124235685,Ekseption,2.00771E+11,Ekseption undefined,1090000,,37,8,TRUE,5,Vietnam,https://www.lazada.vn/products/pdp-i2796541968.html
2796647899,Tinh chất Fusion Retinol 1.0% giúp da mịn màng 30ml,124235685,Ekseption,2.00771E+11,Ekseption undefined,1390000,,0,,TRUE,,Vietnam,https://www.lazada.vn/products/pdp-i2796647899.html
2796826465,Tinh chất Peel da EKSEPTION Retin-oil Peel 5ml,124235685,Ekseption,2.00771E+11,Ekseption undefined,512000,539000,49,6,TRUE,5,Vietnam,https://www.lazada.vn/products/pdp-i2796826465.html
2796617944,"Serum EKSEPTION Hyaluronic PHA 75ml dưỡng ẩm da, giúp da sáng và căng mọng Skincare",124235685,Ekseption,2.00771E+11,Ekseption undefined,940000,990000,6,2,TRUE,5,Vietnam,https://www.lazada.vn/products/pdp-i2796617944.html
2796828393,Serum Ekseption Peptides Hyaluronic Mixlab 75ml dưỡng da mịn màng,124235685,Ekseption,2.00771E+11,Ekseption undefined,1567000,1650000,0,,TRUE,,Vietnam,https://www.lazada.vn/products/pdp-i2796828393.html
2796827442,Kem dưỡng ẩm làm sáng da EKSEPTION White-up Sorbet 50ml,124235685,Ekseption,2.00771E+11,Ekseption undefined,1276000,,0,1,FALSE,5,Hồ Chí Minh,https://www.lazada.vn/products/pdp-i2796827442.html
2796827378,Kem chống nắng phổ rộng EKSEPTION All Day Shield 50ml,124235685,Ekseption,2.00771E+11,Ekseption undefined,1098000,,7,1,FALSE,5,Hồ Chí Minh,https://www.lazada.vn/products/pdp-i2796827378.html
13386785473,Medicube Pdrn Niacinamide Whip Cleanser120G,107047,Medicube,2.00906E+11,Medicube Skin,336000,630000,0,,TRUE,,Vietnam,https://www.lazada.vn/products/pdp-i13386785473.html
3206346480,Medicube Pdrn Pink Collagen Jelly Mask 4Ea (1 Box) ​,107047,Medicube,2.00906E+11,Medicube Skin,298000,399000,168,35,TRUE,4.54,Vietnam,https://www.lazada.vn/products/pdp-i3206346480.html
3206308849,"Pdrn Pink Hyaluronic Moisturizing Cream - Deeply Moisturizes, Brightens and Smoothes Skin 50ml",107047,Medicube,2.00906E+11,Medicube Skin,360000,450000,15,3,TRUE,5,Vietnam,https://www.lazada.vn/products/pdp-i3206308849.html
13387027143,"Sữa Rửa Mặt Sạch Sâu, Dưỡng Sáng Da Medicube kojic acid tumeric toning cleanser 120g",107047,Medicube,2.00906E+11,Medicube Skin,368000,498000,0,,TRUE,,Vietnam,https://www.lazada.vn/products/pdp-i13387027143.html
13386801491,Medicube Pdrn Hydrating Gel Cleanser 200 ml,107047,Medicube,2.00906E+11,Medicube Skin,360000,550000,0,,TRUE,,Vietnam,https://www.lazada.vn/products/pdp-i13386801491.html
3206405004,IRUNSVAN SUNAIS Children's Football Shoes with Boys' Broken Nails TF Boys' Velcro Boys' Professional Short Nails Girls' Training Special 835216,107047,Medicube,2.00906E+11,Medicube Skin,280000,400000,0,,TRUE,,Vietnam,https://www.lazada.vn/products/pdp-i3206405004.html
13388274152,Skin Brightening and Firming Essence Medicube Pdrn Pink One Day Serum 1.5ml X 10,107047,Medicube,2.00906E+11,Medicube Skin,268875,665000,0,1,TRUE,5,Vietnam,https://www.lazada.vn/products/pdp-i13388274152.html
3206322673,Medicube Glutathione Glow Serum - Skin Brightening Essence 30g,107047,Medicube,2.00906E+11,Medicube Skin,415000,700000,8,1,TRUE,5,Vietnam,https://www.lazada.vn/products/pdp-i3206322673.html
3206373488,Medicube Age-R Collagen Booster Gel Serum - Skin Regeneration & Radiance 100g,107047,Medicube,2.00906E+11,Medicube Skin,400000,650000,16,2,TRUE,5,Vietnam,https://www.lazada.vn/products/pdp-i3206373488.html
3206326587,"Medicube Pdrn Pink Tone up Sun Cream - Moisturizing, Natural Pink Tone Enhancement Spf50+ 50ml",107047,Medicube,2.00906E+11,Medicube Skin,360000,600000,5,0,TRUE,,Vietnam,https://www.lazada.vn/products/pdp-i3206326587.html
3263187959,"Serum Medicube Azelaic Acid 16 Bb Calming 30ml - Reduces Red Acne, Fade Dark Spots, Balances Oil",107047,Medicube,2.00906E+11,Medicube Skin,419000,690000,12,6,TRUE,5,Vietnam,https://www.lazada.vn/products/pdp-i3263187959.html
13386877319,Medicube Pdrn Pink Cica Soothing Toner 250ml,107047,Medicube,2.00906E+11,Medicube Skin,368000,468000,0,1,TRUE,5,Vietnam,https://www.lazada.vn/products/pdp-i13386877319.html
13386801490,Medicube Pdrn Pink Peptide Eye Cream 30ml,107047,Medicube,2.00906E+11,Medicube Skin,389000,650000,0,,TRUE,,Vietnam,https://www.lazada.vn/products/pdp-i13386801490.html
3206371090,4Sheet/box Salmon DNA PDRN Pink Collagen Gel Mask for Face Skincare,107047,Medicube,2.00906E+11,Medicube Skin,370000,600000,5,,TRUE,,Vietnam,https://www.lazada.vn/products/pdp-i3206371090.html
13388088570,"Brightens Skin, Reduces Dark Spots, Evens Skin Tone Serum Medicube Kojic Acid Turmeric Niacinamide 30ml",107047,Medicube,2.00906E+11,Medicube Skin,298500,498000,0,,TRUE,,Vietnam,https://www.lazada.vn/products/pdp-i13388088570.html
13334390503,"Medicube Deep Vita a Retinol Serum 30ml - New Generation Retinol Essence, Anti-Aging & Evens Skin Tone",107047,Medicube,2.00906E+11,Medicube Skin,460000,640000,0,,TRUE,,Vietnam,https://www.lazada.vn/products/pdp-i13334390503.html
13386921483,"Brightens, Fades Dark Spots & Smooths Skin Surface Medicube Kojic Acid Turmeric Toner 250ml",107047,Medicube,2.00906E+11,Medicube Skin,332500,468000,0,1,TRUE,5,Vietnam,https://www.lazada.vn/products/pdp-i13386921483.html
13388112514,10 PCS 24k Gold Mask Facial Hydrating and Moisturizing Nicotinamide Stock Solution Mask,107047,Medicube,2.00906E+11,Medicube Skin,425000,680000,0,,TRUE,,Vietnam,https://www.lazada.vn/products/pdp-i13388112514.html
13388130323,"Diyueduo Sunscreen with Primer Base, Lightweight Hydrating Formula for Daily UV Protection, IL-Free & Non-White Casting",107047,Medicube,2.00906E+11,Medicube Skin,368500,560000,0,,FALSE,,Bắc Ninh,https://www.lazada.vn/products/pdp-i13388130323.html
13334236493,"Medicube Pdrn & Collagen Capsule Cream 55g - Brightens and Evens Skin Tone, Enhances Elasticity",107047,Medicube,2.00906E+11,Medicube Skin,410000,550000,0,,FALSE,,Bắc Ninh,https://www.lazada.vn/products/pdp-i13334236493.html
13386841351,"Toner Pad to Brighten Skin, Reduce Dark Spots Deep Vita C Pad Medicube 150g 70 Pieces",107047,Medicube,2.00906E+11,Medicube Skin,410000,660000,0,,FALSE,,Bắc Ninh,https://www.lazada.vn/products/pdp-i13386841351.html
3206326678,"Medicube Triple Collagen Cream 50ml - Moisturizes, Restores & Increases Skin Elasticity",107047,Medicube,2.00906E+11,Medicube Skin,420000,600000,8,3,FALSE,4.67,Vietnam,https://www.lazada.vn/products/pdp-i3206326678.html
3206366138,"Medicube Txa + 5% Niacinamide Capsule Cream - Whitening, Dark Spot Fading 55g",107047,Medicube,2.00906E+11,Medicube Skin,400000,550000,9,1,FALSE,2,Bắc Ninh,https://www.lazada.vn/products/pdp-i3206366138.html
3206293967,Medicube Triple Collagen Serum 4.0 - Deep Moisturizing 3-Layer Formula 55ml,107047,Medicube,2.00906E+11,Medicube Skin,420000,700000,0,1,FALSE,5,Bắc Ninh,https://www.lazada.vn/products/pdp-i3206293967.html
3206314984,"Medicube Zero Pore Pad 2.0 Pore Care Toner Pad Smoothes Skin for Bright, Soft Skin 70 Pieces",107047,Medicube,2.00906E+11,Medicube Skin,310000,550000,39,9,FALSE,4.44,Bắc Ninh,https://www.lazada.vn/products/pdp-i3206314984.html
3206382210,Medicube Deep Vita C Capsule Cream - Brightening Moisturizer 55g,107047,Medicube,2.00906E+11,Medicube Skin,450000,600000,15,4,FALSE,5,Bắc Ninh,https://www.lazada.vn/products/pdp-i3206382210.html
3206343516,Medicube Pdrn Pink Peptide Serum - Enhances Skin Restoration 30ml ​,107047,Medicube,2.00906E+11,Medicube Skin,410000,650000,51,17,FALSE,5,Vietnam,https://www.lazada.vn/products/pdp-i3206343516.html
3274418076,"Medicube Txa 5% + Niacinamide 10% Serum 30ml - Reduces Acne Dark Spots, Brightens & Evens Skin Tone",107047,Medicube,2.00906E+11,Medicube Skin,415000,690000,6,1,FALSE,5,Bắc Ninh,https://www.lazada.vn/products/pdp-i3274418076.html
3206324664,Medicube Triple Collagen Toner 4.0 Essence Toner - Deep Moisturizing 140ml,107047,Medicube,2.00906E+11,Medicube Skin,360000,540000,9,4,FALSE,5,Vietnam,https://www.lazada.vn/products/pdp-i3206324664.html
3328454997,"Pdrn Pink & Caffeine Medicube Peel-Off Sleeping Mask - Brightens Skin, Firms & Reduces Puffiness",107047,Medicube,2.00906E+11,Medicube Skin,365000,,23,5,FALSE,5,Bắc Ninh,https://www.lazada.vn/products/pdp-i3328454997.html
3206354766,4Sheet/box Salmon DNA PDRN Pink Collagen Gel Mask for Face Skincare,107047,Medicube,2.00906E+11,Medicube Skin,370000,600000,30,7,FALSE,5,Bắc Ninh,https://www.lazada.vn/products/pdp-i3206354766.html
3151321509,"[Limited Edition] Passionfruit Body Yogurt, Smooth and Skin-Nourishing, Fast-Absorbing Passionfruit Scent 200ml the Body Shop",1432,The Body Shop,6231,The Body Shop,539018,549000,0,,TRUE,,Vietnam,https://www.lazada.vn/products/pdp-i3151321509.html
2061559284,Edelweiss Eye Serum Concentrate 10ml the Body Shop,1432,The Body Shop,6231,The Body Shop,1079018,1099000,32,5,TRUE,5,Vietnam,https://www.lazada.vn/products/pdp-i2061559284.html
2108589074,[Expiration Date 11/2026] Blue Musk Zest Edt 60ml the Body Shop,1432,The Body Shop,6231,The Body Shop,599500,1199000,54,13,TRUE,5,Vietnam,https://www.lazada.vn/products/pdp-i2108589074.html
320540326,Ginger Scalp Care Shampoo for Dry Scalp and Dandruff the Body Shop,1432,The Body Shop,6231,The Body Shop,509064,519000,2700,387,TRUE,4.96,Vietnam,https://www.lazada.vn/products/pdp-i320540326.html
3303829586,Green Tea and Lemon Mattifying Moisturizer for Men 100ml the Body Shop,1432,The Body Shop,6231,The Body Shop,568473,579000,0,,TRUE,,Vietnam,https://www.lazada.vn/products/pdp-i3303829586.html
2454901348,Combo of 2 Tea Tree Shampoo for Oily Hair Purifying & Balancing Shampoo 400ml the Body Shop,1432,The Body Shop,6231,The Body Shop,1019127,1038000,30,8,TRUE,4.88,Vietnam,https://www.lazada.vn/products/pdp-i2454901348.html
2927579438,Lip Care Stick 4.2g the Body Shop,1432,The Body Shop,6231,The Body Shop,342655,349000,27,5,TRUE,5,Vietnam,https://www.lazada.vn/products/pdp-i2927579438.html
2108098616,[Expiration Date August 2026] Sleep Balmy Body Cream 200ml the Body Shop,1432,The Body Shop,6231,The Body Shop,479600,1199000,19,4,TRUE,5,Vietnam,https://www.lazada.vn/products/pdp-i2108098616.html
3315230060,Dewberry Body Butter the Body Shop,1432,The Body Shop,6231,The Body Shop,244473,249000,0,0,TRUE,5,Vietnam,https://www.lazada.vn/products/pdp-i3315230060.html
2423592256,[Expiration Date 1/2026] Full Orange Blossom Edp Perfume 75ml the Body Shop,1432,The Body Shop,6231,The Body Shop,1079400,1799000,8,2,TRUE,5,Vietnam,https://www.lazada.vn/products/pdp-i2423592256.html
2413531626,Ginger Scalp Care Shampoo and Conditioner Combo 250ml The Body Shop,1432,The Body Shop,6231,The Body Shop,782991,798000,215,44,TRUE,5,Vietnam,https://www.lazada.vn/products/pdp-i2413531626.html
2557789131,[Expiration Date /2026] 2-in-1 Gel Facial Cleanser Roman Chamomile Camomile Jelly One-Step Cleanser 245ml the Body Shop,1432,The Body Shop,6231,The Body Shop,637200,649000,0,1,TRUE,5,Vietnam,https://www.lazada.vn/products/pdp-i2557789131.html
2622316505,Black Musk Night Bloom Body Mist 100ml the Body Shop,1432,The Body Shop,6231,The Body Shop,588109,599000,0,,TRUE,,Vietnam,https://www.lazada.vn/products/pdp-i2622316505.html
13354973449,Cool & Relaxing Body Spray with White Tea & Elderflower Fragrance Mist 100ml the Body Shop,1432,The Body Shop,6231,The Body Shop,519382,529000,0,1,TRUE,5,Vietnam,https://www.lazada.vn/products/pdp-i13354973449.html
13355714328,White Tea & Elderflower Hand Cream 30ml the Body Shop,1432,The Body Shop,6231,The Body Shop,224336,229000,0,2,TRUE,5,Vietnam,https://www.lazada.vn/products/pdp-i13355714328.html
3121929609,Blue Musk Fragrance Mist 100ml the Body Shop,1432,The Body Shop,6231,The Body Shop,588109,599000,0,,TRUE,,Vietnam,https://www.lazada.vn/products/pdp-i3121929609.html
2454879290,Combo 400ml ginger Scalp Care Shampoo & 400ml ginger scalp care conditioner conditioner. The Body Shop,1432,The Body Shop,6231,The Body Shop,1018627,1038000,129,22,TRUE,5,Vietnam,https://www.lazada.vn/products/pdp-i2454879290.html
3173929411,Tonka unisex warm sweet aroma Spray 100ml The Body Shop,1432,The Body Shop,6231,The Body Shop,588109,599000,0,,TRUE,,Vietnam,https://www.lazada.vn/products/pdp-i3173929411.html
13325347952,Dewberry Perfume Oil 14ml the Body Shop,1432,The Body Shop,6231,The Body Shop,882655,899000,0,,TRUE,,Vietnam,https://www.lazada.vn/products/pdp-i13325347952.html
2564207873,[Expiration Date 5/2026] Exfoliating Cleanser Seaweed 125ml the Body Shop,1432,The Body Shop,6231,The Body Shop,588109,599000,0,2,TRUE,5,Vietnam,https://www.lazada.vn/products/pdp-i2564207873.html
2217229891,Vibrant Bergamot Body Mist 100ml the Body Shop,1432,The Body Shop,6231,The Body Shop,587609,599000,32,4,TRUE,5,Vietnam,https://www.lazada.vn/products/pdp-i2217229891.html
13355470834,Ajwa Date & Honey Hand Balm 30ml the Body Shop,1432,The Body Shop,6231,The Body Shop,224336,229000,0,,TRUE,,Vietnam,https://www.lazada.vn/products/pdp-i13355470834.html
3221347483,"[Online Exclusive] You, Me & Bubble Tea Fragrance Body Mist 100ml the Body Shop",1432,The Body Shop,6231,The Body Shop,440836,449000,0,,TRUE,,Vietnam,https://www.lazada.vn/products/pdp-i3221347483.html
2139018199,[Expiration Date 6/2026 Vitamin C Glow Cleansing Polish Exfoliating Facial Cleanser 100ml the Body Shop,1432,The Body Shop,6231,The Body Shop,587609,599000,48,9,TRUE,5,Vietnam,https://www.lazada.vn/products/pdp-i2139018199.html
2147391284,British Rose Shower Gel 750ml the Body Shop,1432,The Body Shop,6231,The Body Shop,735382,749000,281,60,TRUE,4.9,Vietnam,https://www.lazada.vn/products/pdp-i2147391284.html
3221334621,[Online Exclusive] Cotton Candy Kiss Fragrance Body Mist 100ml the Body Shop,1432,The Body Shop,6231,The Body Shop,440836,449000,0,1,TRUE,5,Vietnam,https://www.lazada.vn/products/pdp-i3221334621.html
2095817101,Wild Jasmine Eau De Toilette the Body Shop,1432,The Body Shop,6231,The Body Shop,440836,449000,12,4,TRUE,4.75,Vietnam,https://www.lazada.vn/products/pdp-i2095817101.html
2095679886,[Size 50ml Hsd 1/2027] Bergamot Vibrant Bergamot Eau De Toilette the Body Shop,1432,The Body Shop,6231,The Body Shop,440836,449000,17,5,TRUE,5,Vietnam,https://www.lazada.vn/products/pdp-i2095679886.html
13355478939,The Body Shop Mini Perfume 9.5ml Convenient - Many Scents - Genuine,1432,The Body Shop,6231,The Body Shop,440836,449000,0,,TRUE,,Vietnam,https://www.lazada.vn/products/pdp-i13355478939.html
2464967114,Almond Milk Hand Balm 30ml the Body Shop,1432,The Body Shop,6231,The Body Shop,215018,219000,72,17,TRUE,5,Vietnam,https://www.lazada.vn/products/pdp-i2464967114.html
2464736951,Shea Butter Hand Balm the Body Shop,1432,The Body Shop,6231,The Body Shop,214518,219000,203,48,TRUE,5,Vietnam,https://www.lazada.vn/products/pdp-i2464736951.html
13325459616,Dewberry Fragrance Mist 100ml the Body Shop,1432,The Body Shop,6231,The Body Shop,480109,489000,0,,TRUE,,Vietnam,https://www.lazada.vn/products/pdp-i13325459616.html
13354895651,Sweet & Seductive Body Fragrance Spray Tobacco Flower Body Mist 100ml the Body Shop,1432,The Body Shop,6231,The Body Shop,587609,599000,0,1,TRUE,4,Vietnam,https://www.lazada.vn/products/pdp-i13354895651.html
3303875056,White Musk Perfume ®   The Body Shop Eau De Parfum 30ml,1432,The Body Shop,6231,The Body Shop,980336,999000,0,,TRUE,,Vietnam,https://www.lazada.vn/products/pdp-i3303875056.html
2411420283,White Musk L'Eau Eau De Toilette the Body Shop Perfume,1432,The Body Shop,6231,The Body Shop,839300,1199000,8,2,TRUE,5,Bình Dương,https://www.lazada.vn/products/pdp-i2411420283.html
13355570773,Warm & Luxurious Sweet Perfume Tobacco Flower Eau De Toilette 50ml the Body Shop,1432,The Body Shop,6231,The Body Shop,882655,899000,0,,TRUE,,Vietnam,https://www.lazada.vn/products/pdp-i13355570773.html
2622126754,Black Musk Body Mist 100ml the Body Shop,1432,The Body Shop,6231,The Body Shop,588109,599000,0,,TRUE,,Vietnam,https://www.lazada.vn/products/pdp-i2622126754.html
3315199269,Dewberry Hand Balm the Body Shop 30ml,1432,The Body Shop,6231,The Body Shop,215018,219000,0,,TRUE,,Vietnam,https://www.lazada.vn/products/pdp-i3315199269.html
966650128,Mango Hand Cream 30ml the Body Shop,1432,The Body Shop,6231,The Body Shop,215018,219000,61,9,TRUE,4.67,Bình Dương,https://www.lazada.vn/products/pdp-i966650128.html
3173951267,Unisex Tender Tonka Eau De Toilette 50ml the Body Shop,1432,The Body Shop,6231,The Body Shop,882655,899000,0,,TRUE,,Vietnam,https://www.lazada.vn/products/pdp-i3173951267.html
3221330568,[Online Exclusive] Butter Me up Fragrance Body Mist 100ml the Body Shop,1432,The Body Shop,6231,The Body Shop,440836,449000,0,,TRUE,,Vietnam,https://www.lazada.vn/products/pdp-i3221330568.html
101781138,Sữa tắm dạng gel THE BODY SHOP Mango Bath & Shower Gel 60ml,1432,The Body Shop,6231,The Body Shop,122227,125000,35,4,TRUE,5,Vietnam,https://www.lazada.vn/products/pdp-i101781138.html
1229281,[Expiration Date 2/2027] British Rose Petal-Soft Hand Cream the Body Shop,1432,The Body Shop,6231,The Body Shop,214518,219000,417,73,TRUE,4.95,Vietnam,https://www.lazada.vn/products/pdp-i1229281.html
13355574730,[Limited Edition] Velvet Fig & Pistachio Hand Balm 30ml the Body Shop,1432,The Body Shop,6231,The Body Shop,224836,229000,0,,TRUE,,Vietnam,https://www.lazada.vn/products/pdp-i13355574730.html
13355570766,Life Is Body Mist 100ml the Body Shop,1432,The Body Shop,6231,The Body Shop,588109,599000,0,,TRUE,,Vietnam,https://www.lazada.vn/products/pdp-i13355570766.html
2423624242,[Expiration Date 1/2027] the Body Shop Iris Edp Full Iris Perfume 75ml,1432,The Body Shop,6231,The Body Shop,1259300,1799000,9,2,TRUE,5,Vietnam,https://www.lazada.vn/products/pdp-i2423624242.html
2411318767,Black Musk Night Bloom Eau De Toilette 60ml the Body Shop,1432,The Body Shop,6231,The Body Shop,1373564,1399000,0,,TRUE,,Vietnam,https://www.lazada.vn/products/pdp-i2411318767.html
2454676952,Combo of 2 Ginger Scalp Care Shampoo 400ml the Body Shop,1432,The Body Shop,6231,The Body Shop,1018627,1038000,153,28,TRUE,5,Vietnam,https://www.lazada.vn/products/pdp-i2454676952.html
2108479619,[Size 60ml Hsd 2/2027] Blue Musk Eau De Toilette the Body Shop,1432,The Body Shop,6231,The Body Shop,440836,449000,13,3,TRUE,5,Vietnam,https://www.lazada.vn/products/pdp-i2108479619.html
261190667,Mango Juicy and Refreshing Shower Gel 250ml the Body Shop,1432,The Body Shop,6231,The Body Shop,263609,269000,230,40,TRUE,4.95,Vietnam,https://www.lazada.vn/products/pdp-i261190667.html
13354787870,[Limited Edition] Sweet & Gentle Shower Gel Ajwa Date & Honey Fragrance Shower Gel 250ml the Body Shop,1432,The Body Shop,6231,The Body Shop,293064,299000,0,1,TRUE,5,Vietnam,https://www.lazada.vn/products/pdp-i13354787870.html
2462303,Vitamin E Gentle Face Wash 125ml the Body Shop,1432,The Body Shop,6231,The Body Shop,391245,399000,353,62,TRUE,4.87,Vietnam,https://www.lazada.vn/products/pdp-i2462303.html
772035,Moringa Shower Gel 250ml the Body Shop,1432,The Body Shop,6231,The Body Shop,122227,125000,2700,329,TRUE,4.94,Vietnam,https://www.lazada.vn/products/pdp-i772035.html
2027375304,Strawberry Shower Gel 750ml the Body Shop,1432,The Body Shop,6231,The Body Shop,735382,749000,70,9,TRUE,4.56,Vietnam,https://www.lazada.vn/products/pdp-i2027375304.html
3315205319,Dewberry Bath & Shower Gel the Body Shop,1432,The Body Shop,6231,The Body Shop,122727,125000,10,2,TRUE,5,Vietnam,https://www.lazada.vn/products/pdp-i3315205319.html
1229310,Strawberry Shower Gel the Body Shop,1432,The Body Shop,6231,The Body Shop,122727,125000,439,59,TRUE,4.92,Vietnam,https://www.lazada.vn/products/pdp-i1229310.html
2464738896,[Xmas Limited Edition] Sugar Pumpkin Hand Balm 30ml the Body Shop,1432,The Body Shop,6231,The Body Shop,215018,219000,18,1,TRUE,5,Vietnam,https://www.lazada.vn/products/pdp-i2464738896.html
13354787874,[Limited Edition] Soft & Sweet Moisturizing Body Butter with Warm Fragrance Velvet Fig & Pistachio Whipped Body Butter 200ml the Body Shop,1432,The Body Shop,6231,The Body Shop,685791,699000,0,,TRUE,,Vietnam,https://www.lazada.vn/products/pdp-i13354787874.html
13355025021,White Tea & Elderflower Fragrant Shower Gel Fresh & Relaxing Bath & Shower Gel 250ml the Body Shop,1432,The Body Shop,6231,The Body Shop,293064,299000,0,1,TRUE,5,Vietnam,https://www.lazada.vn/products/pdp-i13355025021.html
13354957492,[Limited Edition] Sweet & Seductive Shower Gel with Velvet Fig & Pistachio Fragrance 250ml the Body Shop,1432,The Body Shop,6231,The Body Shop,293564,299000,0,,TRUE,,Vietnam,https://www.lazada.vn/products/pdp-i13354957492.html
236989726,Pink Grapefruit Shower Gel 250ml the Body Shop,1432,The Body Shop,6231,The Body Shop,263609,269000,564,80,TRUE,4.94,Vietnam,https://www.lazada.vn/products/pdp-i236989726.html
2641157798,[Expiration Date 12/2026] Peppermint Invigorating Body Gel 200ml the Body Shop,1432,The Body Shop,6231,The Body Shop,398300,569000,13,1,TRUE,5,Vietnam,https://www.lazada.vn/products/pdp-i2641157798.html
764749,Tea Tree Skin Clearing Facial Wash the Body Shop,1432,The Body Shop,6231,The Body Shop,194882,199000,4900,587,TRUE,4.9,Vietnam,https://www.lazada.vn/products/pdp-i764749.html
2411343760,Black Musk Eau De Toilette 60ml the Body Shop,1432,The Body Shop,6231,The Body Shop,1373564,1399000,5,1,TRUE,3,Vietnam,https://www.lazada.vn/products/pdp-i2411343760.html
1449220980,Tea Tree Purifying and Balancing Shampoo the Body Shop,1432,The Body Shop,6231,The Body Shop,391245,399000,611,146,TRUE,4.95,Vietnam,https://www.lazada.vn/products/pdp-i1449220980.html
236980582,The Body Shop Shea Shower Gel 60ml,1432,The Body Shop,6231,The Body Shop,122727,125000,154,20,TRUE,4.95,Vietnam,https://www.lazada.vn/products/pdp-i236980582.html
3173857736,Luxurious Gentle Body Cream Spa of the World Hawaiian Kukui Cream 300ml the Body Shop,1432,The Body Shop,6231,The Body Shop,1422655,1449000,0,,TRUE,,Vietnam,https://www.lazada.vn/products/pdp-i3173857736.html
2427323578,The Body Shop Moringa Moringa Fragrance Bath-Shampoo-Conditioner Combo 250ml,1432,The Body Shop,6231,The Body Shop,902291,919000,13,2,TRUE,5,Vietnam,https://www.lazada.vn/products/pdp-i2427323578.html
2509567243,Combo of Body Yogurt 200ml and Shower Gel 250ml Moringa the Body Shop,1432,The Body Shop,6231,The Body Shop,783491,798000,10,1,TRUE,5,Vietnam,https://www.lazada.vn/products/pdp-i2509567243.html
2030342186,Satsuma Shower Gel 750ml the Body Shop,1432,The Body Shop,6231,The Body Shop,734882,749000,57,10,TRUE,5,Vietnam,https://www.lazada.vn/products/pdp-i2030342186.html
777073,[Expiration Date 8/2027] Shea Shower Cream 250ml the Body Shop,1432,The Body Shop,6231,The Body Shop,263609,269000,792,101,TRUE,4.93,Vietnam,https://www.lazada.vn/products/pdp-i777073.html
209616198,Moringa Body Yogurt 200ml the Body Shop,1432,The Body Shop,6231,The Body Shop,519382,529000,1300,170,TRUE,4.91,Vietnam,https://www.lazada.vn/products/pdp-i209616198.html
3221341496,[Online Exclusive] You'Re My Jam Fragrance Body Mist Sweet on You 100ml the Body Shop,1432,The Body Shop,6231,The Body Shop,440836,449000,0,,TRUE,,Vietnam,https://www.lazada.vn/products/pdp-i3221341496.html
1038074693,Shea Body Lotion 200ml the Body Shop,1432,The Body Shop,6231,The Body Shop,558655,569000,214,36,TRUE,4.89,Vietnam,https://www.lazada.vn/products/pdp-i1038074693.html
2641353112,Peppermint Invigorating Shower Gel 250ml the Body Shop,1432,The Body Shop,6231,The Body Shop,263609,269000,183,41,TRUE,5,Vietnam,https://www.lazada.vn/products/pdp-i2641353112.html
779146987,Mango Juicy and Refreshing Shower Gel 750ml the Body Shop,1432,The Body Shop,6231,The Body Shop,735382,749000,28,,TRUE,,Vietnam,https://www.lazada.vn/products/pdp-i779146987.html
208609886,British Rose Body Yogurt 200ml the Body Shop,1432,The Body Shop,6231,The Body Shop,518882,529000,696,95,TRUE,4.98,Vietnam,https://www.lazada.vn/products/pdp-i208609886.html
1229325,British Rose Shower Gel the Body Shop,1432,The Body Shop,6231,The Body Shop,122227,125000,1500,185,TRUE,4.91,Vietnam,https://www.lazada.vn/products/pdp-i1229325.html
3303838581,Kistna Hair & Body Wash 200ml the Bod Shop,1432,The Body Shop,6231,The Body Shop,489927,499000,0,1,TRUE,5,Vietnam,https://www.lazada.vn/products/pdp-i3303838581.html
3303842570,[Expiration Date 12/2027] Vitamin C Glow Boosting Intense Moisturer 50ml the Body Shop,1432,The Body Shop,6231,The Body Shop,882155,899000,0,,TRUE,,Vietnam,https://www.lazada.vn/products/pdp-i3303842570.html
775352,Tea Tree Skin Clearing Toner for Acne-Prone Skin the Body Shop,1432,The Body Shop,6231,The Body Shop,195382,199000,3300,465,TRUE,4.83,Vietnam,https://www.lazada.vn/products/pdp-i775352.html
2030271577,[Expiration Date 4/2028] Shower Gel Pink Grapefruit 750ml the Body Shop,1432,The Body Shop,6231,The Body Shop,735382,749000,134,25,TRUE,5,Vietnam,https://www.lazada.vn/products/pdp-i2030271577.html
261200341,Shea Butter Richly Replenishing Shampoo the Body Shop,1432,The Body Shop,6231,The Body Shop,509064,519000,334,53,TRUE,4.98,Vietnam,https://www.lazada.vn/products/pdp-i261200341.html
400096,Tea Tree Body Wash to Reduce Back Acne 250ml the Body Shop,1432,The Body Shop,6231,The Body Shop,342155,349000,1200,108,TRUE,4.89,Vietnam,https://www.lazada.vn/products/pdp-i400096.html
2464917277,[Online Exclusive] Sugar Pumpkin Bath & Shower Cream 250ml the Body Shop,1432,The Body Shop,6231,The Body Shop,293564,299000,36,10,TRUE,5,Vietnam,https://www.lazada.vn/products/pdp-i2464917277.html
3173828792,Peony Body Wash Spa of the World Bulgarian Peony Body Wash 250ml the Body Shop,1432,The Body Shop,6231,The Body Shop,548336,559000,7,2,TRUE,5,Vietnam,https://www.lazada.vn/products/pdp-i3173828792.html
1464513768,Almond Milk Body Butter the Body Shop,1432,The Body Shop,6231,The Body Shop,243973,249000,108,21,TRUE,4.95,Vietnam,https://www.lazada.vn/products/pdp-i1464513768.html
2424787573,[Expiration Date 11/2027] Edelweiss Daily Serum Concentrate 50ml the Body Shop,1432,The Body Shop,6231,The Body Shop,1864473,1899000,36,2,TRUE,5,Vietnam,https://www.lazada.vn/products/pdp-i2424787573.html
3173847859,Tonka body cream 200ml The Body Shop deep scent body cream,1432,The Body Shop,6231,The Body Shop,734882,749000,0,,TRUE,,Vietnam,https://www.lazada.vn/products/pdp-i3173847859.html
101201289,Shower Cream Almond Milk the Body Shop,1432,The Body Shop,6231,The Body Shop,263609,269000,443,60,TRUE,4.84,Bình Dương,https://www.lazada.vn/products/pdp-i101201289.html
2625182,Vitamin E Moisture Day Cream 50ml the Body Shop,1432,The Body Shop,6231,The Body Shop,539018,549000,405,47,TRUE,4.77,Vietnam,https://www.lazada.vn/products/pdp-i2625182.html
2625438,Seaweed Oil-Control Seaweed Oil-Control Gel Cream 50ml the Body Shop,1432,The Body Shop,6231,The Body Shop,617564,629000,705,105,TRUE,4.69,Vietnam,https://www.lazada.vn/products/pdp-i2625438.html
3315146559,Dewberry Body Yogurt the Body Shop 200ml,1432,The Body Shop,6231,The Body Shop,519382,529000,0,,TRUE,,Vietnam,https://www.lazada.vn/products/pdp-i3315146559.html
776550,Shea Body Butter the Body Shop Shea Butter Scented Body Butter,1432,The Body Shop,6231,The Body Shop,244473,249000,230,40,TRUE,4.92,Vietnam,https://www.lazada.vn/products/pdp-i776550.html
208618030,Almond Milk Body Yogurt 200ml the Body Shop,1432,The Body Shop,6231,The Body Shop,519382,529000,201,35,TRUE,5,Vietnam,https://www.lazada.vn/products/pdp-i208618030.html
2625016109,Glowing Cherry Blossom Shower Gel 250ml the Body Shop,1432,The Body Shop,6231,The Body Shop,440836,449000,0,1,TRUE,5,Vietnam,https://www.lazada.vn/products/pdp-i2625016109.html
400113,Seaweed Oil-Balancing Toner 250ml the Body Shop,1432,The Body Shop,6231,The Body Shop,440836,449000,720,88,TRUE,4.83,Vietnam,https://www.lazada.vn/products/pdp-i400113.html
400127,[Size 10ml 11/2026] Tea Tree Oil for Acne Skin Tea Tree Oil the Body Shop,1432,The Body Shop,6231,The Body Shop,351973,359000,7800,921,TRUE,4.8,Vietnam,https://www.lazada.vn/products/pdp-i400127.html
3211693520,[Online Exclusive] Sugar Pumpkin Body Butter 200ml the Body Shop,1432,The Body Shop,6231,The Body Shop,686291,699000,5,1,TRUE,5,Vietnam,https://www.lazada.vn/products/pdp-i3211693520.html
400122,Vitamin E Nourishing Night Cream 50ml the Body Shop,1432,The Body Shop,6231,The Body Shop,686291,699000,316,51,TRUE,4.82,Vietnam,https://www.lazada.vn/products/pdp-i400122.html
2504601,[Expiration Date 10/2026] Tea Tree Anti-Imperfection Daily Solution 50ml the Body Shop,1432,The Body Shop,6231,The Body Shop,784473,799000,773,119,TRUE,4.87,Vietnam,https://www.lazada.vn/products/pdp-i2504601.html
2614964788,Moringa Body Lotion-To-Milk 200ml The Body Shop,1432,The Body Shop,6231,The Body Shop,558655,569000,27,7,TRUE,5,Vietnam,https://www.lazada.vn/products/pdp-i2614964788.html
2565016705,[Expiration Date 6/2026] Tea Tree Skin Clearing Hydrator 40ml the Body Shop,1432,The Body Shop,6231,The Body Shop,489927,499000,23,8,TRUE,5,Vietnam,https://www.lazada.vn/products/pdp-i2565016705.html
2095778108,[Expiration Date 1/2028] Wild Jasmine Shower Gel 250ml the Body Shop,1432,The Body Shop,6231,The Body Shop,440836,449000,30,4,TRUE,5,Vietnam,https://www.lazada.vn/products/pdp-i2095778108.html
208608500,Gentle Moisturizing Gel Vitamin E Moisture Gel Cream 50ml the Body Shop,1432,The Body Shop,6231,The Body Shop,539018,549000,431,55,TRUE,4.73,Vietnam,https://www.lazada.vn/products/pdp-i208608500.html
2464936055,Oils of Life Intensely Revitalising Sleeping Cream 80ml the Body Shop,1432,The Body Shop,6231,The Body Shop,1226291,1249000,14,4,TRUE,5,Vietnam,https://www.lazada.vn/products/pdp-i2464936055.html
2095670934,[Expiration Date 2/2028] Bergamot Vibrant Bergamot Shower Gel 250ml the Body Shop,1432,The Body Shop,6231,The Body Shop,440836,449000,23,3,TRUE,5,Vietnam,https://www.lazada.vn/products/pdp-i2095670934.html
1464494933,Aloe Calming Toner 250ml the Body Shop,1432,The Body Shop,6231,The Body Shop,440836,449000,95,15,TRUE,5,Vietnam,https://www.lazada.vn/products/pdp-i1464494933.html
2464970070,Pink Grapefruit Hand Cream 30ml the Body Shop,1432,The Body Shop,6231,The Body Shop,215018,219000,47,9,TRUE,5,Vietnam,https://www.lazada.vn/products/pdp-i2464970070.html
1962180857,Elegant Camellia Body Cream Japan Camellia Spa Cream 300ml the Body Shop,1432,The Body Shop,6231,The Body Shop,1422155,1449000,102,10,TRUE,5,Vietnam,https://www.lazada.vn/products/pdp-i1962180857.html
101202065,Almond Milk Soothing & Restoring Body Lotion 200ml the Body Shop,1432,The Body Shop,6231,The Body Shop,558655,569000,215,29,TRUE,5,Vietnam,https://www.lazada.vn/products/pdp-i101202065.html
2411379558,White Musk Eau De Toilette the Body Shop,1432,The Body Shop,6231,The Body Shop,440836,449000,11,1,TRUE,5,Vietnam,https://www.lazada.vn/products/pdp-i2411379558.html
1449445222,Moringa Flower Shampoo for Dyed Hair Shine and Protection Shampoo 250ml the Body Shop,1432,The Body Shop,6231,The Body Shop,318591,325000,380,57,TRUE,4.93,Vietnam,https://www.lazada.vn/products/pdp-i1449445222.html
2509505396,Combo of Body Yogurt 200ml and Shower Gel 250ml British Rose the Body Shop,1432,The Body Shop,6231,The Body Shop,783491,798000,26,6,TRUE,5,Vietnam,https://www.lazada.vn/products/pdp-i2509505396.html
1061512473,Arber Hair & Body Wash 200ml the Body Shop,1432,The Body Shop,6231,The Body Shop,489927,499000,18,5,TRUE,5,Vietnam,https://www.lazada.vn/products/pdp-i1061512473.html
1229312,Satsuma Shower Gel 250ml the Body Shop,1432,The Body Shop,6231,The Body Shop,263609,269000,505,57,TRUE,4.98,Vietnam,https://www.lazada.vn/products/pdp-i1229312.html
2635198346,Oils of Life Skin Care Essential Oils ™   Intensely Revitalizing Facial Oil 30ml the Body Shop,1432,The Body Shop,6231,The Body Shop,1274882,1299000,0,,TRUE,,Vietnam,https://www.lazada.vn/products/pdp-i2635198346.html
2564825753,[Expiration Date 4/2026] Vitamin E Bi-Phase Serum Moisturizing Essence 30ml the Body Shop,1432,The Body Shop,6231,The Body Shop,833564,849000,10,3,TRUE,5,Vietnam,https://www.lazada.vn/products/pdp-i2564825753.html
2557757216,Edelweiss Prep Essence Moisturizing Toner 150ml the Body Shop,1432,The Body Shop,6231,The Body Shop,1177200,1199000,0,1,TRUE,5,Vietnam,https://www.lazada.vn/products/pdp-i2557757216.html
137032150,Moringa Flower Fragrance Shower Gel Moringa 750ml the Body Shop,1432,The Body Shop,6231,The Body Shop,734882,749000,1600,228,TRUE,4.97,Vietnam,https://www.lazada.vn/products/pdp-i137032150.html
2061550892,Edelweiss Daily Serum Concentrate 30ml the Body Shop,1432,The Body Shop,6231,The Body Shop,1373564,1399000,23,5,TRUE,4.8,Vietnam,https://www.lazada.vn/products/pdp-i2061550892.html
2031605839,Spa of the World Tahitian Tiaré Body Wash 250ml the Body Shop,1432,The Body Shop,6231,The Body Shop,548836,559000,171,10,TRUE,4.1,Vietnam,https://www.lazada.vn/products/pdp-i2031605839.html
210505277,Body Mist Moringa Fragrance Spray 100ml the Body Shop,1432,The Body Shop,6231,The Body Shop,479609,489000,1000,145,TRUE,4.91,Vietnam,https://www.lazada.vn/products/pdp-i210505277.html
3151322483,[Limited Edition] Passionfruit Shower Gel the Body Shop 250ml,1432,The Body Shop,6231,The Body Shop,293064,299000,13,2,TRUE,5,Vietnam,https://www.lazada.vn/products/pdp-i3151322483.html
137026906,[Expiration Date 11/2026] Olive Shower Gel 750ml the Body Shop,1432,The Body Shop,6231,The Body Shop,735382,749000,737,97,TRUE,4.92,Vietnam,https://www.lazada.vn/products/pdp-i137026906.html
200300265,Moringa Body Butter 200ml the Body Shop,1432,The Body Shop,6231,The Body Shop,244473,249000,121,16,TRUE,4.94,Vietnam,https://www.lazada.vn/products/pdp-i200300265.html
442186093,The Body Shop Natural Fragrance Bath Soap 100g,1432,The Body Shop,6231,The Body Shop,194882,199000,72,18,TRUE,5,Bình Dương,https://www.lazada.vn/products/pdp-i442186093.html
191081040,Satsuma Shower Gel 60ml the Body Shop,1432,The Body Shop,6231,The Body Shop,122727,125000,94,13,TRUE,5,Vietnam,https://www.lazada.vn/products/pdp-i191081040.html
2030297410,Aloe Soothing Night Cream Aloe 50ml the Body Shop,1432,The Body Shop,6231,The Body Shop,686291,699000,25,4,TRUE,4,Vietnam,https://www.lazada.vn/products/pdp-i2030297410.html
2061428647,Edelweiss Smoothing Day Cream 50ml the Body Shop,1432,The Body Shop,6231,The Body Shop,1079018,1099000,44,5,TRUE,4.8,Vietnam,https://www.lazada.vn/products/pdp-i2061428647.html
2564812630,Tea Tree Rapid Acne Treatment Gel 15ml the Body Shop,1432,The Body Shop,6231,The Body Shop,293064,299000,103,31,TRUE,4.94,Vietnam,https://www.lazada.vn/products/pdp-i2564812630.html
1229311,[Expiration Date 10/2027] Olive Green and Refreshing Shower Gel 250ml the Body Shop,1432,The Body Shop,6231,The Body Shop,263609,269000,963,82,TRUE,4.91,Vietnam,https://www.lazada.vn/products/pdp-i1229311.html
264588623,Shea Butter Richly Replenishing Conditioner for Damaged Hair 250ml the Body Shop,1432,The Body Shop,6231,The Body Shop,391745,399000,209,25,TRUE,4.92,Vietnam,https://www.lazada.vn/products/pdp-i264588623.html
2625018019,Glowing Cherry Blossom Eau De Toilette the Body Shop,1432,The Body Shop,6231,The Body Shop,440836,449000,0,2,TRUE,5,Vietnam,https://www.lazada.vn/products/pdp-i2625018019.html
2625171135,White Musk Body Mist 100ml the Body Shop,1432,The Body Shop,6231,The Body Shop,588109,599000,5,2,TRUE,5,Vietnam,https://www.lazada.vn/products/pdp-i2625171135.html
776231,Olive Body Butter 200ml the Body Shop,1432,The Body Shop,6231,The Body Shop,676473,689000,156,15,TRUE,5,Vietnam,https://www.lazada.vn/products/pdp-i776231.html
210238271,Moringa Hand Cream the Body Shop,1432,The Body Shop,6231,The Body Shop,214518,219000,929,127,TRUE,4.95,Vietnam,https://www.lazada.vn/products/pdp-i210238271.html
2625376233,[Expiration Date 11/2026] Multi-Use Aloe Soothing Gel Multi-Use Soothing Face & Body Gel Aloe 200ml the Body Shop,1432,The Body Shop,6231,The Body Shop,299500,599000,6,1,TRUE,5,Vietnam,https://www.lazada.vn/products/pdp-i2625376233.html
2462333,[Expiration Date 12/2027] Vitamin E Moisturizing Toner 250ml the Body Shop,1432,The Body Shop,6231,The Body Shop,440836,449000,1200,158,TRUE,4.83,Vietnam,https://www.lazada.vn/products/pdp-i2462333.html
2097464475,British Rose Instant Glow Body Butter 200ml the Body Shop,1432,The Body Shop,6231,The Body Shop,676473,689000,106,25,TRUE,5,Vietnam,https://www.lazada.vn/products/pdp-i2097464475.html
2203292568,Edelweiss Liquid Peel 100ml the Body Shop,1432,The Body Shop,6231,The Body Shop,833564,849000,134,37,TRUE,4.7,Vietnam,https://www.lazada.vn/products/pdp-i2203292568.html
2061655465,[Expiration Date 8/2026] Edelweiss Intense Smoothing Cream 50ml the Body Shop,1432,The Body Shop,6231,The Body Shop,1079018,1099000,44,10,TRUE,4.8,Vietnam,https://www.lazada.vn/products/pdp-i2061655465.html
274300062,[Expiration Date 12/2027] Shea Butter Intense Repair Hair Mask 240ml the Body Shop,1432,The Body Shop,6231,The Body Shop,685791,699000,147,10,TRUE,4.8,Vietnam,https://www.lazada.vn/products/pdp-i274300062.html
2625371266,Oils of Life Intensely Revitalizing Cream 50ml The Body Shop,1432,The Body Shop,6231,The Body Shop,1177200,1199000,8,5,TRUE,5,Vietnam,https://www.lazada.vn/products/pdp-i2625371266.html
952966027,Ginger Scalp Serum 50ml the Body Shop,1432,The Body Shop,6231,The Body Shop,755018,769000,144,30,TRUE,5,Vietnam,https://www.lazada.vn/products/pdp-i952966027.html
2455122423,Ginger Hair & Scalp Scrub 240ml The Body Shop,1432,The Body Shop,6231,The Body Shop,784473,799000,146,21,TRUE,5,Vietnam,https://www.lazada.vn/products/pdp-i2455122423.html
1062086018,British Rose Eau De Toilette 100ml the Body Shop,1432,The Body Shop,6231,The Body Shop,941564,959000,174,30,TRUE,4.97,Vietnam,https://www.lazada.vn/products/pdp-i1062086018.html
217458850,Ginger Scented Conditioner for Dry Hair and Dandruff Ginger Scalp Care Conditioner the Body Shop,1432,The Body Shop,6231,The Body Shop,391745,399000,507,77,TRUE,4.97,Vietnam,https://www.lazada.vn/products/pdp-i217458850.html
2058760530,The Body Shop Olive Body Lotion 200ml,1432,The Body Shop,6231,The Body Shop,558155,569000,45,3,TRUE,5,Vietnam,https://www.lazada.vn/products/pdp-i2058760530.html
2625398,Seaweed Oil-Control Face Wash 125ml the Body Shop,1432,The Body Shop,6231,The Body Shop,391245,399000,506,69,TRUE,4.93,Vietnam,https://www.lazada.vn/products/pdp-i2625398.html
1464614220,British Rose Lotion-To-Milk 200ml the Body Shop,1432,The Body Shop,6231,The Body Shop,558655,569000,186,21,TRUE,5,Vietnam,https://www.lazada.vn/products/pdp-i1464614220.html
1061476572,White Musk Leau Fragrance Mist 100ml the Body Shop,1432,The Body Shop,6231,The Body Shop,588109,599000,82,13,TRUE,4.92,Vietnam,https://www.lazada.vn/products/pdp-i1061476572.html
2504659,[Expiration Date 9/2026] Oils of Life Intensely Revitalizing Eye Gel Cream 20ml the Body Shop,1432,The Body Shop,6231,The Body Shop,980336,999000,194,36,TRUE,4.97,Vietnam,https://www.lazada.vn/products/pdp-i2504659.html
2456075266,Combo 240ml ginger head scrub & 400ml shampoo & 400ml ginger conditioner ginger scalp care The Body Shop,1432,The Body Shop,6231,The Body Shop,1803600,1837000,6,,TRUE,,Vietnam,https://www.lazada.vn/products/pdp-i2456075266.html
13355618672,Bright & Energetic Perfume Life Is Eau De Toilette 50ml the Body Shop,1432,The Body Shop,6231,The Body Shop,882655,899000,0,,TRUE,,Vietnam,https://www.lazada.vn/products/pdp-i13355618672.html
1962255384,[Expiration Date 2/2026] Aloe Soothing Day Cream 50ml the Body Shop,1432,The Body Shop,6231,The Body Shop,637200,649000,28,3,TRUE,5,Vietnam,https://www.lazada.vn/products/pdp-i1962255384.html
2557790180,[Expiration Date 10/2028] Vitamin C Glow Revealing Tonic 150ml the Body Shop,1432,The Body Shop,6231,The Body Shop,784473,799000,0,1,TRUE,5,Vietnam,https://www.lazada.vn/products/pdp-i2557790180.html
2485154041,Shea Shampoo & Conditioner Combo for Damaged Hair Shea Shampoo & Conditioner 250ml the Body Shop,1432,The Body Shop,6231,The Body Shop,782991,798000,33,4,TRUE,5,Vietnam,https://www.lazada.vn/products/pdp-i2485154041.html
2411389529,White Musk Flora Eau De Toilette 60ml the Body Shop,1432,The Body Shop,6231,The Body Shop,1177200,1199000,5,1,TRUE,5,Vietnam,https://www.lazada.vn/products/pdp-i2411389529.html
1229292,Vitamin C Glow Boosting Moisturizer 50ml the Body Shop,1432,The Body Shop,6231,The Body Shop,784473,799000,235,42,TRUE,5,Vietnam,https://www.lazada.vn/products/pdp-i1229292.html
13354971397,White Tea & Elderflower Body Yogurt 200ml the Body Shop,1432,The Body Shop,6231,The Body Shop,539018,549000,0,,TRUE,,Vietnam,https://www.lazada.vn/products/pdp-i13354971397.html
3173832928,Spa of the World Polynesian Monoi Radiance Oil 200ml the Body Shop,1432,The Body Shop,6231,The Body Shop,853200,869000,9,3,TRUE,5,Vietnam,https://www.lazada.vn/products/pdp-i3173832928.html
1229327,Grape Seed Oil Hair Serum Grapeseed Glossing Serum 60ml the Body Shop,1432,The Body Shop,6231,The Body Shop,410882,419000,119,25,TRUE,4.96,Vietnam,https://www.lazada.vn/products/pdp-i1229327.html
1449469503,Moringa Shine & Protection Conditioner for Dyed Hair 250ml the Body Shop,1432,The Body Shop,6231,The Body Shop,318591,325000,440,67,TRUE,5,Vietnam,https://www.lazada.vn/products/pdp-i1449469503.html
100348986,[Expiration Date August 2026] Vitamin C Glow-Revealing Liquid Peel 100ml the Body Shop,1432,The Body Shop,6231,The Body Shop,784473,799000,218,34,TRUE,4.94,Vietnam,https://www.lazada.vn/products/pdp-i100348986.html
2623130766,Musk zest blue Musk zest anti-sepirant deodorant 50ml The Body Shop,1432,The Body Shop,6231,The Body Shop,342155,349000,22,4,TRUE,5,Vietnam,https://www.lazada.vn/products/pdp-i2623130766.html
2625364207,Kistna Eau De Toilette 100ml the Body Shop,1432,The Body Shop,6231,The Body Shop,1079018,1099000,0,1,TRUE,5,Vietnam,https://www.lazada.vn/products/pdp-i2625364207.html
2108354093,Sleep Rejuvenating Body Scrub-In-Oil 275g the Body Shop,1432,The Body Shop,6231,The Body Shop,1275382,1299000,8,,TRUE,,Vietnam,https://www.lazada.vn/products/pdp-i2108354093.html
2485003862,Combo Ginger & moringa flower conditioner for dry hair ginger shampoo & moringa conditioner 250ml The Body Shop,1432,The Body Shop,6231,The Body Shop,710336,724000,27,6,TRUE,5,Vietnam,https://www.lazada.vn/products/pdp-i2485003862.html
3239462751,[Online Exclusive] Sugar Pumpkin Body Scrub 200ml the Body Shop,1432,The Body Shop,6231,The Body Shop,813427,829000,0,2,TRUE,5,Vietnam,https://www.lazada.vn/products/pdp-i3239462751.html
3303841418,Strawberry Body Polish Exfoliating Shower Gel 200ml the Body Shop,1432,The Body Shop,6231,The Body Shop,480109,489000,0,,TRUE,,Vietnam,https://www.lazada.vn/products/pdp-i3303841418.html
3307903501,French Grape Seed Scrub Spa of the World Body Exfoliation ™   300ml the Body Shop,1432,The Body Shop,6231,The Body Shop,1422655,1449000,0,,TRUE,,Vietnam,https://www.lazada.vn/products/pdp-i3307903501.html
2564249552,Edelweiss paper serum concentrate sheet mask 21ml,1432,The Body Shop,6231,The Body Shop,293564,299000,0,,TRUE,,Vietnam,https://www.lazada.vn/products/pdp-i2564249552.html
3173881436,Cupuacu World Spa of the world cupuacu Oil Scrub 400g The Body Shop moisturizing exfoliator,1432,The Body Shop,6231,The Body Shop,1422655,1449000,0,,TRUE,,Vietnam,https://www.lazada.vn/products/pdp-i3173881436.html
2565083016,[Expiration Date 8/2026] Vitamin C Sheet Mask 18ml the Body Shop,1432,The Body Shop,6231,The Body Shop,175745,179000,6,,TRUE,,Vietnam,https://www.lazada.vn/products/pdp-i2565083016.html
2642081336,[Quà Tặng] Lược từ nhựa tái chế Recycled Plastic Comb The Body Shop,1432,The Body Shop,6231,The Body Shop,126155,129000,68,15,TRUE,5,Vietnam,https://www.lazada.vn/products/pdp-i2642081336.html
770614,Tea Tree Squeaky-Clean Scrub 125ml the Body Shop,1432,The Body Shop,6231,The Body Shop,489427,499000,802,109,TRUE,4.9,Vietnam,https://www.lazada.vn/products/pdp-i770614.html
210516167,Camomile Sumptuous Cleansing Butter the Body Shop,1432,The Body Shop,6231,The Body Shop,558155,569000,313,37,TRUE,5,Vietnam,https://www.lazada.vn/products/pdp-i210516167.html
2108313440,[Expiration Date 8/2026] Breath Whisked Body Polish 200ml the Body Shop,1432,The Body Shop,6231,The Body Shop,519600,1299000,11,,TRUE,,Vietnam,https://www.lazada.vn/products/pdp-i2108313440.html
1229339,Vitamin C Glow Revealing Microdermabrasion Cream Exfoliator 100ml the Body Shop,1432,The Body Shop,6231,The Body Shop,764836,779000,60,6,TRUE,4.67,Vietnam,https://www.lazada.vn/products/pdp-i1229339.html
3121962410,[Size 50ml - Expiry Date 9/2026] Shea Butter Body Scrub the Body Shop,1432,The Body Shop,6231,The Body Shop,244473,249000,17,4,TRUE,5,Vietnam,https://www.lazada.vn/products/pdp-i3121962410.html
13354995288,Long-Lasting Soft and Smooth Body Butter with Floral Fragrance White Tea & Elderflower Body Butter 200ml the Body Shop,1432,The Body Shop,6231,The Body Shop,686291,699000,0,,TRUE,,Vietnam,https://www.lazada.vn/products/pdp-i13354995288.html
101201153,Almond Milk Gently Exfoliating Cream Scrub 250ml the Body Shop,1432,The Body Shop,6231,The Body Shop,833564,849000,87,11,TRUE,5,Vietnam,https://www.lazada.vn/products/pdp-i101201153.html
3151349630,[Limited Edition] Passionfruit Body Scrub 250ml the Body Shop,1432,The Body Shop,6231,The Body Shop,853200,869000,0,2,TRUE,5,Vietnam,https://www.lazada.vn/products/pdp-i3151349630.html
3122005283,British Rose Exfoliating Gel Body Scrub the Body Shop,1432,The Body Shop,6231,The Body Shop,244473,249000,15,4,TRUE,5,Vietnam,https://www.lazada.vn/products/pdp-i3122005283.html
456824691,[Expiration Date 7/2027] Himalayan Charcoal Purifying Glow Mask 15ml the Body Shop,1432,The Body Shop,6231,The Body Shop,273927,279000,208,36,TRUE,4.92,Vietnam,https://www.lazada.vn/products/pdp-i456824691.html
775756,Moringa Body Scrub 250ml the Body Shop,1432,The Body Shop,6231,The Body Shop,833064,849000,280,28,TRUE,5,Vietnam,https://www.lazada.vn/products/pdp-i775756.html
2635138845,[Expiration Date 5/2026] Edelweiss Bouncy Sleeping Mask 75ml the Body Shop,1432,The Body Shop,6231,The Body Shop,1177200,1199000,7,,TRUE,,Vietnam,https://www.lazada.vn/products/pdp-i2635138845.html
2138999652,Vitamin C Glow Revealing Serum 30ml the Body Shop,1432,The Body Shop,6231,The Body Shop,1176700,1199000,41,7,TRUE,5,Vietnam,https://www.lazada.vn/products/pdp-i2138999652.html
2315142456,British Rose Instant Glow Body Butter 50ml the Body Shop,1432,The Body Shop,6231,The Body Shop,244473,249000,64,15,TRUE,5,Vietnam,https://www.lazada.vn/products/pdp-i2315142456.html
101199454,[Expiration Date 12/2026] Himalayan Charcoal Purifying Glow Mask 75ml the Body Shop,1432,The Body Shop,6231,The Body Shop,833564,849000,949,161,TRUE,4.93,Vietnam,https://www.lazada.vn/products/pdp-i101199454.html
2504556,[Expiration Date 7/2026] Tea Tree Wash Scrub Mask 3in1 125ml the Body Shop,1432,The Body Shop,6231,The Body Shop,384300,549000,383,63,TRUE,4.95,Vietnam,https://www.lazada.vn/products/pdp-i2504556.html
2641247344,Peppermint Reviving Pumice Foot Scrub 100ml the Boody Shop,1432,The Body Shop,6231,The Body Shop,421200,429000,0,1,TRUE,5,Vietnam,https://www.lazada.vn/products/pdp-i2641247344.html
101780930,Aloe Anti-Perspirant Deodorant 50ml the Body Shop,1432,The Body Shop,6231,The Body Shop,243973,249000,712,87,TRUE,4.9,Vietnam,https://www.lazada.vn/products/pdp-i101780930.html
2625049848,White Musk Deodorant White Musk Deodorant 50ml the Body Shop,1432,The Body Shop,6231,The Body Shop,391745,399000,27,2,TRUE,5,Vietnam,https://www.lazada.vn/products/pdp-i2625049848.html
245301775,Black Musk Deodorant 50ml the Body Shop,1432,The Body Shop,6231,The Body Shop,391245,399000,32,6,TRUE,4.67,Vietnam,https://www.lazada.vn/products/pdp-i245301775.html
2614883059,[Expiration Date 9/2026] Magnolia Perfume Full Magnolia Eau De Parfum 75ml the Body Shop,1432,The Body Shop,6231,The Body Shop,1079400,1799000,0,1,FALSE,,Bình Dương,https://www.lazada.vn/products/pdp-i2614883059.html
2061490954,[Expiration Date 1/2027] Edelweiss Cleanser 100ml the Body Shop,1432,The Body Shop,6231,The Body Shop,489300,699000,41,7,FALSE,5,Bình Dương,https://www.lazada.vn/products/pdp-i2061490954.html
2423422691,[Expiration Date 1/2027] the Body Shop Ylang Ylang Edp Full Ylang Ylang Perfume 75ml,1432,The Body Shop,6231,The Body Shop,1259300,1799000,0,1,FALSE,5,Bình Dương,https://www.lazada.vn/products/pdp-i2423422691.html
2423526322,Edp Full Rose Perfume 75ml the Body Shop,1432,The Body Shop,6231,The Body Shop,1766291,1799000,9,4,FALSE,4.5,Bình Dương,https://www.lazada.vn/products/pdp-i2423526322.html
2605144308,[HSD 9/2026] Sữa Tắm 2 Trong 1 Cho Tóc và Cơ thể  WELLNESS MANDRN & BERG 200ML The Body Shop,1432,The Body Shop,6231,The Body Shop,349500,699000,19,2,FALSE,5,Bình Dương,https://www.lazada.vn/products/pdp-i2605144308.html
3303731975,[Expiration Date 12/2026] Blue Musk Zest Fragrance Mist 100ml the Body Shop,1432,The Body Shop,6231,The Body Shop,419300,599000,0,,FALSE,,Bình Dương,https://www.lazada.vn/products/pdp-i3303731975.html
3303753993,Maca Root & Aloe Shave Cream 200ml the Body Shop,1432,The Body Shop,6231,The Body Shop,489927,499000,0,,FALSE,,Bình Dương,https://www.lazada.vn/products/pdp-i3303753993.html
1782851068,[Expiration Date 11/2027] Hair & Scalp Scrub Tea Tree 240ml the Body Shop,1432,The Body Shop,6231,The Body Shop,784473,799000,638,110,FALSE,4.99,Bình Dương,https://www.lazada.vn/products/pdp-i1782851068.html
2413578283,Tea Tree Purifying and Balancing Conditioner Combo 250ml the Body Shop,1432,The Body Shop,6231,The Body Shop,783491,798000,50,8,FALSE,5,Bình Dương,https://www.lazada.vn/products/pdp-i2413578283.html
1449416147,Tea Tree Conditioner for Hair Purifying and Balancing Conditioner 250ml the Body Shop,1432,The Body Shop,6231,The Body Shop,391745,399000,162,22,FALSE,4.95,Bình Dương,https://www.lazada.vn/products/pdp-i1449416147.html
2625225612,Arber Eau De Toilette 100ml the Body Shop,1432,The Body Shop,6231,The Body Shop,1079018,1099000,0,,FALSE,,Bình Dương,https://www.lazada.vn/products/pdp-i2625225612.html
2149434380,Sleep Calming Pillow Mist 100ml the Body Shop,1432,The Body Shop,6231,The Body Shop,853200,869000,118,27,FALSE,4.81,Bình Dương,https://www.lazada.vn/products/pdp-i2149434380.html
2414134333,Combo of 2 Sunscreen Skin1004 Madagascar Centella Air-Fit Suncream Plus 50ml,13766,SKIN1004,2.00159E+11,SKIN1004_OFFICIAL STORE,990000,,185,40,TRUE,5,Vietnam,https://www.lazada.vn/products/pdp-i2414134333.html
2696416518,[HÀNG TẶNG KHÔNG BÁN] Skin1004 Combo 2 sachets  1.5ml bất kỳ,13766,SKIN1004,2.00159E+11,SKIN1004_OFFICIAL STORE,378409,490909,190,39,TRUE,4.92,Vietnam,https://www.lazada.vn/products/pdp-i2696416518.html
2480593475,Skin1004 Madagascar Centella Duo - Ampoule Foam Cleanser 125ml + Toning Toner 210ml,13766,SKIN1004,2.00159E+11,SKIN1004_OFFICIAL STORE,913000,,26,9,FALSE,5,Hà Nội,https://www.lazada.vn/products/pdp-i2480593475.html
1601114228,Skin 1004 Madagascar Centella Tone Brightening Cleansing Gel Foam 125ml,13766,SKIN1004,2.00159E+11,SKIN1004_OFFICIAL STORE,300781,378000,162,35,FALSE,4.89,Hà Nội,https://www.lazada.vn/products/pdp-i1601114228.html
2406454709,Skin1004 Madagascar Centella Tone Brightening Capsule Cream 75ml,13766,SKIN1004,2.00159E+11,SKIN1004_OFFICIAL STORE,598000,,57,18,FALSE,4.78,Hà Nội,https://www.lazada.vn/products/pdp-i2406454709.html
3110391883,Skin1004 Madagasca Centella Poremizing Tinted Sun Cream Spf50+ Pa++++ 50ml,13766,SKIN1004,2.00159E+11,SKIN1004_OFFICIAL STORE,595000,,0,,FALSE,,Hà Nội,https://www.lazada.vn/products/pdp-i3110391883.html
3074599053,Skin1004 Madagascar Centella Tea-Trica Purifying Toner 210ml,13766,SKIN1004,2.00159E+11,SKIN1004_OFFICIAL STORE,648000,,0,1,FALSE,5,Hà Nội,https://www.lazada.vn/products/pdp-i3074599053.html
2859714771,Skin1004 Centella Tone-Up Sunscreen 50ml + Centella Ampoule Essence 55ml,13766,SKIN1004,2.00159E+11,SKIN1004_OFFICIAL STORE,1133000,,0,,FALSE,,Hà Nội,https://www.lazada.vn/products/pdp-i2859714771.html
2964733769,Combo Skin1004 Madagascar Centella Sunscreen Tone-Up Sunscreen 50ml + Soothing Cream 75ml,13766,SKIN1004,2.00159E+11,SKIN1004_OFFICIAL STORE,1133000,,0,,FALSE,,Hà Nội,https://www.lazada.vn/products/pdp-i2964733769.html
1076780653,Skin1004 Madagascar Centella Hyalu-Cica Blue Serum 50ml,13766,SKIN1004,2.00159E+11,SKIN1004_OFFICIAL STORE,545000,,1200,174,FALSE,4.93,Hà Nội,https://www.lazada.vn/products/pdp-i1076780653.html
1076740747,Mặt nạ ngủ Skin1004 Madagascar Centella Hyalu-cica Sleeping Pack 100ml,13766,SKIN1004,2.00159E+11,SKIN1004_OFFICIAL STORE,565000,,322,49,FALSE,4.88,Hà Nội,https://www.lazada.vn/products/pdp-i1076740747.html
1601032537,Skin1004 Madagascar Centella Tone Brightening Boosting Toner 210ml,13766,SKIN1004,2.00159E+11,SKIN1004_OFFICIAL STORE,560000,,127,18,FALSE,4.94,Hà Nội,https://www.lazada.vn/products/pdp-i1601032537.html
2156790611,Skin1004 Madagascar Centella Hyalu-Cica Water-Fit Sun Serum Spf50+ Pa++++ 50ml,13766,SKIN1004,2.00159E+11,SKIN1004_OFFICIAL STORE,625000,,612,129,FALSE,5,Hà Nội,https://www.lazada.vn/products/pdp-i2156790611.html
740896601,Skin1004 Madagascar Centella Watergel Sheet Ampoule Mask,13766,SKIN1004,2.00159E+11,SKIN1004_OFFICIAL STORE,66000,,1600,173,FALSE,4.96,Hà Nội,https://www.lazada.vn/products/pdp-i740896601.html
1076726302,Skin1004 Madagascar Centella Hyalu-Cica Brightening Toner 210ml,13766,SKIN1004,2.00159E+11,SKIN1004_OFFICIAL STORE,515000,,591,86,FALSE,4.91,Hà Nội,https://www.lazada.vn/products/pdp-i1076726302.html
2439243765,Skin1004 Madagascar Centella Probio-Cica Essence Toner 210ml,13766,SKIN1004,2.00159E+11,SKIN1004_OFFICIAL STORE,528000,,97,29,FALSE,5,Hà Nội,https://www.lazada.vn/products/pdp-i2439243765.html
2316540506,Combo skin1004 PCs delvista soothing cream 75ml + skin1004 PCs delvila ammainle 55ml,13766,SKIN1004,2.00159E+11,SKIN1004_OFFICIAL STORE,996000,,46,14,FALSE,4.57,Hà Nội,https://www.lazada.vn/products/pdp-i2316540506.html
2114069656,Skin1004 Duo Set Madagascar Centella Ampoule Essence 55ml + Madagascar Centella Air-Fit Suncream Plus Spf 50+ Pa++++ 50ml,13766,SKIN1004,2.00159E+11,SKIN1004_OFFICIAL STORE,993000,,10,2,FALSE,5,Hà Nội,https://www.lazada.vn/products/pdp-i2114069656.html
2316336695,Combo Skin1004 Madagascar Centella Sunscreen Air-Fit Suncream Plus 50ml + Soothing Cream 75ml,13766,SKIN1004,2.00159E+11,SKIN1004_OFFICIAL STORE,993000,,81,15,FALSE,5,Hà Nội,https://www.lazada.vn/products/pdp-i2316336695.html
531292153,DẦU TẨY TRANG SKIN1004 MADAGASCAR CENTELLA LIGHT CLEANSING OIL 200ml,13766,SKIN1004,2.00159E+11,SKIN1004_OFFICIAL STORE,545000,,435,76,FALSE,4.99,Hà Nội,https://www.lazada.vn/products/pdp-i531292153.html
531240878,Sunscreen Skin1004 Madagascar Centella Air-Fit Suncream Plus Spf 50+ Pa++++ 50ml,13766,SKIN1004,2.00159E+11,SKIN1004_OFFICIAL STORE,495000,,8300,1434,FALSE,4.95,Hà Nội,https://www.lazada.vn/products/pdp-i531240878.html
1601074794,Skin1004 Madagascar Centella Tone Brightening Capsule Ampoule 100ml,13766,SKIN1004,2.00159E+11,SKIN1004_OFFICIAL STORE,625000,,661,107,FALSE,4.94,Hà Nội,https://www.lazada.vn/products/pdp-i1601074794.html
3074499514,Skin1004 Madagascar Centella Tea -Trica Bha Foam Deep Cleansing Facial Cleanser 125ml,13766,SKIN1004,2.00159E+11,SKIN1004_OFFICIAL STORE,385000,,6,1,FALSE,5,Hà Nội,https://www.lazada.vn/products/pdp-i3074499514.html
2439364192,Sunscreen Skin1004 Madagascar Centella Tone Brightening Tone-Up Suncreen Spf50+ Pa++++ 50ml,13766,SKIN1004,2.00159E+11,SKIN1004_OFFICIAL STORE,375258,635000,195,45,FALSE,4.87,Hà Nội,https://www.lazada.vn/products/pdp-i2439364192.html
531232944,Skin1004 Madagascar Centella Cream 75ml,13766,SKIN1004,2.00159E+11,SKIN1004_OFFICIAL STORE,598000,,1200,203,FALSE,4.96,Hà Nội,https://www.lazada.vn/products/pdp-i531232944.html
2480670182,Skin1004 Madagascar Centella Tone Brightening Tone-Up Sunscreen Spf50+Pa++++50Ml,13766,SKIN1004,2.00159E+11,SKIN1004_OFFICIAL STORE,940000,1270000,0,,FALSE,,Hà Nội,https://www.lazada.vn/products/pdp-i2480670182.html
531214789,Skin1004 Madagascar Centella Toning Toner 210ml,13766,SKIN1004,2.00159E+11,SKIN1004_OFFICIAL STORE,515000,,2100,409,FALSE,4.96,Hà Nội,https://www.lazada.vn/products/pdp-i531214789.html
531232572,"Skin1004 Madagascar Centella Ampoule Foam Cleansing, Soothing, and Restoring Face Cleanser 125ml",13766,SKIN1004,2.00159E+11,SKIN1004_OFFICIAL STORE,398000,,1400,240,FALSE,4.93,Hà Nội,https://www.lazada.vn/products/pdp-i531232572.html
531008915,Skin1004 Madagascar Centella Ampoule 55ml Skin Soothing and Restorative Essence,13766,SKIN1004,2.00159E+11,SKIN1004_OFFICIAL STORE,498000,,3000,632,FALSE,4.93,Hà Nội,https://www.lazada.vn/products/pdp-i531008915.html
2785493775,Combo of 5 Paper Masks Skin1004 Madagascar Centella Watergel Sheet Ampoule Mask 25ml,13766,SKIN1004,2.00159E+11,SKIN1004_OFFICIAL STORE,330000,,18,3,FALSE,5,Hà Nội,https://www.lazada.vn/products/pdp-i2785493775.html
3105020949,Skin1004 Madagascar Centella Tone Brightening Capsule Ampoule 50ml,13766,SKIN1004,2.00159E+11,SKIN1004_OFFICIAL STORE,585000,,20,5,FALSE,5,Hà Nội,https://www.lazada.vn/products/pdp-i3105020949.html
740888971,Skin1004 Madagascar Centella Soothing Cream 75ml,13766,SKIN1004,2.00159E+11,SKIN1004_OFFICIAL STORE,498000,,2100,410,FALSE,4.93,Hà Nội,https://www.lazada.vn/products/pdp-i740888971.html
531040758,Skin1004 Madagascare Centella Ampoule 100ml Skin Soothing and Restorative Essence,13766,SKIN1004,2.00159E+11,SKIN1004_OFFICIAL STORE,648000,,2400,458,FALSE,4.93,Hà Nội,https://www.lazada.vn/products/pdp-i531040758.html
2583646673,Skin1004 Madagascar Centella Probio-Cica Intensive Ampoule Fermented Pennywort Essence 50ml,13766,SKIN1004,2.00159E+11,SKIN1004_OFFICIAL STORE,710000,,90,18,FALSE,5,Hà Nội,https://www.lazada.vn/products/pdp-i2583646673.html
13398407958,Combo 1 Hau Giang Cocoon Lotus Spray Essence 100ml + 1 Hung Yen Turmeric Essence 10% - C10% - 30ml,123288201,the COCOON ORIGINAL VIETNAM,2.00161E+11,Cocoon Vietnam,561000,,0,,TRUE,,Long An,https://www.lazada.vn/products/pdp-i13398407958.html
13398387757,Combo 1 Hau Giang Cocoon Lotus Spray Essence 100ml + 1 Bigsize Hau Giang Lotus Makeup Remover 500ml,123288201,the COCOON ORIGINAL VIETNAM,2.00161E+11,Cocoon Vietnam,550000,,0,,TRUE,,Long An,https://www.lazada.vn/products/pdp-i13398387757.html
13399600884,Combo 1 Winter Melon Sunscreen 50ml + 1 Lotus Nourishing Spray Essence 100ml,123288201,the COCOON ORIGINAL VIETNAM,2.00161E+11,Cocoon Vietnam,629000,,0,,TRUE,,Long An,https://www.lazada.vn/products/pdp-i13399600884.html
13398641079,Combo 1 Hau Giang Cocoon Lotus Spray Essence 100ml + 1 Bigsize Hau Giang Lotus Facial Cleanser 310ml,123288201,the COCOON ORIGINAL VIETNAM,2.00161E+11,Cocoon Vietnam,580000,,0,,TRUE,,Long An,https://www.lazada.vn/products/pdp-i13398641079.html
13399728694,Combo 1 Hau Giang Cocoon Lotus Spray Essence 100ml + 1 Hung Yen Turmeric Essence 22% - C22% - 30ml,123288201,the COCOON ORIGINAL VIETNAM,2.00161E+11,Cocoon Vietnam,698000,,0,,TRUE,,Long An,https://www.lazada.vn/products/pdp-i13399728694.html
13398495601,Combo 1 Bigsize Cocoon Grapefruit Shampoo 500ml + Grapefruit Conditioner 310ml,123288201,the COCOON ORIGINAL VIETNAM,2.00161E+11,Cocoon Vietnam,580000,,0,,TRUE,,Long An,https://www.lazada.vn/products/pdp-i13398495601.html
13399946021,Combo 1 Winter Melon Essence (Serum) 7% Cocoon 30ml +1 Hung Yen Turmeric Mask 30ml,123288201,the COCOON ORIGINAL VIETNAM,2.00161E+11,Cocoon Vietnam,347000,,0,,TRUE,,Long An,https://www.lazada.vn/products/pdp-i13399946021.html
13398361786,Combo 1 Hau Giang Cocoon Lotus Spray Essence 100ml + 1 Hung Yen Turmeric Mask 100ml,123288201,the COCOON ORIGINAL VIETNAM,2.00161E+11,Cocoon Vietnam,580000,,0,,TRUE,,Long An,https://www.lazada.vn/products/pdp-i13398361786.html
13400378906,Combo 1 Refill Bag of Cocoon Grapefruit Shampoo 500ml + 1 Cocoon Grapefruit Conditioner 310ml,123288201,the COCOON ORIGINAL VIETNAM,2.00161E+11,Cocoon Vietnam,561000,,0,,TRUE,,Long An,https://www.lazada.vn/products/pdp-i13400378906.html
13398381706,Supersize Sen Hau Giang Facial Cleanser Specifically for Delicate & Very Sensitive Skin 500ml,123288201,the COCOON ORIGINAL VIETNAM,2.00161E+11,Cocoon Vietnam,495000,,0,,TRUE,,Long An,https://www.lazada.vn/products/pdp-i13398381706.html
3255378379,Combo 2 Cocoon Grapefruit Shampoo Helps Reduce Breakage and Soften Hair 310ml,123288201,the COCOON ORIGINAL VIETNAM,2.00161E+11,Cocoon Vietnam,482000,,57,10,TRUE,5,Vietnam,https://www.lazada.vn/products/pdp-i3255378379.html
13400614235,"Combo 2 Cocoon Squash Shower Gel Helps Remove Sebum, Reduce Acne & Body Odor Cocoon 500ml",123288201,the COCOON ORIGINAL VIETNAM,2.00161E+11,Cocoon Vietnam,550000,,0,,TRUE,,Long An,https://www.lazada.vn/products/pdp-i13400614235.html
13399616889,Combo 1 Hau Giang Cocoon Lotus Spray Essence 200ml + 1 Bigsize Hau Giang Lotus Makeup Remover 500ml,123288201,the COCOON ORIGINAL VIETNAM,2.00161E+11,Cocoon Vietnam,677000,,0,,TRUE,,Long An,https://www.lazada.vn/products/pdp-i13399616889.html
3255366530,Combo 2 Cocoon Soapberry Scalp Lotion to Reduce Dandruff and Care for Sensitive Scalp 140ml,123288201,the COCOON ORIGINAL VIETNAM,2.00161E+11,Cocoon Vietnam,364000,,41,9,TRUE,5,Vietnam,https://www.lazada.vn/products/pdp-i3255366530.html
13399119935,Combo 1 Bigsize Cocoon Grapefruit Shampoo 500ml + 1 an Giang Palm Sugar Shower Gel 500ml,123288201,the COCOON ORIGINAL VIETNAM,2.00161E+11,Cocoon Vietnam,629000,,0,,TRUE,,Long An,https://www.lazada.vn/products/pdp-i13399119935.html
13398359868,"Combo 2 Dak Lak Cocoon Coffee Body Butter for Soft, Smooth & Radiant Skin 200ml",123288201,the COCOON ORIGINAL VIETNAM,2.00161E+11,Cocoon Vietnam,482000,,0,,TRUE,,Long An,https://www.lazada.vn/products/pdp-i13398359868.html
13391669373,Combo 1 Winter Melon Shower Gel 500ml + 1 Jar of Dak Lak Coffee to Clean Dead Skin Cells from the Body 200ml,123288201,the COCOON ORIGINAL VIETNAM,2.00161E+11,Cocoon Vietnam,408000,,0,,TRUE,,Vietnam,https://www.lazada.vn/products/pdp-i13391669373.html
13377809697,Combo 1 Bigsize Hau Giang Cocoon Lotus Facial Cleanser 310ml + 1 Bigsize Hau Giang Cocoon Lotus Water 310ml,123288201,the COCOON ORIGINAL VIETNAM,2.00161E+11,Cocoon Vietnam,638000,,0,,TRUE,,Vietnam,https://www.lazada.vn/products/pdp-i13377809697.html
3306759555,Combo 1 Bigsize - Hung Yen Cocoon Turmeric Facial Cleanser 310ml + 1 Bigsize Hau Giang Lotus Water 310ml,123288201,the COCOON ORIGINAL VIETNAM,2.00161E+11,Cocoon Vietnam,598000,,59,10,TRUE,5,Vietnam,https://www.lazada.vn/products/pdp-i3306759555.html
3255410422,Combo 1 Refill Bag - Cocoon Grapefruit Shampoo Helps Reduce Breakage and Soften Hair 500ml + 1 Grapefruit Shampoo 310ml,123288201,the COCOON ORIGINAL VIETNAM,2.00161E+11,Cocoon Vietnam,630000,,21,2,TRUE,5,Vietnam,https://www.lazada.vn/products/pdp-i3255410422.html
3255343772,Combo 1 Bigsize - Cocoon Grapefruit Shampoo Helps Reduce Breakage and Soften Hair 500ml + 1 Refill Bag Grapefruit Shampoo 500ml,123288201,the COCOON ORIGINAL VIETNAM,2.00161E+11,Cocoon Vietnam,605000,757000,198,46,TRUE,4.96,Vietnam,https://www.lazada.vn/products/pdp-i3255343772.html
3329653531,Combo 1 Bigsize - Hung Yen Cocoon Turmeric Facial Cleanser 310ml + 1 Bigsize Rose Makeup Remover Oil 310ml,123288201,the COCOON ORIGINAL VIETNAM,2.00161E+11,Cocoon Vietnam,638000,,12,6,TRUE,3.17,Vietnam,https://www.lazada.vn/products/pdp-i3329653531.html
13393799737,Combo 2 Sen Hau Giang Facial Cleanser Specifically for Delicate & Very Sensitive Skin 310ml,123288201,the COCOON ORIGINAL VIETNAM,2.00161E+11,Cocoon Vietnam,474000,678000,0,,TRUE,,Vietnam,https://www.lazada.vn/products/pdp-i13393799737.html
3199391450,"Combo 2 Bigsize - Hung Yen Cocoon Turmeric Facial Cleanser Helps Keep Skin Clean, Smooth and Radiant 310ml",123288201,the COCOON ORIGINAL VIETNAM,2.00161E+11,Cocoon Vietnam,598000,,586,111,TRUE,5,Vietnam,https://www.lazada.vn/products/pdp-i3199391450.html
2407930159,SPECIAL COMBO gội bưởi 500ml + xả bưởi 310ml Cocoon tặng 1 Kem ủ tóc bưởi Cocoon giảm gãy rụng và làm mềm tóc 200ml,123288201,the COCOON ORIGINAL VIETNAM,2.00161E+11,Cocoon Vietnam,584100,590000,267,66,TRUE,4.97,Vietnam,https://www.lazada.vn/products/pdp-i2407930159.html
2190714196,Bigsize - Dak Lak Cocoon Coffee Facial Cleansing Gel for Fresh and Radiant Skin 310ml,123288201,the COCOON ORIGINAL VIETNAM,2.00161E+11,Cocoon Vietnam,299000,,750,150,TRUE,4.91,Vietnam,https://www.lazada.vn/products/pdp-i2190714196.html
3011569067,Combo Cocoon Grapefruit Shampoo 310ml + Grapefruit Conditioner 310ml,123288201,the COCOON ORIGINAL VIETNAM,2.00161E+11,Cocoon Vietnam,451000,,316,82,TRUE,4.99,Vietnam,https://www.lazada.vn/products/pdp-i3011569067.html
2407856607,SPECIAL COMBO gội bưởi 500ml + xả bưởi 310ml Cocoon tặng 1 nước dưỡng tóc tinh dầu bưởi 310ml,123288201,the COCOON ORIGINAL VIETNAM,2.00161E+11,Cocoon Vietnam,580000,,1400,348,TRUE,4.97,Vietnam,https://www.lazada.vn/products/pdp-i2407856607.html
952054582,Tẩy da chết môi cà phê Đắk Lắk Cocoon môi ẩm mềm 5g,123288201,the COCOON ORIGINAL VIETNAM,2.00161E+11,Cocoon Vietnam,74000,,8400,1282,TRUE,4.94,Vietnam,https://www.lazada.vn/products/pdp-i952054582.html
1910774502,"Bigsize - Hung Yen Cocoon Turmeric Facial Cleanser Helps Keep Skin Clean, Smooth and Radiant 310ml",123288201,the COCOON ORIGINAL VIETNAM,2.00161E+11,Cocoon Vietnam,299000,,4700,837,TRUE,4.95,Vietnam,https://www.lazada.vn/products/pdp-i1910774502.html
3199370611,Combo 1 Bigsize Cocoon Grapefruit Essential Oil Hair Conditioner Prevents Breakage and Supports Hair Growth 310ml + 1 Grapefruit Shampoo 310ml,123288201,the COCOON ORIGINAL VIETNAM,2.00161E+11,Cocoon Vietnam,581000,,15,1,TRUE,5,Vietnam,https://www.lazada.vn/products/pdp-i3199370611.html
1503676496,Combo of 3 Ben Tre Cocoon Coconut Oil Lip Balms,123288201,the COCOON ORIGINAL VIETNAM,2.00161E+11,Cocoon Vietnam,91000,,1900,258,TRUE,4.92,Vietnam,https://www.lazada.vn/products/pdp-i1503676496.html
2365819189,Refill Bag - Cocoon Grapefruit Shampoo Helps Reduce Breakage and Soften Hair 500ml,123288201,the COCOON ORIGINAL VIETNAM,2.00161E+11,Cocoon Vietnam,369000,,6700,1309,TRUE,4.97,Vietnam,https://www.lazada.vn/products/pdp-i2365819189.html
3199830371,Sen Hau Giang Facial Cleanser Is Specifically for Delicate & Very Sensitive Skin 310ml,123288201,the COCOON ORIGINAL VIETNAM,2.00161E+11,Cocoon Vietnam,339000,,433,55,TRUE,5,Vietnam,https://www.lazada.vn/products/pdp-i3199830371.html
13380173402,"Combo 2 an Giang Cocoon Palm Sugar Shower Gel Helps Clean & Moisturize, with a Relaxing Fragrance 500ml",123288201,the COCOON ORIGINAL VIETNAM,2.00161E+11,Cocoon Vietnam,482000,,11,2,TRUE,5,Vietnam,https://www.lazada.vn/products/pdp-i13380173402.html
3132265601,Combo 1 Cocoon Grapefruit Shampoo Helps Reduce Hair Breakage and Soften Hair 310ml + 1 Grapefruit Essential Oil Hair Conditioner 140ml,123288201,the COCOON ORIGINAL VIETNAM,2.00161E+11,Cocoon Vietnam,422000,,46,14,TRUE,5,Vietnam,https://www.lazada.vn/products/pdp-i3132265601.html
2324918867,Bigsize- Cocoon Grapefruit Shampoo Helps Reduce Breakage and Soften Hair 500ml,123288201,the COCOON ORIGINAL VIETNAM,2.00161E+11,Cocoon Vietnam,388000,,7700,1442,TRUE,4.93,Vietnam,https://www.lazada.vn/products/pdp-i2324918867.html
580142307,Cocoon Skin Balancing Squash Water (Toner) Reduces Oil & Acne 140ml,123288201,the COCOON ORIGINAL VIETNAM,2.00161E+11,Cocoon Vietnam,192000,,3600,569,TRUE,4.93,Vietnam,https://www.lazada.vn/products/pdp-i580142307.html
580136443,Ben Tre Cocoon Coconut Oil Lip Balm Moisturizes Lips 5g,123288201,the COCOON ORIGINAL VIETNAM,2.00161E+11,Cocoon Vietnam,32000,,15400,2217,TRUE,4.93,Vietnam,https://www.lazada.vn/products/pdp-i580136443.html
1315608778,Bigsize - Cocoon Skin Balancing Squash Water Toner Reduces Oil and Acne 310ml,123288201,the COCOON ORIGINAL VIETNAM,2.00161E+11,Cocoon Vietnam,299000,,4300,703,TRUE,4.93,Vietnam,https://www.lazada.vn/products/pdp-i1315608778.html
3199385411,Combo 1 Cocoon Hydrating and Anti-Acne Pumpkin Jelly 30ml + 1 Cocoon Anti-Oil & Anti-Acne Pumpkin Mask 30ml,123288201,the COCOON ORIGINAL VIETNAM,2.00161E+11,Cocoon Vietnam,344000,,60,7,TRUE,5,Vietnam,https://www.lazada.vn/products/pdp-i3199385411.html
3199430223,Combo 1 Hung Yen Turmeric Jelly Helps Brighten Skin and Reduce Dark Spots Cocoon 30ml + 1 Hung Yen Turmeric Mask 30ml,123288201,the COCOON ORIGINAL VIETNAM,2.00161E+11,Cocoon Vietnam,344000,,53,15,TRUE,5,Vietnam,https://www.lazada.vn/products/pdp-i3199430223.html
3199421200,Combo 2 Hung Yen Turmeric Jelly Helps Brighten Skin and Reduce Dark Spots Cocoon 30ml,123288201,the COCOON ORIGINAL VIETNAM,2.00161E+11,Cocoon Vietnam,384000,,173,24,TRUE,5,Vietnam,https://www.lazada.vn/products/pdp-i3199421200.html
1099168634,Bigsize - Moisturizing Rose Jelly (Moisturizer) Cocoon Hydrates & Nourishes 100ml,123288201,the COCOON ORIGINAL VIETNAM,2.00161E+11,Cocoon Vietnam,321000,378000,3100,520,TRUE,4.94,Vietnam,https://www.lazada.vn/products/pdp-i1099168634.html
3293279174,Combo 1 an Giang Cocoon Palm Sugar Shower Gel 500ml + 1 an Giang Palm Sugar Jar 200ml,123288201,the COCOON ORIGINAL VIETNAM,2.00161E+11,Cocoon Vietnam,242000,403000,179,26,TRUE,4.96,Vietnam,https://www.lazada.vn/products/pdp-i3293279174.html
1862772297,Hung Yen Turmeric Jelly Helps Brighten Skin and Reduce Dark Spots Cocoon 30ml,123288201,the COCOON ORIGINAL VIETNAM,2.00161E+11,Cocoon Vietnam,192000,,2400,384,TRUE,4.98,Vietnam,https://www.lazada.vn/products/pdp-i1862772297.html
853962262,Cocoon Moisturizing Rose Jelly (Moisturizer) Hydrates & Nourishes 30ml,123288201,the COCOON ORIGINAL VIETNAM,2.00161E+11,Cocoon Vietnam,192000,,5400,914,TRUE,4.92,Vietnam,https://www.lazada.vn/products/pdp-i853962262.html
3290832634,Combo 1 Hung Yen C10 Turmeric Essence - 10% Vitamin C 30ml + 1 Bigsize Hau Giang Cocoon Lotus Water 310ml,123288201,the COCOON ORIGINAL VIETNAM,2.00161E+11,Cocoon Vietnam,619000,,8,,TRUE,,Vietnam,https://www.lazada.vn/products/pdp-i3290832634.html
2646533775,Hau Giang Cocoon Lotus Water (Toner) Multi-Tasking Recovery for Very Sensitive Skin 140ml,123288201,the COCOON ORIGINAL VIETNAM,2.00161E+11,Cocoon Vietnam,192000,,221,50,TRUE,4.98,Vietnam,https://www.lazada.vn/products/pdp-i2646533775.html
3199348864,Combo 2 Moisturizing Rose Jelly (Moisturizer) Cocoon Hydrates & Nourishes 30ml,123288201,the COCOON ORIGINAL VIETNAM,2.00161E+11,Cocoon Vietnam,384000,,109,14,TRUE,5,Vietnam,https://www.lazada.vn/products/pdp-i3199348864.html
1503041966,Bigsize - Cocoon Winter Melon Jelly Moisturizes and Prevents Acne 100ml,123288201,the COCOON ORIGINAL VIETNAM,2.00161E+11,Cocoon Vietnam,378000,,2300,396,TRUE,4.95,Vietnam,https://www.lazada.vn/products/pdp-i1503041966.html
13332945867,Hau Giang Cocoon Lotus Spray Essence 100ml,123288201,the COCOON ORIGINAL VIETNAM,2.00161E+11,Cocoon Vietnam,241000,,47,4,TRUE,5,Vietnam,https://www.lazada.vn/products/pdp-i13332945867.html
2910040199,"Hau Giang Lotus Multi-Purpose Moisturizing Wax Limited Edition ""Pink Without Redness"" Cocoon 30ml",123288201,the COCOON ORIGINAL VIETNAM,2.00161E+11,Cocoon Vietnam,192000,,232,46,TRUE,4.98,Vietnam,https://www.lazada.vn/products/pdp-i2910040199.html
3064984260,[Super Bigsize] Hau Giang Cocoon Lotus Water (Toner) Multi-Tasking Recovery for Very Sensitive Skin 500ml,123288201,the COCOON ORIGINAL VIETNAM,2.00161E+11,Cocoon Vietnam,418000,,331,58,TRUE,4.95,Vietnam,https://www.lazada.vn/products/pdp-i3064984260.html
1910759701,Bigsize - Hung Yen Turmeric Water (Toner) Cocoon Brightens Skin & Moisturizes 310ml,123288201,the COCOON ORIGINAL VIETNAM,2.00161E+11,Cocoon Vietnam,299000,,1600,277,TRUE,4.96,Vietnam,https://www.lazada.vn/products/pdp-i1910759701.html
1249947663,"Hung Yen Turmeric Essence (Serum) 10% Vitamin C Brightens Skin, Reduces Dark Spots Cocoon 30ml",123288201,the COCOON ORIGINAL VIETNAM,2.00161E+11,Cocoon Vietnam,320000,,6900,1068,TRUE,4.94,Vietnam,https://www.lazada.vn/products/pdp-i1249947663.html
580148185,SPECIAL COMBO Làm sạch + cân bằng cho da mụn Cocoon - Tặng Nước tẩy trang bí đao 140ml,123288201,the COCOON ORIGINAL VIETNAM,2.00161E+11,Cocoon Vietnam,384000,,689,137,TRUE,4.94,Vietnam,https://www.lazada.vn/products/pdp-i580148185.html
580114767,Combo 2 thỏi Son dưỡng dầu dừa Bến Tre Cocoon dưỡng ẩm môi 5g/thỏi,123288201,the COCOON ORIGINAL VIETNAM,2.00161E+11,Cocoon Vietnam,64000,,3500,629,TRUE,4.93,Vietnam,https://www.lazada.vn/products/pdp-i580114767.html
3278714694,Combo 2 Bigsize - Hau Giang Lotus Water (Toner) Cocoon Helps Restore Multi-Tasking Properties for Very Sensitive Skin 310ml,123288201,the COCOON ORIGINAL VIETNAM,2.00161E+11,Cocoon Vietnam,329000,598000,819,157,TRUE,4.99,Vietnam,https://www.lazada.vn/products/pdp-i3278714694.html
1240437591,Hung Yen Turmeric Water (Toner) 5% Aha Brightens Skin & Moisturizes Cocoon 140ml,123288201,the COCOON ORIGINAL VIETNAM,2.00161E+11,Cocoon Vietnam,192000,,2700,369,TRUE,4.94,Vietnam,https://www.lazada.vn/products/pdp-i1240437591.html
3229840004,"Combo 2 Bigsize Sen Hau Giang Makeup Remover Cleans Super Fine Dust and Dirt Pm1.0, Contains Gentle Prebiotics for Very Sensitive Skin Cocoon 500ml",123288201,the COCOON ORIGINAL VIETNAM,2.00161E+11,Cocoon Vietnam,494000,618000,331,62,TRUE,5,Vietnam,https://www.lazada.vn/products/pdp-i3229840004.html
3290815777,Combo 1 Hung Yen Turmeric Essence C22 - 22% Vitamin C 30ml + 1 Bigsize Hau Giang Lotus Water 310ml,123288201,the COCOON ORIGINAL VIETNAM,2.00161E+11,Cocoon Vietnam,756000,,28,1,TRUE,5,Vietnam,https://www.lazada.vn/products/pdp-i3290815777.html
3174460165,"Combo 2 Cocoon Squash Sunscreen Broad Spectrum Spf 50+, Pa ++++ 50ml",123288201,the COCOON ORIGINAL VIETNAM,2.00161E+11,Cocoon Vietnam,776000,,520,115,TRUE,4.99,Vietnam,https://www.lazada.vn/products/pdp-i3174460165.html
13349671696,Combo 1 Cocoon Moisturizing Rose Jelly (Moisturizer) for Hydrating & Nourishing 100ml + 1 Hau Giang Lotus Water 310ml,123288201,the COCOON ORIGINAL VIETNAM,2.00161E+11,Cocoon Vietnam,401000,677000,5,1,TRUE,5,Vietnam,https://www.lazada.vn/products/pdp-i13349671696.html
3099440342,"An Giang Cocoon Palm Sugar Shower Gel Helps Clean & Moisturize, with a Relaxing Fragrance, 500ml",123288201,the COCOON ORIGINAL VIETNAM,2.00161E+11,Cocoon Vietnam,241000,,529,104,TRUE,4.94,Vietnam,https://www.lazada.vn/products/pdp-i3099440342.html
2433568398,"Winter Melon Sunscreen Milk - Natural Smoothness Spf 50+, Uva – Pf 62.6 Cocoon 50ml",123288201,the COCOON ORIGINAL VIETNAM,2.00161E+11,Cocoon Vietnam,432000,,3100,690,TRUE,4.93,Vietnam,https://www.lazada.vn/products/pdp-i2433568398.html
13333292093,Hau Giang Cocoon Lotus Spray Essence 50ml,123288201,the COCOON ORIGINAL VIETNAM,2.00161E+11,Cocoon Vietnam,133000,,37,9,TRUE,5,Vietnam,https://www.lazada.vn/products/pdp-i13333292093.html
1503175042,Cocoon Squash Jelly Moisturizes and Prevents Acne 30ml,123288201,the COCOON ORIGINAL VIETNAM,2.00161E+11,Cocoon Vietnam,192000,,3500,632,TRUE,4.98,Vietnam,https://www.lazada.vn/products/pdp-i1503175042.html
3174445264,"Combo 2 Winter Melon Sunscreen Milk - Natural Smoothness Spf 50+, Uva – Pf 62.6 Cocoon 50ml",123288201,the COCOON ORIGINAL VIETNAM,2.00161E+11,Cocoon Vietnam,509000,864000,685,123,TRUE,5,Vietnam,https://www.lazada.vn/products/pdp-i3174445264.html
3329648582,Combo 1 Hung Yen Turmeric Jelly Helps Brighten Skin and Reduce Dark Spots Cocoon 100ml + 1 Hung Yen Turmeric Mask 100ml,123288201,the COCOON ORIGINAL VIETNAM,2.00161E+11,Cocoon Vietnam,430000,717000,41,4,TRUE,5,Vietnam,https://www.lazada.vn/products/pdp-i3329648582.html
3199404245,Combo 2 Cocoon Squash Jelly for Moisturizing and Preventing Acne 30ml,123288201,the COCOON ORIGINAL VIETNAM,2.00161E+11,Cocoon Vietnam,384000,,31,8,TRUE,5,Vietnam,https://www.lazada.vn/products/pdp-i3199404245.html
1865508149,Bigsize - Hung Yen Turmeric Jelly Helps Brighten Skin and Reduce Dark Spots Cocoon 100ml,123288201,the COCOON ORIGINAL VIETNAM,2.00161E+11,Cocoon Vietnam,378000,,2000,365,TRUE,4.93,Vietnam,https://www.lazada.vn/products/pdp-i1865508149.html
2856449791,Trial size- Dầu gội bưởi Cocoon giúp giảm gãy rụng và làm mềm tóc 50ml,123288201,the COCOON ORIGINAL VIETNAM,2.00161E+11,Cocoon Vietnam,59000,,151,35,TRUE,4.94,Vietnam,https://www.lazada.vn/products/pdp-i2856449791.html
1930918616,SPECIAL COMBO 2 chai Nước Dưỡng Tóc Tinh Dầu Bưởi Cocoon 140ml - tặng Serum Sachi phục hồi tóc Cocoon 70ml,123288201,the COCOON ORIGINAL VIETNAM,2.00161E+11,Cocoon Vietnam,324000,,1600,282,TRUE,4.92,Vietnam,https://www.lazada.vn/products/pdp-i1930918616.html
2091315408,Cocoon Pumpkin Essence (Serum) N15 - 15% Niacinamide Reduces Shine & Reduces Acne Cocoon 70ml,123288201,the COCOON ORIGINAL VIETNAM,2.00161E+11,Cocoon Vietnam,486000,,1700,261,TRUE,4.87,Vietnam,https://www.lazada.vn/products/pdp-i2091315408.html
13347085851,Combo 2 N7 Squash Essence 70ml,123288201,the COCOON ORIGINAL VIETNAM,2.00161E+11,Cocoon Vietnam,598000,,17,4,TRUE,5,Vietnam,https://www.lazada.vn/products/pdp-i13347085851.html
2646604621,(Trial size) Nước sen Hậu Giang Cocoon (toner) phục hồi đa nhiệm cho da rất nhạy cảm 50ml,123288201,the COCOON ORIGINAL VIETNAM,2.00161E+11,Cocoon Vietnam,74000,,4000,772,TRUE,4.98,Vietnam,https://www.lazada.vn/products/pdp-i2646604621.html
1011094756,Dak Lak Cocoon Coffee Facial Exfoliator for Soft & Radiant Skin 150ml,123288201,the COCOON ORIGINAL VIETNAM,2.00161E+11,Cocoon Vietnam,172000,,48900,8000,TRUE,4.97,Vietnam,https://www.lazada.vn/products/pdp-i1011094756.html
1433187081,Cocoon Grapefruit Shampoo Helps Reduce Hair Breakage and Soften Hair 310ml,123288201,the COCOON ORIGINAL VIETNAM,2.00161E+11,Cocoon Vietnam,261000,,11700,1661,TRUE,4.95,Vietnam,https://www.lazada.vn/products/pdp-i1433187081.html
580116729,Cocoon Sa-Chi Hair Restoration Serum Provides Maximum Protection from Heat and Uv Rays 70ml,123288201,the COCOON ORIGINAL VIETNAM,2.00161E+11,Cocoon Vietnam,192000,,5400,763,TRUE,4.96,Vietnam,https://www.lazada.vn/products/pdp-i580116729.html
2091175945,Cocoon Grapefruit Essential Oil Hair Conditioner 140ml,123288201,the COCOON ORIGINAL VIETNAM,2.00161E+11,Cocoon Vietnam,137000,162000,28300,4038,TRUE,4.96,Vietnam,https://www.lazada.vn/products/pdp-i2091175945.html
2152055310,Dak Lak Cocoon Coffee Facial Cleansing Gel for Fresh and Radiant Skin 140ml,123288201,the COCOON ORIGINAL VIETNAM,2.00161E+11,Cocoon Vietnam,192000,,1200,160,TRUE,4.94,Vietnam,https://www.lazada.vn/products/pdp-i2152055310.html
1203912579,Cocoon Rose Facial Cleansing Gel Cleans & Moisturizes 140ml,123288201,the COCOON ORIGINAL VIETNAM,2.00161E+11,Cocoon Vietnam,192000,,2300,363,TRUE,4.94,Vietnam,https://www.lazada.vn/products/pdp-i1203912579.html
3290893069,Combo 1 Bigsize Sen Cocoon Makeup Remover 500ml + 1 Bigsize Sen Hau Giang Facial Cleanser 310ml,123288201,the COCOON ORIGINAL VIETNAM,2.00161E+11,Cocoon Vietnam,518000,648000,128,28,TRUE,5,Vietnam,https://www.lazada.vn/products/pdp-i3290893069.html
1930604913,"Hung Yen Turmeric Essence (Serum) C22 - 22% Vitamin C Brightens Skin, Reduces Dark Spots Cocoon 30ml",123288201,the COCOON ORIGINAL VIETNAM,2.00161E+11,Cocoon Vietnam,456000,,6300,892,TRUE,4.95,Vietnam,https://www.lazada.vn/products/pdp-i1930604913.html
3199372585,Combo 2 N15 Squash Essence (Serum) with 15% Niacinamide to Reduce Shine and Reduce Acne Cocoon 70ml,123288201,the COCOON ORIGINAL VIETNAM,2.00161E+11,Cocoon Vietnam,972000,,19,1,TRUE,5,Vietnam,https://www.lazada.vn/products/pdp-i3199372585.html
1678705697,MEMBERGIFT [Hàng tặng không bán] - Gel tắm khuynh diệp & bạc hà Cocoon 500ml,123288201,the COCOON ORIGINAL VIETNAM,2.00161E+11,Cocoon Vietnam,500000,,31,6,TRUE,5,Vietnam,https://www.lazada.vn/products/pdp-i1678705697.html
580146239,SPECIAL DEAL Tinh chất bí đao (serum) 7% Niacinamide sạch mụn chuyên sâu & mờ vết thâm Cocoon 70ml - Tặng Dung dịch chấm mụn 5ml,123288201,the COCOON ORIGINAL VIETNAM,2.00161E+11,Cocoon Vietnam,299000,,5500,1044,TRUE,4.95,Vietnam,https://www.lazada.vn/products/pdp-i580146239.html
3314857758,Supersize - Cocoon Squash Makeup Remover & Oil Reducer 1000ml,123288201,the COCOON ORIGINAL VIETNAM,2.00161E+11,Cocoon Vietnam,535000,,122,14,TRUE,4.64,Vietnam,https://www.lazada.vn/products/pdp-i3314857758.html
13326850537,Combo 1 Bigsize Hau Giang Cocoon Lotus Makeup Remover 500ml + 1 Bigsize Hau Giang Lotus Water (Toner) 310ml,123288201,the COCOON ORIGINAL VIETNAM,2.00161E+11,Cocoon Vietnam,608000,,0,,TRUE,,Vietnam,https://www.lazada.vn/products/pdp-i13326850537.html
13380169480,Combo 1 Soapberry Water 140ml + 1 Cocoon Grapefruit Essential Oil Hair Conditioner 140ml,123288201,the COCOON ORIGINAL VIETNAM,2.00161E+11,Cocoon Vietnam,344000,,0,,TRUE,,Vietnam,https://www.lazada.vn/products/pdp-i13380169480.html
3255357539,Combo 2 Cocoon Grapefruit Hair Treatment Creams to Reduce Breakage and Soften Hair 200ml,123288201,the COCOON ORIGINAL VIETNAM,2.00161E+11,Cocoon Vietnam,424000,,74,13,TRUE,5,Vietnam,https://www.lazada.vn/products/pdp-i3255357539.html
3306855197,Combo 1 Hung Yen Turmeric Jelly Helps Brighten Skin and Fade Dark Spots Cocoon 30ml + 1 Sen Hau Giang Makeup Remover 140ml,123288201,the COCOON ORIGINAL VIETNAM,2.00161E+11,Cocoon Vietnam,344000,,0,,TRUE,,Vietnam,https://www.lazada.vn/products/pdp-i3306855197.html
1988006851,"Cocoon Broad Spectrum Squash Sunscreen Spf 50+, Pa ++++ 50ml",123288201,the COCOON ORIGINAL VIETNAM,2.00161E+11,Cocoon Vietnam,388000,,14300,1800,TRUE,4.94,Vietnam,https://www.lazada.vn/products/pdp-i1988006851.html
3172936874,Combo of 2 Cocoon Grapefruit Essential Oil Hair Conditioner 140ml,123288201,the COCOON ORIGINAL VIETNAM,2.00161E+11,Cocoon Vietnam,194000,324000,1100,234,TRUE,4.95,Vietnam,https://www.lazada.vn/products/pdp-i3172936874.html
1741598075,An Giang Palm Sugar Cocoon Body Exfoliator 200ml,123288201,the COCOON ORIGINAL VIETNAM,2.00161E+11,Cocoon Vietnam,162000,,4000,599,TRUE,4.96,Vietnam,https://www.lazada.vn/products/pdp-i1741598075.html
3306829236,Combo 1 Hung Yen C22 Turmeric Essence - 22% Vitamin C 30ml + 1 Cocoon Squash Sunscreen 50ml,123288201,the COCOON ORIGINAL VIETNAM,2.00161E+11,Cocoon Vietnam,845000,,11,1,TRUE,5,Vietnam,https://www.lazada.vn/products/pdp-i3306829236.html
580112783,Dung dịch chấm mụn bí đao Cocoon sạch mụn & ngăn ngừa mụn 5ml,123288201,the COCOON ORIGINAL VIETNAM,2.00161E+11,Cocoon Vietnam,123000,,4400,748,TRUE,4.94,Vietnam,https://www.lazada.vn/products/pdp-i580112783.html
1393984846,SPECIAL COMBO sáng da cơ bản từ nghệ Hưng Yên Cocoon - Tặng mặt nạ nghệ 30ml,123288201,the COCOON ORIGINAL VIETNAM,2.00161E+11,Cocoon Vietnam,384000,,505,86,TRUE,4.91,Vietnam,https://www.lazada.vn/products/pdp-i1393984846.html
1775281821,Cocoon 7% Niacinamide Squash Serum for Intensive Acne Removal & Dark Spot Fading 70ml,123288201,the COCOON ORIGINAL VIETNAM,2.00161E+11,Cocoon Vietnam,299000,,4200,728,TRUE,4.97,Vietnam,https://www.lazada.vn/products/pdp-i1775281821.html
1099204976,Bigsize - Cocoon Squash Mask to Reduce Oil & Acne 100ml,123288201,the COCOON ORIGINAL VIETNAM,2.00161E+11,Cocoon Vietnam,339000,,2000,341,TRUE,4.9,Vietnam,https://www.lazada.vn/products/pdp-i1099204976.html
1286683833,"Dak Lak Cocoon Coffee Body Butter for Soft, Smooth & Radiant Skin 200ml",123288201,the COCOON ORIGINAL VIETNAM,2.00161E+11,Cocoon Vietnam,241000,,3700,616,TRUE,4.92,Vietnam,https://www.lazada.vn/products/pdp-i1286683833.html
2646551637,Bigsize Hau Giang Cocoon Lotus Water (Toner) Multi-Tasking Recovery for Very Sensitive Skin 310ml,123288201,the COCOON ORIGINAL VIETNAM,2.00161E+11,Cocoon Vietnam,254000,299000,4500,894,TRUE,4.95,Vietnam,https://www.lazada.vn/products/pdp-i2646551637.html
2239106331,Bigsize - Cocoon Grapefruit Essential Oil Hair Conditioner 310ml,123288201,the COCOON ORIGINAL VIETNAM,2.00161E+11,Cocoon Vietnam,320000,,6800,1242,TRUE,4.96,Vietnam,https://www.lazada.vn/products/pdp-i2239106331.html
13332931961,Hau Giang Cocoon Lotus Spray Essence 200ml,123288201,the COCOON ORIGINAL VIETNAM,2.00161E+11,Cocoon Vietnam,368000,,139,17,TRUE,4.88,Vietnam,https://www.lazada.vn/products/pdp-i13332931961.html
3255373895,Combo 2 Cocoon Sa-Chi Hair Restoration Serum Provides Maximum Protection from Heat and Uv Rays 70ml,123288201,the COCOON ORIGINAL VIETNAM,2.00161E+11,Cocoon Vietnam,384000,,32,5,TRUE,5,Vietnam,https://www.lazada.vn/products/pdp-i3255373895.html
13376006901,"Supersize Sen Hau Giang Makeup Remover Cleans Ultra-Fine Dust and Pm1.0 Particles, Contains Gentle Prebiotics for Very Sensitive Skin Cocoon 1000ml",123288201,the COCOON ORIGINAL VIETNAM,2.00161E+11,Cocoon Vietnam,565000,,0,2,TRUE,5,Vietnam,https://www.lazada.vn/products/pdp-i13376006901.html
2974999665,[Trial size] Sữa rửa mặt Sen Hậu Giang dành riêng cho làn da mỏng manh & rất nhạy cảm 50ml,123288201,the COCOON ORIGINAL VIETNAM,2.00161E+11,Cocoon Vietnam,74000,,834,150,TRUE,4.97,Vietnam,https://www.lazada.vn/products/pdp-i2974999665.html
2614403854,Trial size - Gel bí đao rửa mặt Cocoon giảm dầu & mụn 50ml,123288201,the COCOON ORIGINAL VIETNAM,2.00161E+11,Cocoon Vietnam,74000,,368,91,TRUE,4.96,Vietnam,https://www.lazada.vn/products/pdp-i2614403854.html
3254407502,Cocoon Soapberry Scalp Exfoliator 200ml,123288201,the COCOON ORIGINAL VIETNAM,2.00161E+11,Cocoon Vietnam,204000,241000,444,65,TRUE,4.92,Vietnam,https://www.lazada.vn/products/pdp-i3254407502.html
2198462264,Cocoon Grapefruit Hair Conditioner Reduces Breakage and Softens Hair 200ml,123288201,the COCOON ORIGINAL VIETNAM,2.00161E+11,Cocoon Vietnam,212000,,3100,477,TRUE,4.92,Vietnam,https://www.lazada.vn/products/pdp-i2198462264.html
13387647252,Cocoon 7% Niacinamide Squash Serum for Intensive Acne Removal & Dark Spot Fading 30ml,123288201,the COCOON ORIGINAL VIETNAM,2.00161E+11,Cocoon Vietnam,195000,,0,1,TRUE,5,Vietnam,https://www.lazada.vn/products/pdp-i13387647252.html
3189872800,Refill Bag 200ml - an Giang Palm Sugar Cocoon Body Exfoliator 200ml,123288201,the COCOON ORIGINAL VIETNAM,2.00161E+11,Cocoon Vietnam,152000,,39,5,TRUE,5,Vietnam,https://www.lazada.vn/products/pdp-i3189872800.html
13349921040,Combo 1 Hung Yen Turmeric Jelly Helps Brighten Skin and Reduce Dark Spots Cocoon 100ml + 1 Bigsize Hau Giang Lotus Water 310ml,123288201,the COCOON ORIGINAL VIETNAM,2.00161E+11,Cocoon Vietnam,401000,677000,5,3,TRUE,5,Vietnam,https://www.lazada.vn/products/pdp-i13349921040.html
1227105994,Rose Essence (Serum) with 5% Vitamin B5 for Intensive Hydration & Skin Softening Cocoon 30ml,123288201,the COCOON ORIGINAL VIETNAM,2.00161E+11,Cocoon Vietnam,261000,,3300,569,TRUE,4.94,Vietnam,https://www.lazada.vn/products/pdp-i1227105994.html
3329649562,Combo 1 an Giang Cocoon Palm Sugar Shower Gel 500ml + 1 Bo Ket Scalp Exfoliator 200ml,123288201,the COCOON ORIGINAL VIETNAM,2.00161E+11,Cocoon Vietnam,482000,,0,2,TRUE,5,Vietnam,https://www.lazada.vn/products/pdp-i3329649562.html
1503576570,SPECIAL COMBO Gội xả bưởi không sulfate giảm gãy rụng tóc Cocoon tặng 1 Nước dưỡng tóc tinh dầu bưởi 140ml,123288201,the COCOON ORIGINAL VIETNAM,2.00161E+11,Cocoon Vietnam,453000,,6500,1014,TRUE,4.93,Vietnam,https://www.lazada.vn/products/pdp-i1503576570.html
580102949,SPECIAL COMBO Chăm sóc da mụn chuyên sâu Cocoon - Tặng 1 Thạch bí đao 30ml,123288201,the COCOON ORIGINAL VIETNAM,2.00161E+11,Cocoon Vietnam,940000,,328,93,TRUE,4.97,Vietnam,https://www.lazada.vn/products/pdp-i580102949.html
1433132563,Cocoon Grapefruit Conditioner Helps Provide Nutrients and Add Moisture to Hair 310ml,123288201,the COCOON ORIGINAL VIETNAM,2.00161E+11,Cocoon Vietnam,163000,192000,5800,883,TRUE,4.95,Vietnam,https://www.lazada.vn/products/pdp-i1433132563.html
2809827733,Cocoon Combo tẩy da chết cà phê cơ thể 200ml và đường thốt nốt An Giang 200ml,123288201,the COCOON ORIGINAL VIETNAM,2.00161E+11,Cocoon Vietnam,295000,,70,16,TRUE,5,Vietnam,https://www.lazada.vn/products/pdp-i2809827733.html
13394173161,"Winter Melon Shower Gel Helps Remove Sebum, Reduce Acne & Body Odor 500ml",123288201,the COCOON ORIGINAL VIETNAM,2.00161E+11,Cocoon Vietnam,275000,,0,1,TRUE,5,Vietnam,https://www.lazada.vn/products/pdp-i13394173161.html
13391481975,[Combo Buy 1 Get 5 Free] New Launch - Winter Melon Shower Gel 500ml Free 1 Loquat Scalp Exfoliator 50ml + 1 Grapefruit Shampoo 50ml + 1 Grapefruit Conditioner 50ml + 1 Sugar Shower Gel 50ml + 1 Winter Melon Shower Gel 50ml,123288201,the COCOON ORIGINAL VIETNAM,2.00161E+11,Cocoon Vietnam,275000,545000,7,,TRUE,,Vietnam,https://www.lazada.vn/products/pdp-i13391481975.html
3118888149,Cocoon Combo 2 Cocoon Squash Mask to Reduce Oil & Acne 30ml,123288201,the COCOON ORIGINAL VIETNAM,2.00161E+11,Cocoon Vietnam,304000,,211,42,TRUE,4.9,Vietnam,https://www.lazada.vn/products/pdp-i3118888149.html
2407851544,Special Combo 2 Bottles of Cocoon Grapefruit Essential Oil Hair Conditioner 140ml - Free Grapefruit Shampoo 310ml,123288201,the COCOON ORIGINAL VIETNAM,2.00161E+11,Cocoon Vietnam,324000,,2200,447,TRUE,4.96,Vietnam,https://www.lazada.vn/products/pdp-i2407851544.html
1240522265,"Hung Yen Turmeric Facial Cleanser 4% Aha Helps Keep Skin Clean, Smooth and Radiant Cocoon 140ml",123288201,the COCOON ORIGINAL VIETNAM,2.00161E+11,Cocoon Vietnam,192000,,4900,708,TRUE,4.95,Vietnam,https://www.lazada.vn/products/pdp-i1240522265.html
3011255542,Combo 1 Dak Lak Cocoon Coffee Facial Exfoliator for Soft & Radiant Skin 150ml + 1 Dak Lak Coffee to Clean Dead Skin Cells from the Body 200ml,123288201,the COCOON ORIGINAL VIETNAM,2.00161E+11,Cocoon Vietnam,179000,305000,508,90,TRUE,5,Vietnam,https://www.lazada.vn/products/pdp-i3011255542.html
13350300698,Combo 1 Cocoon Winter Melon Jelly for Moisturizing and Preventing Acne 100ml + 1 Hau Giang Lotus Water 310ml,123288201,the COCOON ORIGINAL VIETNAM,2.00161E+11,Cocoon Vietnam,401000,677000,0,1,TRUE,5,Vietnam,https://www.lazada.vn/products/pdp-i13350300698.html
3255363456,Combo 2 Cocoon Soapwort Scalp Exfoliator 200ml,123288201,the COCOON ORIGINAL VIETNAM,2.00161E+11,Cocoon Vietnam,482000,,201,38,TRUE,5,Vietnam,https://www.lazada.vn/products/pdp-i3255363456.html
580130550,Combo tóc dài bóng mượt Cocoon,123288201,the COCOON ORIGINAL VIETNAM,2.00161E+11,Cocoon Vietnam,324000,,2600,470,TRUE,4.95,Vietnam,https://www.lazada.vn/products/pdp-i580130550.html
1249885723,Cocoon Hung Yen Cocoon Turmeric Mask Helps Skin Glow and Become Smooth 30ml,123288201,the COCOON ORIGINAL VIETNAM,2.00161E+11,Cocoon Vietnam,152000,,11600,1859,TRUE,4.96,Vietnam,https://www.lazada.vn/products/pdp-i1249885723.html
3199404237,Combo 2 Bigsize - Cocoon Rose Makeup Remover & Moisturizer 310ml,123288201,the COCOON ORIGINAL VIETNAM,2.00161E+11,Cocoon Vietnam,482000,,232,31,TRUE,5,Vietnam,https://www.lazada.vn/products/pdp-i3199404237.html
13381238501,Combo 1 Cocoon Squash Sunscreen Milk 50ml + 1 Hau Giang Lotus Nourishing Spray Essence 100ml,123288201,the COCOON ORIGINAL VIETNAM,2.00161E+11,Cocoon Vietnam,673000,,0,,TRUE,,Vietnam,https://www.lazada.vn/products/pdp-i13381238501.html
13381118607,Combo 1 Hau Giang Cocoon Lotus Spray Essence 100ml + 1 Hung Yen Turmeric Mask 30ml,123288201,the COCOON ORIGINAL VIETNAM,2.00161E+11,Cocoon Vietnam,393000,,0,0,TRUE,5,Vietnam,https://www.lazada.vn/products/pdp-i13381118607.html
3189960017,Refill Bag 200ml - Dak Lak Cocoon Coffee Body Exfoliator for Soft and Radiant Skin 200ml,123288201,the COCOON ORIGINAL VIETNAM,2.00161E+11,Cocoon Vietnam,118000,,20,3,TRUE,5,Vietnam,https://www.lazada.vn/products/pdp-i3189960017.html
3290898107,Combo 1 N7 Squash Essence 70ml + 1 Squash Facial Cleansing Gel 310ml,123288201,the COCOON ORIGINAL VIETNAM,2.00161E+11,Cocoon Vietnam,598000,,6,1,TRUE,5,Vietnam,https://www.lazada.vn/products/pdp-i3290898107.html
3255296611,Combo 2 Dak Lak Cocoon Coffee Facial Exfoliator for Soft & Radiant Skin 150ml,123288201,the COCOON ORIGINAL VIETNAM,2.00161E+11,Cocoon Vietnam,275000,344000,284,53,TRUE,5,Vietnam,https://www.lazada.vn/products/pdp-i3255296611.html
580120685,Cocoon Squash Mask Reduces Oil & Acne 30ml,123288201,the COCOON ORIGINAL VIETNAM,2.00161E+11,Cocoon Vietnam,152000,,5800,983,TRUE,4.97,Vietnam,https://www.lazada.vn/products/pdp-i580120685.html
580150186,Cocoon Squash Facial Cleansing Gel Reduces Oil & Acne 140ml,123288201,the COCOON ORIGINAL VIETNAM,2.00161E+11,Cocoon Vietnam,192000,,7400,1133,TRUE,4.96,Vietnam,https://www.lazada.vn/products/pdp-i580150186.html
3269124462,[Cocoon X Aaf][Random] Combo 2 an Giang Palm Sugar to Clean Dead Skin on the Body 200ml (Limited Edition - Helping Stray Dogs and Cats),123288201,the COCOON ORIGINAL VIETNAM,2.00161E+11,Cocoon Vietnam,324000,,11,6,TRUE,4.33,Vietnam,https://www.lazada.vn/products/pdp-i3269124462.html
1503607622,Combo làm sạch da chết và dưỡng ẩm cơ thể từ cà phê Đắk Lắk Cocoon,123288201,the COCOON ORIGINAL VIETNAM,2.00161E+11,Cocoon Vietnam,356000,,1200,206,TRUE,4.97,Vietnam,https://www.lazada.vn/products/pdp-i1503607622.html
3155872985,Combo of 2 an Giang Palm Sugar Scrubs Cocoon Body Exfoliator 200ml,123288201,the COCOON ORIGINAL VIETNAM,2.00161E+11,Cocoon Vietnam,324000,,82,21,TRUE,5,Vietnam,https://www.lazada.vn/products/pdp-i3155872985.html
13392944444,Combo 1 Winter Melon Shower Gel 500ml + 1 Jar of Sugar Palm Body Exfoliator 200ml,123288201,the COCOON ORIGINAL VIETNAM,2.00161E+11,Cocoon Vietnam,437000,,0,,TRUE,,Vietnam,https://www.lazada.vn/products/pdp-i13392944444.html
13330096365,Combo 1 Cocoon Squash Sunscreen Milk 50ml + 1 Bigsize Hau Giang Lotus Water 310ml,123288201,the COCOON ORIGINAL VIETNAM,2.00161E+11,Cocoon Vietnam,548000,731000,0,,TRUE,,Vietnam,https://www.lazada.vn/products/pdp-i13330096365.html
580140442,Dak Lak Cocoon Coffee Body Exfoliator for Soft and Radiant Skin 200ml,123288201,the COCOON ORIGINAL VIETNAM,2.00161E+11,Cocoon Vietnam,133000,,45300,7198,TRUE,4.97,Vietnam,https://www.lazada.vn/products/pdp-i580140442.html
1481304148,Combo Nước bí đao cân bằng da 140ml + Mặt nạ bí đao 30ml Cocoon,123288201,the COCOON ORIGINAL VIETNAM,2.00161E+11,Cocoon Vietnam,328000,,259,49,TRUE,4.96,Vietnam,https://www.lazada.vn/products/pdp-i1481304148.html
2845929084,Combo 2 Mặt Nạ Chăm Sóc Da (Nghệ Và Bí Đao) Cocoon 30ml,123288201,the COCOON ORIGINAL VIETNAM,2.00161E+11,Cocoon Vietnam,304000,,140,18,TRUE,5,Vietnam,https://www.lazada.vn/products/pdp-i2845929084.html
3017027419,Combo  Mặt nạ nghệ Hưng Yên Cocoon giúp da rạng rỡ & mịn màng 30ml + Nước tẩy trang bí đao Cocoon 140ml,123288201,the COCOON ORIGINAL VIETNAM,2.00161E+11,Cocoon Vietnam,294000,,7,2,TRUE,5,Vietnam,https://www.lazada.vn/products/pdp-i3017027419.html
2977871328,SPECIAL COMBO Túi Refill Cà phê Đắk Lắk làm sạch da chết cơ thể Cocoon cho làn da mềm mại & rạng rỡ 600ml + 200ml,123288201,the COCOON ORIGINAL VIETNAM,2.00161E+11,Cocoon Vietnam,472000,,130,30,TRUE,5,Vietnam,https://www.lazada.vn/products/pdp-i2977871328.html
3047459249,Cocoon Soapberry Scalp Lotion Reduces Dandruff and Cares for Sensitive Scalp 140ml,123288201,the COCOON ORIGINAL VIETNAM,2.00161E+11,Cocoon Vietnam,182000,,367,77,TRUE,4.99,Vietnam,https://www.lazada.vn/products/pdp-i3047459249.html
3306832267,Combo 1 Cocoon Grapefruit Hair Conditioner to Reduce Breakage and Soften Hair 200ml + 1 Cocoon Bodhi Scalp Exfoliator 200ml,123288201,the COCOON ORIGINAL VIETNAM,2.00161E+11,Cocoon Vietnam,453000,,8,1,TRUE,5,Vietnam,https://www.lazada.vn/products/pdp-i3306832267.html
3189931265,Combo 1 Jar of an Giang Cocoon Sugar Palm Exfoliating Body Scrub 200ml + 1 Refill Bag of Sugar Palm Exfoliating Scrub 200ml,123288201,the COCOON ORIGINAL VIETNAM,2.00161E+11,Cocoon Vietnam,149000,314000,652,115,TRUE,4.97,Vietnam,https://www.lazada.vn/products/pdp-i3189931265.html
3290894079,Combo 1 Hung Yen Cocoon Turmeric Mask 100ml + 1 Bigsize Hau Giang Lotus Water 310ml,123288201,the COCOON ORIGINAL VIETNAM,2.00161E+11,Cocoon Vietnam,638000,,5,,TRUE,,Vietnam,https://www.lazada.vn/products/pdp-i3290894079.html
3229787215,Combo 1 Dak Lak Cocoon Coffee Facial Scrub for Soft & Radiant Skin 150ml + 1 Cocoon Squash Mask to Reduce Oil & Acne 30ml,123288201,the COCOON ORIGINAL VIETNAM,2.00161E+11,Cocoon Vietnam,305000,,14,4,TRUE,5,Vietnam,https://www.lazada.vn/products/pdp-i3229787215.html
13392940518,Combo 1 Bag of Cocoon Dak Lak Coffee Refill Bag for Body Cleansing 600ml + Winter Melon Shower Gel 500ml,123288201,the COCOON ORIGINAL VIETNAM,2.00161E+11,Cocoon Vietnam,614000,,0,,TRUE,,Vietnam,https://www.lazada.vn/products/pdp-i13392940518.html
3229715560,Combo 1 Cocoon Hung Yen Turmeric Mask for Radiant & Smooth Skin 30ml + 1 Cocoon Dak Lak Coffee Body Exfoliator for Soft and Radiant Skin 200ml,123288201,the COCOON ORIGINAL VIETNAM,2.00161E+11,Cocoon Vietnam,266000,,75,14,TRUE,5,Vietnam,https://www.lazada.vn/products/pdp-i3229715560.html
3291422540,Combo 1 Dak Lak Cocoon Coffee Facial Exfoliator for Soft & Radiant Skin 150ml + 1 Hung Yen Turmeric Mask 30ml,123288201,the COCOON ORIGINAL VIETNAM,2.00161E+11,Cocoon Vietnam,324000,,380,40,TRUE,5,Vietnam,https://www.lazada.vn/products/pdp-i3291422540.html
3291431590,Combo 1 Dak Lak Cocoon Coffee Facial Exfoliator for Soft & Radiant Skin 150ml + 1 Bag of Dak Lak Coffee to Clean Dead Skin Cells on the Body 200ml,123288201,the COCOON ORIGINAL VIETNAM,2.00161E+11,Cocoon Vietnam,232000,290000,363,48,TRUE,5,Vietnam,https://www.lazada.vn/products/pdp-i3291431590.html
2300553704,Cocoon Rose Makeup Remover Cleans Makeup & Moisturizes 140ml,123288201,the COCOON ORIGINAL VIETNAM,2.00161E+11,Cocoon Vietnam,153000,,197,50,TRUE,4.84,Vietnam,https://www.lazada.vn/products/pdp-i2300553704.html
1047060514,SPECIAL COMBO tẩy da chết cà phê Đắk Lắk Cocoon - Tặng tẩy da chết môi cà phê Đắk Lắk 5g,123288201,the COCOON ORIGINAL VIETNAM,2.00161E+11,Cocoon Vietnam,305000,,5100,979,TRUE,4.94,Vietnam,https://www.lazada.vn/products/pdp-i1047060514.html
1657494997,Dak Lak Coffee Refill Bag Cocoon Body Exfoliating Bag for Soft & Radiant Skin 600ml,123288201,the COCOON ORIGINAL VIETNAM,2.00161E+11,Cocoon Vietnam,339000,,17100,2540,TRUE,4.97,Vietnam,https://www.lazada.vn/products/pdp-i1657494997.html
3290907050,Combo 1 Cocoon Grapefruit Essential Oil Hair Conditioner 140ml + 1 Jar of Dak Lak Coffee to Clean Dead Skin from the Body 200ml,123288201,the COCOON ORIGINAL VIETNAM,2.00161E+11,Cocoon Vietnam,295000,,0,,TRUE,,Vietnam,https://www.lazada.vn/products/pdp-i3290907050.html
3255336685,Combo 1 Cocoon Soapberry Scalp Exfoliator 200ml + 1 Grapefruit Shampoo to Reduce Hair Loss 310ml,123288201,the COCOON ORIGINAL VIETNAM,2.00161E+11,Cocoon Vietnam,502000,,29,1,TRUE,5,Vietnam,https://www.lazada.vn/products/pdp-i3255336685.html
2806427649,Bigsize - Cocoon Rose Makeup Remover Oil for Professional Makeup Removal & Moisturizing 310ml,123288201,the COCOON ORIGINAL VIETNAM,2.00161E+11,Cocoon Vietnam,339000,,396,81,TRUE,5,Vietnam,https://www.lazada.vn/products/pdp-i2806427649.html
3203891496,"Bigsize Sen Hau Giang Makeup Remover Cleans and Removes Ultra-Fine Dust Pm1.0, Contains Gentle Prebiotics for Very Sensitive Skin Cocoon 500ml",123288201,the COCOON ORIGINAL VIETNAM,2.00161E+11,Cocoon Vietnam,309000,,1200,168,TRUE,4.99,Vietnam,https://www.lazada.vn/products/pdp-i3203891496.html
580104925,"Combo of 2 Jars of Cocoon Dak Lak Coffee to Clean Dead Skin from the Body, 200Ml/Jar",123288201,the COCOON ORIGINAL VIETNAM,2.00161E+11,Cocoon Vietnam,169000,266000,9800,1705,TRUE,4.96,Vietnam,https://www.lazada.vn/products/pdp-i580104925.html
2300662131,Bigsize - Cocoon Rose Makeup Remover & Moisturizer 310ml,123288201,the COCOON ORIGINAL VIETNAM,2.00161E+11,Cocoon Vietnam,241000,,914,183,TRUE,4.99,Vietnam,https://www.lazada.vn/products/pdp-i2300662131.html
3065666997,Combo of 2 Refill Bags of Dak Lak Coffee Cocoon to Clean Dead Skin Cells on the Body for Soft & Radiant Skin 600ml,123288201,the COCOON ORIGINAL VIETNAM,2.00161E+11,Cocoon Vietnam,678000,,54,10,TRUE,5,Vietnam,https://www.lazada.vn/products/pdp-i3065666997.html
1317165492,Bigsize - Hung Yen Cocoon Turmeric Mask for Radiant & Smooth Skin 100ml,123288201,the COCOON ORIGINAL VIETNAM,2.00161E+11,Cocoon Vietnam,339000,,5600,924,TRUE,4.97,Vietnam,https://www.lazada.vn/products/pdp-i1317165492.html
2614467273,Trial Size - Cocoon Squash Makeup Remover Cleans Makeup & Reduces Oil 50ml,123288201,the COCOON ORIGINAL VIETNAM,2.00161E+11,Cocoon Vietnam,54000,,2700,605,TRUE,4.98,Vietnam,https://www.lazada.vn/products/pdp-i2614467273.html
13384561844,[Combo Buy 2 Get 3] Combo of 1 Jar of Dak Lak Cocoon Coffee Body Scrub 200ml + 1 Bag of Coffee Exfoliating Refill 200ml Get 1 Free Sugar Shower Gel 500ml,123288201,the COCOON ORIGINAL VIETNAM,2.00161E+11,Cocoon Vietnam,279000,448000,0,,TRUE,,Vietnam,https://www.lazada.vn/products/pdp-i13384561844.html
3189920260,Combo of 1 Jar of Dak Lak Cocoon Coffee Body Scrub for Soft and Radiant Skin 200ml + 1 Refill Bag of Coffee Exfoliating Scrub 200ml,123288201,the COCOON ORIGINAL VIETNAM,2.00161E+11,Cocoon Vietnam,251000,,926,157,TRUE,4.96,Vietnam,https://www.lazada.vn/products/pdp-i3189920260.html
1315542698,Cocoon Squash Makeup Remover Cleans Makeup & Reduces Oil 140ml,123288201,the COCOON ORIGINAL VIETNAM,2.00161E+11,Cocoon Vietnam,143000,,3500,440,TRUE,4.97,Vietnam,https://www.lazada.vn/products/pdp-i1315542698.html
13380069708,Combo 2 Bigsize Hung Yen Cocoon Turmeric Mask for Radiant & Smooth Skin 100ml,123288201,the COCOON ORIGINAL VIETNAM,2.00161E+11,Cocoon Vietnam,678000,,0,,TRUE,,Vietnam,https://www.lazada.vn/products/pdp-i13380069708.html
3306739990,Combo 1 Cocoon Squash Mask 100ml + 1 Bigsize Hau Giang Lotus Water 310ml,123288201,the COCOON ORIGINAL VIETNAM,2.00161E+11,Cocoon Vietnam,638000,,5,3,TRUE,5,Vietnam,https://www.lazada.vn/products/pdp-i3306739990.html
3203882654,"Sen Hau Giang Makeup Remover Cleans Pm1.0 Ultra-Fine Dust, Has Gentle Prebiotics for Very Sensitive Skin Cocoon 140ml",123288201,the COCOON ORIGINAL VIETNAM,2.00161E+11,Cocoon Vietnam,154000,,23,1,TRUE,5,Vietnam,https://www.lazada.vn/products/pdp-i3203882654.html
2809973695,Combo 1 Sunscreen Milk 50ml and Bigsize Winter Melon Makeup Remover 500ml,123288201,the COCOON ORIGINAL VIETNAM,2.00161E+11,Cocoon Vietnam,731000,,22,8,FALSE,5,Vietnam,https://www.lazada.vn/products/pdp-i2809973695.html
13398455651,Combo 1 Hau Giang Cocoon Lotus Spray Essence 100ml + 1 Bigsize Winter Melon Makeup Remover 500ml,123288201,the COCOON ORIGINAL VIETNAM,2.00161E+11,Cocoon Vietnam,540000,,0,,FALSE,,Long An,https://www.lazada.vn/products/pdp-i13398455651.html
13399652663,[Aff] Combo 2 - Bigsize Winter Melon Makeup Remover 500ml to Remove Makeup & Reduce Oil 500ml,123288201,the COCOON ORIGINAL VIETNAM,2.00161E+11,Cocoon Vietnam,598000,,0,,FALSE,,Long An,https://www.lazada.vn/products/pdp-i13399652663.html
13399618746,Combo 1 - Bigsize Winter Melon Makeup Remover 500ml + Bigsize Lotus Facial Cleanser 310ml,123288201,the COCOON ORIGINAL VIETNAM,2.00161E+11,Cocoon Vietnam,638000,,0,,FALSE,,Long An,https://www.lazada.vn/products/pdp-i13399618746.html
13398435659,Combo 1 - Bigsize Winter Melon Makeup Remover 500ml + Bigsize Hung Yen Turmeric Facial Cleanser 310ml,123288201,the COCOON ORIGINAL VIETNAM,2.00161E+11,Cocoon Vietnam,598000,,0,,FALSE,,Long An,https://www.lazada.vn/products/pdp-i13398435659.html
13399870117,Combo 1 Cucumber Essence (Serum) 7% Cocoon 30ml +1 Bigsize Cucumber Makeup Remover 500ml,123288201,the COCOON ORIGINAL VIETNAM,2.00161E+11,Cocoon Vietnam,494000,,0,,FALSE,,Long An,https://www.lazada.vn/products/pdp-i13399870117.html
13399720574,Combo 1 Hung Yen C10 Turmeric Essence - 10% Vitamin C 30ml + 1 Bigsize Cocoon Winter Melon Makeup Remover 500ml,123288201,the COCOON ORIGINAL VIETNAM,2.00161E+11,Cocoon Vietnam,619000,,0,,FALSE,,Long An,https://www.lazada.vn/products/pdp-i13399720574.html
13398707006,Combo 1 Cocoon Squash Mask 100ml + 1 Bigsize Squash Makeup Remover 500ml,123288201,the COCOON ORIGINAL VIETNAM,2.00161E+11,Cocoon Vietnam,638000,,0,,FALSE,,Long An,https://www.lazada.vn/products/pdp-i13398707006.html
13398369852,Combo 1 Hung Yen Cocoon Turmeric Mask 100ml + 1 Bigsize Winter Melon Makeup Remover 500ml,123288201,the COCOON ORIGINAL VIETNAM,2.00161E+11,Cocoon Vietnam,638000,,0,,FALSE,,Long An,https://www.lazada.vn/products/pdp-i13398369852.html
1132886986,Cocoon Eucalyptus & Mint Shower Gel for Cleansing and Relaxation 500ml,123288201,the COCOON ORIGINAL VIETNAM,2.00161E+11,Cocoon Vietnam,241000,,5900,955,FALSE,4.91,Long An,https://www.lazada.vn/products/pdp-i1132886986.html
3291401805,Combo 1 N7 Winter Melon Essence 70ml + 1 Bigsize Cocoon Winter Melon Makeup Remover 500ml,123288201,the COCOON ORIGINAL VIETNAM,2.00161E+11,Cocoon Vietnam,598000,,16,1,FALSE,5,Vietnam,https://www.lazada.vn/products/pdp-i3291401805.html
1597511508,Hung Yen Cocoon Turmeric Mineral Spray Helps Brighten Skin and Prevent Oxidation Cocoon 130ml,123288201,the COCOON ORIGINAL VIETNAM,2.00161E+11,Cocoon Vietnam,212000,,3700,542,FALSE,4.94,Long An,https://www.lazada.vn/products/pdp-i1597511508.html
2183564703,SPECIAL COMBO Bigsize - Nước tẩy trang bí đao 500ml + Gel bí đao rửa mặt 310ml tặng Kem chống nắng bí đao Cocoon 50ml,123288201,the COCOON ORIGINAL VIETNAM,2.00161E+11,Cocoon Vietnam,598000,,417,88,FALSE,4.95,Vietnam,https://www.lazada.vn/products/pdp-i2183564703.html
3291374754,Combo 1 Bigsize Lotus Makeup Remover 500ml + 1 Bigsize Cocoon Pumpkin Makeup Remover 500ml,123288201,the COCOON ORIGINAL VIETNAM,2.00161E+11,Cocoon Vietnam,608000,,17,7,FALSE,4.71,Vietnam,https://www.lazada.vn/products/pdp-i3291374754.html
3199402351,Combo 2 Cocoon Hung Yen Turmeric Mineral Spray Helps Brighten Skin and Prevent Oxidation Cocoon 130ml,123288201,the COCOON ORIGINAL VIETNAM,2.00161E+11,Cocoon Vietnam,424000,,64,11,FALSE,4.91,Long An,https://www.lazada.vn/products/pdp-i3199402351.html
3255371152,Combo 2 Cocoon Eucalyptus & Mint Shower Gel for Cleansing and Relaxation 500ml,123288201,the COCOON ORIGINAL VIETNAM,2.00161E+11,Cocoon Vietnam,482000,,76,19,FALSE,4.95,Long An,https://www.lazada.vn/products/pdp-i3255371152.html
1832678540,Sa-Chi Cocoon Hair Conditioner Moisturizes and Restores Damaged Hair 140ml,123288201,the COCOON ORIGINAL VIETNAM,2.00161E+11,Cocoon Vietnam,143000,,1300,158,FALSE,4.96,Long An,https://www.lazada.vn/products/pdp-i1832678540.html
2809905872,Combo 1 Winter Melon Sunscreen 50ml and Bigsize Cocoon Winter Melon Makeup Remover 500ml,123288201,the COCOON ORIGINAL VIETNAM,2.00161E+11,Cocoon Vietnam,515000,687000,0,,FALSE,,Vietnam,https://www.lazada.vn/products/pdp-i2809905872.html
1937350838,Trial Tinh chất nghệ Hưng Yên x2.2 - 22% Vitamin C Cocoon 5ml,123288201,the COCOON ORIGINAL VIETNAM,2.00161E+11,Cocoon Vietnam,94000,,3000,406,FALSE,4.98,Long An,https://www.lazada.vn/products/pdp-i1937350838.html
1847599810,Combo phục hồi tóc hư tổn từ dầu Sa-chi Cocoon,123288201,the COCOON ORIGINAL VIETNAM,2.00161E+11,Cocoon Vietnam,289000,,662,113,FALSE,4.93,Long An,https://www.lazada.vn/products/pdp-i1847599810.html
2444102590,"Trial Size Winter Melon Sunscreen - Naturally Smooth and Smooth Spf 50+, Uva – Pf 62.6 Cocoon 5ml",123288201,the COCOON ORIGINAL VIETNAM,2.00161E+11,Cocoon Vietnam,69000,,199,40,FALSE,5,Long An,https://www.lazada.vn/products/pdp-i2444102590.html
656858457,Cocoon Rose Makeup Remover Oil Professionally Removes Makeup & Moisturizes 140ml,123288201,the COCOON ORIGINAL VIETNAM,2.00161E+11,Cocoon Vietnam,177000,,4800,740,FALSE,4.95,Long An,https://www.lazada.vn/products/pdp-i656858457.html
3255384318,Combo 2 Sa-Chi Cocoon Hair Conditioner to Moisturize & Restore Damaged Hair 140ml,123288201,the COCOON ORIGINAL VIETNAM,2.00161E+11,Cocoon Vietnam,286000,,8,3,FALSE,5,Long An,https://www.lazada.vn/products/pdp-i3255384318.html
13346417949,Combo 2 Cocoon Rose Makeup Remover Oil 140ml,123288201,the COCOON ORIGINAL VIETNAM,2.00161E+11,Cocoon Vietnam,354000,,28,4,FALSE,5,Long An,https://www.lazada.vn/products/pdp-i13346417949.html
3306881106,Combo 1 Cocoon Rose Makeup Remover Oil 140ml + Cocoon Dak Lak Coffee Facial Exfoliator 150ml,123288201,the COCOON ORIGINAL VIETNAM,2.00161E+11,Cocoon Vietnam,349000,,6,,FALSE,,Long An,https://www.lazada.vn/products/pdp-i3306881106.html
1946767195,[QUÀ TẶNG KHÔNG BÁN] Gel rửa mặt tạo bọt cho da nhạy cảm Bioderma Sensibio Gel Moussant - 8ml,6535,BIODERMA,2.00158E+11,Bioderma,1000000,,18500,2260,TRUE,4.96,Vietnam,https://www.lazada.vn/products/pdp-i1946767195.html
2602985335,[QUÀ TẶNG KHÔNG BÁN] Khăn mặt cao cấp Bioderma Sébium Gel moussant actif,6535,BIODERMA,2.00158E+11,Bioderma,120000,,204,50,TRUE,5,Vietnam,https://www.lazada.vn/products/pdp-i2602985335.html
2343321837,[QUÀ TẶNG KHÔNG BÁN] Túi Tote Vải Bioderma Empowher,6535,BIODERMA,2.00158E+11,Bioderma,300000,,235,45,TRUE,4.98,Vietnam,https://www.lazada.vn/products/pdp-i2343321837.html
2729124364,[QUÀ TẶNG KHÔNG BÁN] Túi đựng mỹ phẩm Bioderma Sebium Pouch,6535,BIODERMA,2.00158E+11,Bioderma,250000,,60,11,TRUE,5,Vietnam,https://www.lazada.vn/products/pdp-i2729124364.html
2729158159,[QUÀ TẶNG KHÔNG BÁN] Túi đựng mỹ phẩm dạng hộp Bioderma Sensibio H2O Vanity Case,6535,BIODERMA,2.00158E+11,Bioderma,250000,,166,36,TRUE,5,Vietnam,https://www.lazada.vn/products/pdp-i2729158159.html
3010941360,[QUÀ TẶNG KHÔNG BÁN] Túi đựng mỹ phẩm du lịch BIODERMA TRAVEL POUCH (Phiên bản 2025),6535,BIODERMA,2.00158E+11,Bioderma,300000,,123,20,TRUE,5,Vietnam,https://www.lazada.vn/products/pdp-i3010941360.html
2994582835,Túi đựng mỹ phẩm Travel Pouch Hồng (Họa Tiết Bioderma),6535,BIODERMA,2.00158E+11,Bioderma,250000,,194,33,TRUE,5,Vietnam,https://www.lazada.vn/products/pdp-i2994582835.html
580480629,Relief dry skin care gel with Bioderma atoderm intense gel mousant-200ml,6535,BIODERMA,2.00158E+11,Bioderma,475000,,275,43,TRUE,4.74,Vietnam,https://www.lazada.vn/products/pdp-i580480629.html
1832987220,[QUÀ TẶNG KHÔNG BÁN] Túi đựng đồ trang điểm Bioderma Sensibio Makeup Pouch 2022,6535,BIODERMA,2.00158E+11,Bioderma,1000000,,280,30,TRUE,4.97,Vietnam,https://www.lazada.vn/products/pdp-i1832987220.html
3173632851,[Gift Not for Sale] Bioderma Canvas Tote Bag with Pickleball Racket Compartment,6535,BIODERMA,2.00158E+11,Bioderma,300000,,528,81,TRUE,4.95,Vietnam,https://www.lazada.vn/products/pdp-i3173632851.html
1994771526,[QUÀ TẶNG KHÔNG BÁN] Gel rửa mặt tạo bọt cho da hỗn hợp và da dầu Bioderma Sebium Gel Moussant - 8ml,6535,BIODERMA,2.00158E+11,Bioderma,1000000,,15800,2393,TRUE,4.96,Vietnam,https://www.lazada.vn/products/pdp-i1994771526.html
863992627,Bioderma atoderm stick Levres-4G lipstick bikini dry cracked and damaged lip balm,6535,BIODERMA,2.00158E+11,Bioderma,149500,165000,8000,1357,TRUE,4.9,Vietnam,https://www.lazada.vn/products/pdp-i863992627.html
2151480528,Bioderma Sebium Gel Moussant Foaming Facial Cleansing Gel for Combination and Oily Skin - 400ml,6535,BIODERMA,2.00158E+11,Bioderma,475000,540000,3400,741,TRUE,4.96,Vietnam,https://www.lazada.vn/products/pdp-i2151480528.html
13341251285,[Gift Not for Sale] Bioderma Premium Makeup Remover Cotton Pads 50 Pieces (2026 Version),6535,BIODERMA,2.00158E+11,Bioderma,50000,,819,122,TRUE,4.93,Vietnam,https://www.lazada.vn/products/pdp-i13341251285.html
580494405,New Generation 3-Impact Eye Gel Bioderma Sensibio Eye+ 15ml,6535,BIODERMA,2.00158E+11,Bioderma,377500,415000,1300,248,TRUE,4.9,Vietnam,https://www.lazada.vn/products/pdp-i580494405.html
1364680449,Bioderma Sensibo H2O 500ml Micellar Makeup Remover and Cleanser Set for Sensitive Skin and 45ml Foaming Facial Cleanser,6535,BIODERMA,2.00158E+11,Bioderma,477000,735000,840,95,TRUE,4.86,Vietnam,https://www.lazada.vn/products/pdp-i1364680449.html
579832468,Micellar Cleansing and Makeup Remover Solution for Normal and Sensitive Skin Bioderma Sensibio H2O - 500ml,6535,BIODERMA,2.00158E+11,Bioderma,485000,560000,69000,9920,TRUE,4.91,Vietnam,https://www.lazada.vn/products/pdp-i579832468.html
2569158209,Deep Cleansing and anti acne Bioderma sonebium gel mousant activator-200ml,6535,BIODERMA,2.00158E+11,Bioderma,377500,415000,443,108,TRUE,4.91,Vietnam,https://www.lazada.vn/products/pdp-i2569158209.html
13341241305,[Gift Not for Sale] Bioderma High-Quality Striped Canvas Tote Bag (2026 Version),6535,BIODERMA,2.00158E+11,Bioderma,300000,,0,,TRUE,,Vietnam,https://www.lazada.vn/products/pdp-i13341241305.html
3047989170,Micellar Cleansing and Makeup Remover Solution for Combination and Oily Skin Bioderma Sébium H2O - 500ml (with Press Cap),6535,BIODERMA,2.00158E+11,Bioderma,519000,595000,204,31,TRUE,4.9,Vietnam,https://www.lazada.vn/products/pdp-i3047989170.html
1538384032,[QUÀ TẶNG KHÔNG BÁN] Bông tẩy trang cao cấp Bioderma 50 miếng,6535,BIODERMA,2.00158E+11,Bioderma,1000000,,37900,5868,TRUE,4.97,Vietnam,https://www.lazada.vn/products/pdp-i1538384032.html
2200268232,"[Giveaway Not for Sale] Bioderma Atoderm Huile De  8ml Cleansing, Soothing and Moisturizing Shower Oil for Dry and Sensitive Skin",6535,BIODERMA,2.00158E+11,Bioderma,1000000,,2200,382,TRUE,4.95,Vietnam,https://www.lazada.vn/products/pdp-i2200268232.html
2820708328,"Bioderma Cicabio Crème+ Spf50+ 40ml Restores Damaged Skin, Prevents Scars and Limits Hyperpigmentation.",6535,BIODERMA,2.00158E+11,Bioderma,485000,,59,12,TRUE,5,Vietnam,https://www.lazada.vn/products/pdp-i2820708328.html
2809005022,"[Expiration Date 05/2026] Atoderm Huile De  Shower Oil Helps Cleanse, Soothe and Moisturize Dry, Sensitive Skin 100ml",6535,BIODERMA,2.00158E+11,Bioderma,226500,250000,96,19,TRUE,5,Vietnam,https://www.lazada.vn/products/pdp-i2809005022.html
777872475,Bioderma Sensibio Gel Moussant Foaming Facial Cleanser for Sensitive Skin - 200ml,6535,BIODERMA,2.00158E+11,Bioderma,396000,450000,3400,604,TRUE,4.96,Vietnam,https://www.lazada.vn/products/pdp-i777872475.html
579842355,"Micellar Cleansing and Makeup Remover Solution for Combination Skin, Oily Skin and Acne-Prone Skin Bioderma Sebium H2O - 500ml",6535,BIODERMA,2.00158E+11,Bioderma,485000,560000,34900,5829,TRUE,4.88,Vietnam,https://www.lazada.vn/products/pdp-i579842355.html
1783302548,"Shower Oil Helps Cleanse, Soothe and Moisturize Dry, Sensitive Skin Atoderm Huile De  1L",6535,BIODERMA,2.00158E+11,Bioderma,535000,595000,2700,490,TRUE,4.89,Vietnam,https://www.lazada.vn/products/pdp-i1783302548.html
2701872561,[Expiration Date 08/2026] Bioderma Sensibio Micellar Cleansing Oil - 150ml,6535,BIODERMA,2.00158E+11,Bioderma,513500,565000,212,45,TRUE,5,Vietnam,https://www.lazada.vn/products/pdp-i2701872561.html
2658540813,Bioderma Sebium H2O Makeup Remover and Cleansing Set for Oily and Acne-Prone Skin 500ml and Facial Cleansing Gel 500ml,6535,BIODERMA,2.00158E+11,Bioderma,969500,1100000,157,40,TRUE,4.9,Vietnam,https://www.lazada.vn/products/pdp-i2658540813.html
2819405875,"Bioderma Cicabio Crème+ 40ml, a Cream That Restores Damaged Skin and Prevents Scars.",6535,BIODERMA,2.00158E+11,Bioderma,395000,,156,24,TRUE,4.79,Vietnam,https://www.lazada.vn/products/pdp-i2819405875.html
2609047493,[QUÀ TẶNG KHÔNG BÁN] Gel rửa mặt làm sạch sâu và giảm mụn Bioderma Sébium Gel moussant actif - 8ml,6535,BIODERMA,2.00158E+11,Bioderma,50000,,4200,683,TRUE,4.96,Vietnam,https://www.lazada.vn/products/pdp-i2609047493.html
580608417,Bioderma photoderm AKN mat SPF30 - 40ml blended facial oil and pimple skin whitening cream,6535,BIODERMA,2.00158E+11,Bioderma,334500,515000,1800,379,TRUE,4.91,Vietnam,https://www.lazada.vn/products/pdp-i580608417.html
2061165876,Bioderma atoderm crème ultra-200ml Bioderma anti-dry skin moisturizer,6535,BIODERMA,2.00158E+11,Bioderma,326500,360000,1300,243,TRUE,4.92,Vietnam,https://www.lazada.vn/products/pdp-i2061165876.html
1807831693,Moisturizing and Soothing Cream for Sensitive Skin Bioderma Sensibio Defensive 40ml,6535,BIODERMA,2.00158E+11,Bioderma,423500,465000,1300,230,TRUE,4.91,Vietnam,https://www.lazada.vn/products/pdp-i1807831693.html
2569040825,Bioderma Sébium Gel Moussant Actif Deep Cleansing and Acne-Reducing Facial Gel - 45ml 207,6535,BIODERMA,2.00158E+11,Bioderma,110000,165000,393,75,TRUE,4.95,Vietnam,https://www.lazada.vn/products/pdp-i2569040825.html
2325786082,[Giveaway Not for Sale] Bioderma Cotton Pouch 2023 Makeup Remover Cotton Bag,6535,BIODERMA,2.00158E+11,Bioderma,100000,,2100,343,TRUE,5,Vietnam,https://www.lazada.vn/products/pdp-i2325786082.html
3153799950,[Gift Not for Sale] Bioderma Sebium Pore Refiner Oil-Control and Pore-Minimizing Cream - 5ml,6535,BIODERMA,2.00158E+11,Bioderma,50000,,3000,440,TRUE,4.94,Vietnam,https://www.lazada.vn/products/pdp-i3153799950.html
2263443434,[QUÀ TẶNG KHÔNG BÁN] Kem dưỡng hỗ trợ giảm mụn chuyên sâu cho da mụn nhẹ đến trung bình Bioderma Sébium Kerato+ 5ml,6535,BIODERMA,2.00158E+11,Bioderma,1000000,,7300,1236,TRUE,4.97,Vietnam,https://www.lazada.vn/products/pdp-i2263443434.html
580492392,Bioderma atoderm intense Baume - 75ml very dry skin deep moisturizing cream,6535,BIODERMA,2.00158E+11,Bioderma,305000,,951,175,TRUE,4.93,Vietnam,https://www.lazada.vn/products/pdp-i580492392.html
1807701297,75ml atoderm intense gelatin and soothing gel cream for very dry skin,6535,BIODERMA,2.00158E+11,Bioderma,305000,,612,103,TRUE,4.94,Vietnam,https://www.lazada.vn/products/pdp-i1807701297.html
2492164547,Micellar Makeup Remover Duo for Acne-Prone Scalp Bioderma Sebium H2O - 500Mlx2,6535,BIODERMA,2.00158E+11,Bioderma,965000,1120000,403,73,TRUE,4.95,Vietnam,https://www.lazada.vn/products/pdp-i2492164547.html
1469405688,Memory foam facial cleansing gel mixed skin and oily skin Bioderma sebium gel mousant-200ml (tube),6535,BIODERMA,2.00158E+11,Bioderma,308500,340000,3400,584,TRUE,4.92,Vietnam,https://www.lazada.vn/products/pdp-i1469405688.html
2937128510,[Giveaway Not for Sale] Intensive Moisturizer for Very Dry Skin and Atopic Dermatitis Bioderma Atoderm Intensive Baume - 8ml,6535,BIODERMA,2.00158E+11,Bioderma,100000,,800,156,TRUE,4.92,Vietnam,https://www.lazada.vn/products/pdp-i2937128510.html
1364621824,Bioderma Sebium H2O Micellar Makeup Remover and Cleansing Set for Oily and Acne-Prone Skin 500ml and Foaming Facial Cleansing Gel 45ml,6535,BIODERMA,2.00158E+11,Bioderma,492000,735000,470,74,TRUE,4.68,Vietnam,https://www.lazada.vn/products/pdp-i1364621824.html
2398507860,[Expiration Date 04/2026] Anti-Aging Essence for Sensitive Skin Bioderma Sensibio Defensive Serum 30ml,6535,BIODERMA,2.00158E+11,Bioderma,532000,795000,295,63,TRUE,4.95,Vietnam,https://www.lazada.vn/products/pdp-i2398507860.html
2154392306,Bioderma Sébium Kerato+ Intensive Acne-Reducing Cream for Mild to Moderate Acne-Prone Skin 30ml,6535,BIODERMA,2.00158E+11,Bioderma,423500,465000,684,149,TRUE,4.94,Vietnam,https://www.lazada.vn/products/pdp-i2154392306.html
580496343,Bioderma Sebium Lotion - 200ml,6535,BIODERMA,2.00158E+11,Bioderma,458500,505000,1500,221,TRUE,4.92,Vietnam,https://www.lazada.vn/products/pdp-i580496343.html
3153573709,[QUÀ TẶNG KHÔNG BÁN] Bộ sản phẩm trải nghiệm Bioderma Sebium Serum cải thiện toàn diện da dầu mụn,6535,BIODERMA,2.00158E+11,Bioderma,150000,,6,3,TRUE,5,Vietnam,https://www.lazada.vn/products/pdp-i3153573709.html
1863857627,Micellar Makeup Remover and Cleansing Set for Sensitive Skin Bioderma Sensibo H2O 500ml and Foaming Facial Cleansing Gel 200ml,6535,BIODERMA,2.00158E+11,Bioderma,873500,1010000,542,91,TRUE,4.88,Vietnam,https://www.lazada.vn/products/pdp-i1863857627.html
2497885907,[QUÀ TẶNG KHÔNG BÁN] Kem chống nắng giảm bóng nhờn cho mọi loại da Photoderm Aquafluide SPF 50+ - 5ml [Không màu],6535,BIODERMA,2.00158E+11,Bioderma,100000,,3200,688,TRUE,4.96,Vietnam,https://www.lazada.vn/products/pdp-i2497885907.html
2936999979,[QUÀ TẶNG KHÔNG BÁN] Dụng cụ rửa mặt và massage mặt Bioderma Face Cleansing Brush - 2024,6535,BIODERMA,2.00158E+11,Bioderma,200000,,112,27,TRUE,5,Vietnam,https://www.lazada.vn/products/pdp-i2936999979.html
580472757,Bioderma Sebium Pore Refiner Pore Tightening Cream for Combination and Oily Skin - 30ml,6535,BIODERMA,2.00158E+11,Bioderma,383000,475000,12200,2189,TRUE,4.92,Vietnam,https://www.lazada.vn/products/pdp-i580472757.html
2496288330,[Giveaway Not for Sale] Bioderma Cicabio Crème+ - 5ml Soothing and Fast-Recovering Cream for Damaged Skin,6535,BIODERMA,2.00158E+11,Bioderma,1000000,,1400,246,TRUE,4.98,Vietnam,https://www.lazada.vn/products/pdp-i2496288330.html
580484576,Bioderma Cicabio Crème+ 40ml Skin Damage Recovery Cream and Scar Prevention Cream,6535,BIODERMA,2.00158E+11,Bioderma,395000,,11600,2081,TRUE,4.91,Vietnam,https://www.lazada.vn/products/pdp-i580484576.html
2398533715,[QUÀ TẶNG KHÔNG BÁN] Tinh chất ngăn ngừa lão hóa cho da nhạy cảm Bioderma Sensibio Defensive Serum - 4ml,6535,BIODERMA,2.00158E+11,Bioderma,1000000,,9100,1438,TRUE,4.96,Vietnam,https://www.lazada.vn/products/pdp-i2398533715.html
1946681780,[Giveaway Not for Sale] Bioderma Sebium Sensitive Anti-Acne Cream - 5 ml,6535,BIODERMA,2.00158E+11,Bioderma,1000000,,1200,190,TRUE,4.97,Vietnam,https://www.lazada.vn/products/pdp-i1946681780.html
2402509212,Micellar Makeup Remover Duo for Sensitive Skin Bioderma Sensibio H2O - 500Mlx2,6535,BIODERMA,2.00158E+11,Bioderma,965000,1120000,1400,230,TRUE,4.93,Vietnam,https://www.lazada.vn/products/pdp-i2402509212.html
13358073284,[Giveaway Not for Sale] Bioderma Sebium Gel Moussant Foaming Facial Cleansing Gel for Combination and Oily Skin - 5ml,6535,BIODERMA,2.00158E+11,Bioderma,50000,,0,,TRUE,,Vietnam,https://www.lazada.vn/products/pdp-i13358073284.html
3135003070,"Bioderma Sébium Serum, Brightening Essence, Smooths and Reduces Dark Spots, Comprehensively Improves Oily and Acne-Prone Skin - 30ml",6535,BIODERMA,2.00158E+11,Bioderma,691500,760000,109,22,TRUE,4.82,Vietnam,https://www.lazada.vn/products/pdp-i3135003070.html
1332261684,"Bioderma Sensibio H2O Micellar Cleansing Makeup Remover Duo for Sensitive Skin 500ml and Balancing, Moisturizing Solution 250ml",6535,BIODERMA,2.00158E+11,Bioderma,889500,1025000,882,144,TRUE,4.91,Vietnam,https://www.lazada.vn/products/pdp-i1332261684.html
1946700429,"[QUÀ TẶNG KHÔNG BÁN] Kem dưỡng ẩm và làm dịu da, dành cho da nhạy cảm Bioderma Sensibio Defensive - 5ml",6535,BIODERMA,2.00158E+11,Bioderma,1000000,,11100,1600,TRUE,4.96,Vietnam,https://www.lazada.vn/products/pdp-i1946700429.html
1332162854,Micellar Cleansing Duo for Combination and Oily Skin Bioderma Sebium H2O 500ml and Pore Refiner 30ml,6535,BIODERMA,2.00158E+11,Bioderma,846000,995000,384,70,TRUE,4.91,Vietnam,https://www.lazada.vn/products/pdp-i1332162854.html
2729057726,[QUÀ TẶNG KHÔNG BÁN] Mút trang điểm Bioderma Sensibio H2O Beauty Blender,6535,BIODERMA,2.00158E+11,Bioderma,150000,,1100,227,TRUE,4.96,Vietnam,https://www.lazada.vn/products/pdp-i2729057726.html
579860031,Micellar Cleansing and Makeup Remover Solution for Combination and Oily Skin Bioderma Sebium H2O - 250ml,6535,BIODERMA,2.00158E+11,Bioderma,405000,445000,1600,282,TRUE,4.77,Vietnam,https://www.lazada.vn/products/pdp-i579860031.html
3153582772,"[QUÀ TẶNG KHÔNG BÁN] Tinh chất sáng mịn, mờ thâm Bioderma Sébium Serum cải thiện toàn diện da dầu mụn - 4ml",6535,BIODERMA,2.00158E+11,Bioderma,50000,,152,20,TRUE,5,Vietnam,https://www.lazada.vn/products/pdp-i3153582772.html
2732218522,"[QUÀ TẶNG KHÔNG BÁN] Dung dịch cân bằng, dưỡng ẩm và làm dịu cho da nhạy cảm Bioderma Sensibio Tonique - 5ml",6535,BIODERMA,2.00158E+11,Bioderma,100000,,1600,268,TRUE,4.96,Vietnam,https://www.lazada.vn/products/pdp-i2732218522.html
2497849951,"[QUÀ TẶNG KHÔNG BÁN] Kem chống nắng dành cho da hỗn hợp, da dầu và da mụn Bioderma Photoderm AKN Mat SPF30 - 5ml",6535,BIODERMA,2.00158E+11,Bioderma,100000,,1300,305,TRUE,4.96,Vietnam,https://www.lazada.vn/products/pdp-i2497849951.html
2263420848,[Giveaway Not for Sale] Atoderm Intensive Gel-Crème Moisturizing and Soothing Gel for Very Dry Skin to Atopic Dermatitis 8ml,6535,BIODERMA,2.00158E+11,Bioderma,1000000,,2500,445,TRUE,4.93,Vietnam,https://www.lazada.vn/products/pdp-i2263420848.html
900504064,Foaming Facial Cleansing Gel for Sensitive Skin Bioderma Sensibio Gel Moussant - 45ml,6535,BIODERMA,2.00158E+11,Bioderma,158500,175000,8500,1642,TRUE,4.97,Vietnam,https://www.lazada.vn/products/pdp-i900504064.html
579852214,"Bioderma Sebium Sensitive Anti-Acne Cream for Sensitive, Inflamed Acne-Prone Skin - 30 ml",6535,BIODERMA,2.00158E+11,Bioderma,396000,450000,3500,654,TRUE,4.9,Vietnam,https://www.lazada.vn/products/pdp-i579852214.html
580480624,Bioderma Sensibio Tonique Moisturizing and Soothing Solution for Sensitive Skin - 250ml,6535,BIODERMA,2.00158E+11,Bioderma,409000,465000,5400,985,TRUE,4.9,Vietnam,https://www.lazada.vn/products/pdp-i580480624.html
2253885091,[QUÀ TẶNG KHÔNG BÁN] Bộ chiết mỹ phẩm size du lịch tiện lợi Bioderma Travel Kit 2023,6535,BIODERMA,2.00158E+11,Bioderma,200000,,88,8,TRUE,5,Vietnam,https://www.lazada.vn/products/pdp-i2253885091.html
580476698,Gommant - 100ml Bioderma sebium gel blended skin moisturizing exfoliant gel,6535,BIODERMA,2.00158E+11,Bioderma,408500,450000,2300,402,TRUE,4.7,Vietnam,https://www.lazada.vn/products/pdp-i580476698.html
2127199879,Intensive Moisturizer for Very Dry Skin and Atopic Dermatitis Bioderma Atoderm Intensive Baume - 500ml,6535,BIODERMA,2.00158E+11,Bioderma,765000,,587,117,TRUE,4.89,Vietnam,https://www.lazada.vn/products/pdp-i2127199879.html
580478689,Bioderma Sebium Gel Moussant Foaming Facial Cleanser for Combination and Oily Skin - 100ml,6535,BIODERMA,2.00158E+11,Bioderma,160000,240000,1500,300,TRUE,4.88,Vietnam,https://www.lazada.vn/products/pdp-i580478689.html
580480631,Bioderma Sebium Gel Moussant Foaming Facial Cleanser for Combination and Oily Skin - 45ml,6535,BIODERMA,2.00158E+11,Bioderma,158500,175000,7200,1541,TRUE,4.96,Vietnam,https://www.lazada.vn/products/pdp-i580480631.html
1807767691,500ml Bioderma atoderm intense gellak-crème gel moisturizer and soothing gel cream,6535,BIODERMA,2.00158E+11,Bioderma,765000,,740,120,TRUE,4.91,Vietnam,https://www.lazada.vn/products/pdp-i1807767691.html
3172708018,"Bioderma Broad Spectrum Sunscreen Milk, Smooth and Comprehensive Skin Protection Photoderm Xdefense Ultra-Fluid Spf50+ 40ml (Colorless)",6535,BIODERMA,2.00158E+11,Bioderma,366000,555000,203,33,TRUE,5,Vietnam,https://www.lazada.vn/products/pdp-i3172708018.html
579814841,Bioderma Sebium Hydra Moisturizer Reduces Dryness and Peeling for Acne-Prone Skin - 40ml,6535,BIODERMA,2.00158E+11,Bioderma,450000,,1800,258,TRUE,4.95,Vietnam,https://www.lazada.vn/products/pdp-i579814841.html
579846321,Micellar Cleansing and Makeup Remover Solution for Normal and Sensitive Skin Bioderma Sensibio H2O - 250ml,6535,BIODERMA,2.00158E+11,Bioderma,289000,445000,2000,309,TRUE,4.72,Vietnam,https://www.lazada.vn/products/pdp-i579846321.html
2955198488,New Generation 2-Layer Micellar Eye and Lip Makeup Remover: Clean & Soft Moisture Bioderma Sensibio H2O Eye - 125ml,6535,BIODERMA,2.00158E+11,Bioderma,226500,340000,75,16,TRUE,5,Vietnam,https://www.lazada.vn/products/pdp-i2955198488.html
2895303915,[QUÀ TẶNG KHÔNG BÁN] Dung dịch làm sạch và tẩy trang công nghệ Micellar Bioderma Sebium H2O - 10ml,6535,BIODERMA,2.00158E+11,Bioderma,200000,,773,131,TRUE,4.93,Vietnam,https://www.lazada.vn/products/pdp-i2895303915.html
579838361,Micellar Cleansing and Makeup Remover Solution for Combination and Oily Skin Bioderma Sebium H2O - 100ml,6535,BIODERMA,2.00158E+11,Bioderma,222500,245000,2400,558,TRUE,4.88,Vietnam,https://www.lazada.vn/products/pdp-i579838361.html
579832471,Micellar Cleansing and Makeup Remover Solution for Normal and Sensitive Skin Bioderma Sensibio H2O - 100ml,6535,BIODERMA,2.00158E+11,Bioderma,216000,245000,5300,810,TRUE,4.93,Vietnam,https://www.lazada.vn/products/pdp-i579832471.html
2669030269,[QUÀ TẶNG KHÔNG BÁN] Dung dịch làm sạch và tẩy trang Micellar cho da nhạy cảm Bioderma Sensibio H2O - 5ml,6535,BIODERMA,2.00158E+11,Bioderma,100000,,1500,409,TRUE,4.97,Vietnam,https://www.lazada.vn/products/pdp-i2669030269.html
3020591490,[Gift Not for Sale] 2-Layer Micellar Eye and Lip Makeup Remover Set: Clean & Soft Bioderma Sensibio H2O Eye 9Mlx2,6535,BIODERMA,2.00158E+11,Bioderma,100000,,111,21,TRUE,5,Vietnam,https://www.lazada.vn/products/pdp-i3020591490.html
2995394238,[Giveaway Not for Sale] New Generation 2-Layer Micellar Eye and Lip Makeup Remover: Clean & Soft Bioderma Sensibio H2O Eye - 9ml,6535,BIODERMA,2.00158E+11,Bioderma,100000,,3100,421,TRUE,4.92,Vietnam,https://www.lazada.vn/products/pdp-i2995394238.html
2701826835,[Giveaway Not for Sale] Bioderma Sensibio Micellar Cleansing Oil - 5ml,6535,BIODERMA,2.00158E+11,Bioderma,100000,,1700,311,TRUE,4.91,Vietnam,https://www.lazada.vn/products/pdp-i2701826835.html
2303491910,"[QUÀ TẶNG KHÔNG BÁN] Túi đựng mỹ phẩm du lịch trong suốt, chống thấm nước Bioderma Small Pouch 2023",6535,BIODERMA,2.00158E+11,Bioderma,80000,,519,79,FALSE,4.92,Vietnam,https://www.lazada.vn/products/pdp-i2303491910.html
1534262077,Kiehl's Calendula Herbal Extract Alcohol-Free Toner 500ml,13311,Kiehl's,1000248565,Kiehl's,2099000,,9900,1373,TRUE,4.88,Vietnam,https://www.lazada.vn/products/pdp-i1534262077.html
3292995862,Ultra Facial Meltdown Recovery Cream 50ml,13311,Kiehl's,1000248565,Kiehl's,1250000,,14,,TRUE,,Vietnam,https://www.lazada.vn/products/pdp-i3292995862.html
329664768,Kiehl's Calendula Deep Cleansing Foaming Face Wash 230ml,13311,Kiehl's,1000248565,Kiehl's,1199000,,46300,5926,TRUE,4.9,Vietnam,https://www.lazada.vn/products/pdp-i329664768.html
3293263087,Ultra Facial Meltdown Recovery Cream 28ml,13311,Kiehl's,1000248565,Kiehl's,800000,,5,,TRUE,,Vietnam,https://www.lazada.vn/products/pdp-i3293263087.html
2131398730,Vitamin C Serum Brightens Skin & Reduces Dark Spots and Acne Kiehl's Clearly Corrective ™   Dark Spot Solution 50ml,13311,Kiehl's,1000248565,Kiehl's,2800000,,1200,240,TRUE,4.93,Vietnam,https://www.lazada.vn/products/pdp-i2131398730.html
3293319646,Chrysanthemum Balancing Water Duo 250ml & Kiehl's Ultra Facial Cream 50ml,13311,Kiehl's,1000248565,Kiehl's,2500000,,0,,TRUE,,Vietnam,https://www.lazada.vn/products/pdp-i3293319646.html
329712088,Kiehl's Calendula Herbal Extract Alcohol-Free Toner 125ml,13311,Kiehl's,1000248565,Kiehl's,850000,,14600,1887,TRUE,4.86,Vietnam,https://www.lazada.vn/products/pdp-i329712088.html
329698218,Kiehl's Ultra Facial Cream 28ml,13311,Kiehl's,1000248565,Kiehl's,750000,,8500,1225,TRUE,4.86,Vietnam,https://www.lazada.vn/products/pdp-i329698218.html
1207800591,Kiehl's Ultra Facial Oil-Free Gel Cream 28ml,13311,Kiehl's,1000248565,Kiehl's,750000,,6500,1019,TRUE,4.78,Vietnam,https://www.lazada.vn/products/pdp-i1207800591.html
2615601018,Kiehl's Ultra Facial Cream Refill Bag 150ml,13311,Kiehl's,1000248565,Kiehl's,2059000,,611,110,TRUE,4.97,Vietnam,https://www.lazada.vn/products/pdp-i2615601018.html
13328098889,Kiehl's Dermatologist Solutions Better Screen Sunscreen & Anti-Aging Serum ™   Uv Serum 50ml,13311,Kiehl's,1000248565,Kiehl's,1200000,,0,,TRUE,,Vietnam,https://www.lazada.vn/products/pdp-i13328098889.html
1464041271,"Essence Helps Regenerate Skin, Smooth It & Prevent Aging Kiehl's Retinol Micro-Dose 50ml",13311,Kiehl's,1000248565,Kiehl's,2850000,,1800,353,TRUE,4.76,Vietnam,https://www.lazada.vn/products/pdp-i1464041271.html
2446467368,Kiehl's Calendula Herbal Extract Alcohol-Free Toner 250ml,13311,Kiehl's,1000248565,Kiehl's,1349000,,1200,178,TRUE,4.95,Vietnam,https://www.lazada.vn/products/pdp-i2446467368.html
1528393106,"Essence That Helps Regenerate Skin, Smooth It and Prevent Aging Kiehl's Retinol Micro-Dose 30ml",13311,Kiehl's,1000248565,Kiehl's,2100000,,6900,929,TRUE,4.82,Vietnam,https://www.lazada.vn/products/pdp-i1528393106.html
329664767,Vitamin C Serum Brightens Skin & Reduces Dark Spots and Acne Kiehl's Clearly Corrective ™   Dark Spot Solution 30ml,13311,Kiehl's,1000248565,Kiehl's,2100000,,17000,2413,TRUE,4.85,Vietnam,https://www.lazada.vn/products/pdp-i329664767.html
3121776222,Kiehl's Ultra Light Daily Uv Defense Aqua Gel Spf 50 Pa++++ 60ml,13311,Kiehl's,1000248565,Kiehl's,1960000,,21,2,TRUE,5,Vietnam,https://www.lazada.vn/products/pdp-i3121776222.html
2446505223,Kiehl's Ultra Facial Cream 50ml,13311,Kiehl's,1000248565,Kiehl's,1149000,,3300,571,TRUE,4.96,Vietnam,https://www.lazada.vn/products/pdp-i2446505223.html
3184133473,Kiehl's Duo of Chamomile Facial Cleanser 230ml & Chamomile Toner 250ml,13311,Kiehl's,1000248565,Kiehl's,2550000,,5,1,TRUE,5,Vietnam,https://www.lazada.vn/products/pdp-i3184133473.html
3178157606,[NEW] Mặt nạ đất sét Kiehl's Rare Earth Deep Pore Cleansing Masque 28ml,13311,Kiehl's,1000248565,Kiehl's,600000,,40,4,TRUE,5,Vietnam,https://www.lazada.vn/products/pdp-i3178157606.html
3286621467,Kiehl's Calendula Deep Cleansing Foaming Face Wash 500ml,13311,Kiehl's,1000248565,Kiehl's,2000000,,0,,FALSE,,Bình Dương,https://www.lazada.vn/products/pdp-i3286621467.html
2595971304,"Kiehl's Clearly Corrective Daily Re-Texturizing Triple Acid Peel Contains Aha, Bha and Pha 30ml",13311,Kiehl's,1000248565,Kiehl's,1545000,,232,49,FALSE,4.92,Bình Dương,https://www.lazada.vn/products/pdp-i2595971304.html
3232984230,Bộ đôi sữa rửa mặt hoa cúc 230ml & mặt nạ đất sét 125ml phiên bản mới Kiehl's,13311,Kiehl's,1000248565,Kiehl's,2450000,,0,,FALSE,,Bình Dương,https://www.lazada.vn/products/pdp-i3232984230.html
441378389,Kiehl's Ultra Light Daily Uv Defense Spf 50 Pa++++ Anti-Pollution Sunscreen 60ml,13311,Kiehl's,1000248565,Kiehl's,1960000,,1900,258,FALSE,4.86,Bình Dương,https://www.lazada.vn/products/pdp-i441378389.html
329698211,Kem chống nắng hằng ngày Kiehl's Ultra Light Daily UV Defense SPF 50 PA++++ Anti-pollution 30ml,13311,Kiehl's,1000248565,Kiehl's,1290000,,442,71,FALSE,4.85,Bình Dương,https://www.lazada.vn/products/pdp-i329698211.html
2263843729,Optimal Oil-Control Skin Care Essence Kiehl's Ultra Pure High-Potency Serum 5.0% Niacinamide 30ml,13311,Kiehl's,1000248565,Kiehl's,930000,,954,156,FALSE,4.97,Vietnam,https://www.lazada.vn/products/pdp-i2263843729.html
329656963,Kiehl's Turmeric & Cranberry Seed Energizing Radiance Masque 100ml,13311,Kiehl's,1000248565,Kiehl's,1600000,,2600,337,FALSE,4.92,Bình Dương,https://www.lazada.vn/products/pdp-i329656963.html
3178106717,[New] Kiehl's Rare Earth Deep Pore Cleansing Masque 125ml,13311,Kiehl's,1000248565,Kiehl's,1250000,,136,25,FALSE,5,Vietnam,https://www.lazada.vn/products/pdp-i3178106717.html
3132452073,[November 1-7 Only - 10% Voucher - Maximum 300K] Lip Balm for Thin and Firm Lips from Serum Lancome Idole Juicytreat,1407,Lancôme,2.00158E+11,Lancome,1200000,,48,11,TRUE,5,Vietnam,https://www.lazada.vn/products/pdp-i3132452073.html
2581831033,"Kem Dưỡng LANCOME 300-peptide Rénergie chống lão hoá & nâng căng, săn chắc 75ml",1407,Lancôme,2.00158E+11,Lancome,4450000,,156,39,TRUE,4.9,Vietnam,https://www.lazada.vn/products/pdp-i2581831033.html
3178446958,[November 1-7 Only - 10% Voucher - Maximum 300K] Genifique Ultimate Lancome Eye Cream 20ml,1407,Lancôme,2.00158E+11,Lancome,2400000,,23,5,TRUE,5,Vietnam,https://www.lazada.vn/products/pdp-i3178446958.html
2325527437,"[November 1-7 Only - 10% Voucher - Maximum 300K] Lancome 300-Peptide Rénergie Anti-Aging & Lifting, Firming Cream 50ml",1407,Lancôme,2.00158E+11,Lancome,3899000,,2000,447,TRUE,4.95,Vietnam,https://www.lazada.vn/products/pdp-i2325527437.html
1633218113,[November 1-7 Only - 10% Voucher - Maximum 300K] Lancome Renergie Triple 3-Core Anti-Aging Fresh Serum 50ml [Gift Not Displayed in Cart],1407,Lancôme,2.00158E+11,Lancome,4449000,,2100,431,TRUE,4.86,Vietnam,https://www.lazada.vn/products/pdp-i1633218113.html
3180083422,"Replacement Core for Lancome Idole 3 Serum Skin Is Smooth, Shiny, and Light",1407,Lancôme,2.00158E+11,Lancome,1350000,,8,2,TRUE,5,Vietnam,https://www.lazada.vn/products/pdp-i3180083422.html
3180137188,"[November 1-7 Only - 10% Voucher - Maximum 300K] Lancome Idole 3 Serum Cushion Skin Is Smooth, Shiny, and Light",1407,Lancôme,2.00158E+11,Lancome,1900000,,9,1,TRUE,5,Vietnam,https://www.lazada.vn/products/pdp-i3180137188.html
2802819766,[Only 1-4/2 - Buy 1 Get 5 Free - 10% Voucher - Maximum 350K] Optimal Skin Recovery Serum in 1 Week Lancome Genifique Ultimate B115Ml,1407,Lancôme,2.00158E+11,Lancome,7000000,,107,15,TRUE,5,Vietnam,https://www.lazada.vn/products/pdp-i2802819766.html
3104443353,[November 1-7 Only - 10% Voucher - Maximum 300K] Fresh Retinol Serum 3 Core Rénergie Lancome - Help Regenerate Skin 2 Times Faster Than Usual Retinol 50ml,1407,Lancôme,2.00158E+11,Lancome,4950000,,53,8,TRUE,5,Vietnam,https://www.lazada.vn/products/pdp-i3104443353.html
13391179813,"Kem Dưỡng Rénergie Collagen Lift - Xtend, Nâng Căng Săn Chắc Căng Mịn 50ML",1407,Lancôme,2.00158E+11,Lancome,4300000,,0,,TRUE,,Vietnam,https://www.lazada.vn/products/pdp-i13391179813.html
13326851531,"[March 6-23 Only - 10% Voucher - Max 350K] Idole Lancome Peach'N Roses Edp Fresh, Juicy, Energetic Perfume 100ml",1407,Lancôme,2.00158E+11,Lancome,4500000,,0,1,TRUE,5,Vietnam,https://www.lazada.vn/products/pdp-i13326851531.html
3178510873,Nước thần cấp ẩm phục hồi tối ưu Genifique Ultimate Lancome 150ML,1407,Lancôme,2.00158E+11,Lancome,2650000,,0,0,TRUE,5,Vietnam,https://www.lazada.vn/products/pdp-i3178510873.html
13326787775,"Idole Lancome Peach'N Roses Edp Fresh, Lush, Energetic Perfume 25ml",1407,Lancôme,2.00158E+11,Lancome,2100000,,0,,TRUE,,Vietnam,https://www.lazada.vn/products/pdp-i13326787775.html
2803004392,[January 16-31 Only - Buy 1 Get 3 Free - 10% Voucher - Maximum 350K]] Optimal Skin Recovery Serum in 1 Week Lancome Genifique Ultimate B50Ml,1407,Lancôme,2.00158E+11,Lancome,4499000,,200,26,TRUE,4.85,Vietnam,https://www.lazada.vn/products/pdp-i2803004392.html
2996413664,[Only March 16-31 - 10% Voucher - Maximum 350K] Lancome Idôle Power Vibrant Perfume 25ml,1407,Lancôme,2.00158E+11,Lancome,2200000,,35,4,TRUE,5,Vietnam,https://www.lazada.vn/products/pdp-i2996413664.html
3023778381,[November 1-7 Only - 10% Voucher - Maximum 300K] Lancome Tonique Confort Mild Moisturizing Toner 400ml - Extracted from Honey [Gift Not Displayed in Cart],1407,Lancôme,2.00158E+11,Lancome,2250000,,80,14,TRUE,5,Vietnam,https://www.lazada.vn/products/pdp-i3023778381.html
2840084919,Lancome Genifique Ultimate Skin Recovery Serum Refill Core 50ml,1407,Lancôme,2.00158E+11,Lancome,3050000,,137,22,TRUE,4.96,Vietnam,https://www.lazada.vn/products/pdp-i2840084919.html
2802942860,Optimal Skin Recovery Serum in 1 Week Lancome Genifique Ultimate B30Ml,1407,Lancôme,2.00158E+11,Lancome,3050000,,180,23,TRUE,5,Vietnam,https://www.lazada.vn/products/pdp-i2802942860.html
13326904789,"[March 6-23 Only - 10% Voucher - Max 350K] Idole Lancome Peach'N Roses Edp Fresh, Juicy, Energetic Perfume 50ml",1407,Lancôme,2.00158E+11,Lancome,3100000,,0,,TRUE,,Vietnam,https://www.lazada.vn/products/pdp-i13326904789.html
2996612146,"[Only November 8-13 - Buy 1 Get 7 Free - 12% Voucher - Maximum 400K] Lancome Idôle Power Perfume, Vibrant, Dramatic, Exciting, 50ml",1407,Lancôme,2.00158E+11,Lancome,3300000,,64,18,TRUE,5,Vietnam,https://www.lazada.vn/products/pdp-i2996612146.html
3000378543,"[Only November 8-13 - Buy 1 Get 8 Free - 12% Voucher - Maximum 400K] Lancome Idôle Power Perfume, Vibrant, Dramatic, Exciting, 100ml",1407,Lancôme,2.00158E+11,Lancome,4800000,,19,7,TRUE,4.86,Vietnam,https://www.lazada.vn/products/pdp-i3000378543.html
2676223369,"[November 1-7 Only - 10% Voucher - Maximum 300K] Idole Edt Lancome Perfume Sweet, Fresh and Youthful 100ml",1407,Lancôme,2.00158E+11,Lancome,4050000,,32,10,TRUE,5,Vietnam,https://www.lazada.vn/products/pdp-i2676223369.html
2847953210,"La Vie Est Belle L'Elixir Perfume Is Generous and Modern, 100ml",1407,Lancôme,2.00158E+11,Lancome,5150000,,0,2,TRUE,5,Vietnam,https://www.lazada.vn/products/pdp-i2847953210.html
761310185,"[November 1-7 Only - 10% Voucher - Maximum 300K] Foaming Facial Cleanser, Brightens & Improves Pores Lancome Clarifique Cleansing Foam 125ml [Gift Included Not Displayed in Cart]",1407,Lancôme,2.00158E+11,Lancome,1650000,,2100,360,FALSE,4.87,Bình Dương,https://www.lazada.vn/products/pdp-i761310185.html
13399549867,[Vb] La Roche-Posay Mela B3 50ml & Anth Uvm 400 Anti-Dark Spots Fluid 50ml,3656,La Roche-Posay,1000035115,La Roche-Posay,2150000,,0,,TRUE,,Hồ Chí Minh,https://www.lazada.vn/products/pdp-i13399549867.html
13399555857,[Vb]La Roche-Posay Mela B3 Cleanser 200ml & Uvmune 400 Anti-Dark Spots Fluid 50ml Cleansing & Sun Protection Duo,3656,La Roche-Posay,1000035115,La Roche-Posay,1285000,,0,,TRUE,,Hồ Chí Minh,https://www.lazada.vn/products/pdp-i13399555857.html
13399543873,[Vb]La Roche-Posay Mela B3 30ml & Mela B3 Cleanser 200ml Skin Cleansing & Care Duo,3656,La Roche-Posay,1000035115,La Roche-Posay,1985000,,0,,TRUE,,Hồ Chí Minh,https://www.lazada.vn/products/pdp-i13399543873.html
13400836859,[Vb] La Roche-Posay Mela B3 50ml & Mela B3 Cleanser 200ml Skin Cleansing & Care Duo,3656,La Roche-Posay,1000035115,La Roche-Posay,2135000,,0,,TRUE,,Hồ Chí Minh,https://www.lazada.vn/products/pdp-i13400836859.html
13400780829,[Vb] La Roche-Posay Mela B3 30ml & Anth Uvm 400 Anti-Dark Spots Fluid 50ml,3656,La Roche-Posay,1000035115,La Roche-Posay,2000000,,0,,TRUE,,Hồ Chí Minh,https://www.lazada.vn/products/pdp-i13400780829.html
702714364,La Roche-Posay Effaclar Micro-Peeling Purifying Gel 400ml,3656,La Roche-Posay,1000035115,La Roche-Posay,591000,679000,9100,1494,TRUE,4.82,Vietnam,https://www.lazada.vn/products/pdp-i702714364.html
2190705757,"La Roche-Posay Effaclar Micellar Water Oily Skin 400ml, Deep Cleansing Mineral-Rich Makeup Remover Product Set for Sensitive Oily Skin",3656,La Roche-Posay,1000035115,La Roche-Posay,966000,1110000,5000,649,TRUE,4.97,Hồ Chí Minh,https://www.lazada.vn/products/pdp-i2190705757.html
3299558055,La Roche-Posay Effaclar Foaming Gel for Sensitive Oily Skin 400ml (Refill Bag),3656,La Roche-Posay,1000035115,La Roche-Posay,513000,590000,212,27,TRUE,4.86,Vietnam,https://www.lazada.vn/products/pdp-i3299558055.html
2665336212,La Roche-Posay Mela B3 Clarifying Micro-Peeling Gel 200ml,3656,La Roche-Posay,1000035115,La Roche-Posay,552000,635000,1100,266,TRUE,4.91,Vietnam,https://www.lazada.vn/products/pdp-i2665336212.html
255691363,Facial Cleansing Gel for Sensitive Oily Skin La Roche-Posay Effaclar Foaming Gel 200ml,3656,La Roche-Posay,1000035115,La Roche-Posay,418000,475000,21000,3734,TRUE,4.93,Vietnam,https://www.lazada.vn/products/pdp-i255691363.html
353876199,[Exclusive Deal - Mai Van Trang]Facial Cleansing Gel for Sensitive Oily Skin La Roche-Posay Effaclar Foaming Gel 400ml,3656,La Roche-Posay,1000035115,La Roche-Posay,570000,655000,51100,7886,TRUE,4.91,Vietnam,https://www.lazada.vn/products/pdp-i353876199.html
1994386480,Cleansing Shower Gel That Soothes and Protects Sensitive Skin La Roche Posay Lipikar Shower Gel 400ml,3656,La Roche-Posay,1000035115,La Roche-Posay,541000,615000,261,44,TRUE,4.95,Vietnam,https://www.lazada.vn/products/pdp-i1994386480.html
255695294,Specialized Acne-Reducing Cream La Roche Posay Effaclar A.I 15ml,3656,La Roche-Posay,1000035115,La Roche-Posay,572000,650000,3900,710,TRUE,4.89,Vietnam,https://www.lazada.vn/products/pdp-i255695294.html
2733617426,La Roche-Posay Cicaplast Baume B5+ Recovery Cream 15ml,3656,La Roche-Posay,1000035115,La Roche-Posay,176000,200000,560,124,TRUE,4.94,Vietnam,https://www.lazada.vn/products/pdp-i2733617426.html
2168836211,La Roche-Posay Micellar Water Ultra Sensitive Skin Deep Cleansing Water and Makeup Remover Duo for Sensitive Skin 400ml,3656,La Roche-Posay,1000035115,La Roche-Posay,974000,1120000,12800,1836,TRUE,4.98,Vietnam,https://www.lazada.vn/products/pdp-i2168836211.html
2651978060,La Roche-Posay Mela B3 Skin Brightening Cream 40ml,3656,La Roche-Posay,1000035115,La Roche-Posay,913000,1049000,849,162,TRUE,4.97,Vietnam,https://www.lazada.vn/products/pdp-i2651978060.html
2541151303,La Roche-Posay Effaclar Gel Foaming Gentle Foaming Cleansing Product Set 400ml,3656,La Roche-Posay,1000035115,La Roche-Posay,1140000,1310000,432,70,TRUE,4.99,Hồ Chí Minh,https://www.lazada.vn/products/pdp-i2541151303.html
3200796195,"La Roche-Posay Mela B3 Serum 50ml, a Comprehensive Dark Spot Reducing and Brightening Serum.",3656,La Roche-Posay,1000035115,La Roche-Posay,1436000,1650000,285,55,TRUE,5,Vietnam,https://www.lazada.vn/products/pdp-i3200796195.html
2163103568,[Exclusive Deal - Mai Van Trang] La Roche-Posay Cicaplast Baume B5+ Recovery Cream 100ml,3656,La Roche-Posay,1000035115,La Roche-Posay,766000,880000,19900,3225,TRUE,4.97,Vietnam,https://www.lazada.vn/products/pdp-i2163103568.html
3319345970,KEM DƯỠNG GIÚP LÀM DỊU VÀ GIẢM KHÔ DA LIPIKAR AP+MAX 75ml,3656,La Roche-Posay,1000035115,La Roche-Posay,308000,350000,23,6,TRUE,5,Hồ Chí Minh,https://www.lazada.vn/products/pdp-i3319345970.html
255682451,"[Buy 2, 13% Off] Deep Cleansing Water and Makeup Remover for Acne-Prone, Sensitive Oily Skin La Roche-Posay Effaclar Micellar Water 400ml",3656,La Roche-Posay,1000035115,La Roche-Posay,483000,555000,63500,7229,TRUE,4.91,Vietnam,https://www.lazada.vn/products/pdp-i255682451.html
3255581383,La Roche-Posay Hyalu B5 Moisturizing and Anti-Wrinkle Cream 50ml,3656,La Roche-Posay,1000035115,La Roche-Posay,922000,970000,74,8,TRUE,4.5,Vietnam,https://www.lazada.vn/products/pdp-i3255581383.html
1852154140,La Roche-Posay Anthelios Uv Mune 400 Long-Lasting Uva Sunscreen Lotion 50ml,3656,La Roche-Posay,1000035115,La Roche-Posay,557000,640000,16600,2003,TRUE,4.9,Vietnam,https://www.lazada.vn/products/pdp-i1852154140.html
255683422,La Roche-Posay Cicaplast Lips Moisturizing & Protective Lip Cream 7.5ml,3656,La Roche-Posay,1000035115,La Roche-Posay,308000,350000,2600,473,TRUE,4.91,Vietnam,https://www.lazada.vn/products/pdp-i255683422.html
2173888404,La Roche-Posay Cicaplast Baume B5+ Recovery Cream 40ml,3656,La Roche-Posay,1000035115,La Roche-Posay,383000,440000,12400,1966,TRUE,4.96,Vietnam,https://www.lazada.vn/products/pdp-i2173888404.html
263524952,Mineral-Rich Toner for Oily Skin La Roche-Posay Effaclar Astringent Lotion 200ml,3656,La Roche-Posay,1000035115,La Roche-Posay,426000,490000,13900,2462,TRUE,4.83,Vietnam,https://www.lazada.vn/products/pdp-i263524952.html
2994359295,Cream for Oily Skin Helps Control Oil and Improve Pores Effaclar Mat+ 40ml,3656,La Roche-Posay,1000035115,La Roche-Posay,444000,505000,330,72,TRUE,4.92,Vietnam,https://www.lazada.vn/products/pdp-i2994359295.html
3319568236,La Roche-Posay Anthelios Uvair Spf50+ 50ml Serum Sun Protection,3656,La Roche-Posay,1000035115,La Roche-Posay,558000,620000,1900,78,TRUE,4.9,Vietnam,https://www.lazada.vn/products/pdp-i3319568236.html
258294654,Toner Helps Soothe and Protect Sensitive Skin La Roche-Posay Lotion Sensitive Skin 200ml,3656,La Roche-Posay,1000035115,La Roche-Posay,470000,540000,10000,1534,TRUE,4.89,Vietnam,https://www.lazada.vn/products/pdp-i258294654.html
1904142109,La Roche-Posay Micellar Water Ultra Sensitive Skin Deep Cleansing Water and Makeup Remover Duo for Sensitive Skin 400ml,3656,La Roche-Posay,1000035115,La Roche-Posay,974000,1120000,23300,3200,TRUE,4.99,Vietnam,https://www.lazada.vn/products/pdp-i1904142109.html
255687424,"La Roche-Posay Thermal Spring Water 300ml, a Cleansing and Soothing Mineral Spray for Sensitive Skin",3656,La Roche-Posay,1000035115,La Roche-Posay,443000,509000,9500,1508,TRUE,4.91,Vietnam,https://www.lazada.vn/products/pdp-i255687424.html
2541154253,La Roche-Posay Cicaplast Baume B5+ Skin Recovery Product Set 40ml,3656,La Roche-Posay,1000035115,La Roche-Posay,774000,880000,276,52,TRUE,5,Hồ Chí Minh,https://www.lazada.vn/products/pdp-i2541154253.html
3154565269,Sunscreen Milk That Brightens Skin & Reduces Dark Spots Anthelios Uvmune 400 Anti-Dark Spots Fluid 50ml,3656,La Roche-Posay,1000035115,La Roche-Posay,566000,650000,198,36,TRUE,4.78,Vietnam,https://www.lazada.vn/products/pdp-i3154565269.html
2198767149,"La Roche-Posay Effaclar Serum 30ml, a Duo of 3-Action Anti-Acne Nutrients",3656,La Roche-Posay,1000035115,La Roche-Posay,1962000,2230000,185,32,TRUE,4.94,Hồ Chí Minh,https://www.lazada.vn/products/pdp-i2198767149.html
2640417610,"La Roche-Posay Mela B3 Serum 30ml, a Comprehensive Dark Spot Reducing and Brightening Serum.",3656,La Roche-Posay,1000035115,La Roche-Posay,1175000,1350000,3900,715,TRUE,4.93,Vietnam,https://www.lazada.vn/products/pdp-i2640417610.html
1920361707,La Roche-Posay Anthelios XL Spf50+ Pa++++ 50ml Toning Sunscreen Duo for Oily Skin,3656,La Roche-Posay,1000035115,La Roche-Posay,1038000,1180000,24300,3328,TRUE,4.95,Vietnam,https://www.lazada.vn/products/pdp-i1920361707.html
1245982881,"Nourishing Ingredients Help Reduce Dark Spots, Wrinkles and Even Skin Tone La Roche-Posay Retinol B3 Serum 30ml",3656,La Roche-Posay,1000035115,La Roche-Posay,1175000,1350000,7500,1314,TRUE,4.87,Vietnam,https://www.lazada.vn/products/pdp-i1245982881.html
3080206779,Set of Facial Cleansing Gel and 2 Deep Cleansing Makeup Removers for Sensitive Skin Micellar Water Sensitive Skin 400ml and Effaclar Foaming Gel 50ml,3656,La Roche-Posay,1000035115,La Roche-Posay,974000,1120000,180,20,TRUE,5,Vietnam,https://www.lazada.vn/products/pdp-i3080206779.html
2688602623,The Duo Helps Reduce Dark Spots and Prevent Melasma La Roche-Posay Mela B3 & Anthelios XL,3656,La Roche-Posay,1000035115,La Roche-Posay,1707000,1940000,30,5,TRUE,5,Hồ Chí Minh,https://www.lazada.vn/products/pdp-i2688602623.html
3255305851,La Roche-Posay Effaclar Duo+ m 15ml Fast Acne-Reducing Cream in 8 Hours,3656,La Roche-Posay,1000035115,La Roche-Posay,228000,260000,52,11,TRUE,5,Vietnam,https://www.lazada.vn/products/pdp-i3255305851.html
2968422411,La Roche Posay Effaclar Micro-Peeling Purifying Gel 200ml,3656,La Roche-Posay,1000035115,La Roche-Posay,336000,480000,34,7,TRUE,4.86,Vietnam,https://www.lazada.vn/products/pdp-i2968422411.html
255697071,[Buy 2 13% Off]La Roche-Posay Micellar Water Ultra Sensitive Skin Deep Cleansing Water and Makeup Remover 400ml,3656,La Roche-Posay,1000035115,La Roche-Posay,487000,560000,96900,10044,TRUE,4.91,Vietnam,https://www.lazada.vn/products/pdp-i255697071.html
2420960868,La Roche-Posay Effaclar Duo+ m 40ml Acne-Reducing Cream That Reduces Acne Quickly after 8 Hours,3656,La Roche-Posay,1000035115,La Roche-Posay,470000,540000,9300,1788,TRUE,4.96,Vietnam,https://www.lazada.vn/products/pdp-i2420960868.html
3255652180,Moisturizing and Wrinkle-Reducing Nutrients La Roche-Posay Hyalu B5 30ml,3656,La Roche-Posay,1000035115,La Roche-Posay,1349000,1550000,434,76,TRUE,4.86,Vietnam,https://www.lazada.vn/products/pdp-i3255652180.html
13339451075,Ultra-Thin and Lightweight Serum Sunscreen Duo La Roche-Posay Anthelios Uvair Spf50+ 50ml,3656,La Roche-Posay,1000035115,La Roche-Posay,1116000,1240000,5,,TRUE,,Vietnam,https://www.lazada.vn/products/pdp-i13339451075.html
13339383160,[Vb] Ultra-Thin and Lightweight Serum Sunscreen Duo La Roche-Posay Anthelios Uvair Spf50+ 50ml,3656,La Roche-Posay,1000035115,La Roche-Posay,1116000,1240000,15,1,TRUE,5,Hồ Chí Minh,https://www.lazada.vn/products/pdp-i13339383160.html
1083238627,Exclusive Deal - 3-Action Acne-Reducing Nutrients La Roche-Posay Effaclar Serum 30ml,3656,La Roche-Posay,1000035115,La Roche-Posay,970000,1115000,16400,2325,TRUE,4.84,Vietnam,https://www.lazada.vn/products/pdp-i1083238627.html
3000701059,"Anthelios Uvidea Rosy+ Spf50+, Pa++++ Sunscreen That Brightens and Brightens Dry, Dull Skin.",3656,La Roche-Posay,1000035115,La Roche-Posay,635000,730000,290,53,TRUE,5,Vietnam,https://www.lazada.vn/products/pdp-i3000701059.html
1920836785,La Roche-Posay Efffaclar Micellar Water 400ml Makeup Remover & Cleansing Water Duo for Acne-Prone and Sensitive Oily Skin,3656,La Roche-Posay,1000035115,La Roche-Posay,976000,1110000,2600,305,TRUE,4.95,Vietnam,https://www.lazada.vn/products/pdp-i1920836785.html
255675772,La Roche-Posay Anthelios XL Spf50+ Pa++++ Toning Sunscreen for Oily Skin 50ml,3656,La Roche-Posay,1000035115,La Roche-Posay,513000,590000,130700,11147,TRUE,4.87,Vietnam,https://www.lazada.vn/products/pdp-i255675772.html
2289983061,La Roche-Posay Cleansing and Sunscreen Duo Protects Skin from Long-Wave Uvb - Uva Rays and Controls Oil Shine.,3656,La Roche-Posay,1000035115,La Roche-Posay,1007000,1145000,218,38,TRUE,4.95,Hồ Chí Minh,https://www.lazada.vn/products/pdp-i2289983061.html
255683423,"Deep Cleansing Water and Makeup Remover for Acne-Prone, Sensitive Oily Skin La Roche-Posay Effaclar Micellar Water 200ml",3656,La Roche-Posay,1000035115,La Roche-Posay,396000,445000,3900,751,TRUE,4.82,Vietnam,https://www.lazada.vn/products/pdp-i255683423.html
2098531257,La Roche-Posay Anthelios XL Spf50+ Pa++++ 50ml Tonal-Enhancing Sunscreen Duo for Oily Skin,3656,La Roche-Posay,1000035115,La Roche-Posay,1026000,1180000,17500,1728,TRUE,4.96,Hồ Chí Minh,https://www.lazada.vn/products/pdp-i2098531257.html
255675777,Makeup Remover and Deep Cleanser for Sensitive Skin La Roche-Posay Micellar Water Ultra Sensitive Skin 200ml,3656,La Roche-Posay,1000035115,La Roche-Posay,400000,450000,4200,712,TRUE,4.83,Vietnam,https://www.lazada.vn/products/pdp-i255675777.html
2217147142,La Roche-Posay Cicaplast Baume B5+ Recovery Cream Duo 40ml,3656,La Roche-Posay,1000035115,La Roche-Posay,774000,860000,294,53,FALSE,4.98,Hồ Chí Minh,https://www.lazada.vn/products/pdp-i2217147142.html
13380061349,Innisfree Vitamin C Niacinamide Brightening Eye Serum 10ml,7600,INNISFREE,100110575,INNISFREE,500000,,0,,TRUE,,Vietnam,https://www.lazada.vn/products/pdp-i13380061349.html
2661338527,Combo of 2 Innisfree No Sebum Mineral Pact Oil Control Pressed Powder 8.5g,7600,INNISFREE,100110575,INNISFREE,493000,580000,72,19,TRUE,4.89,Bình Dương,https://www.lazada.vn/products/pdp-i2661338527.html
2945217906,Innisfree Pore Blur Powder 11g,7600,INNISFREE,100110575,INNISFREE,348500,410000,88,14,TRUE,5,Vietnam,https://www.lazada.vn/products/pdp-i2945217906.html
1992081505,Innisfree Dewy Treatment Lip Balm 3.2g,7600,INNISFREE,100110575,INNISFREE,306000,360000,258,45,TRUE,4.89,Vietnam,https://www.lazada.vn/products/pdp-i1992081505.html
2945304217,Innisfree Pore Blur Pact Pressed Powder to Blur Pores 12.5 g,7600,INNISFREE,100110575,INNISFREE,348500,410000,105,25,TRUE,4.92,Vietnam,https://www.lazada.vn/products/pdp-i2945304217.html
1836684680,Innisfree Dewy Tint Lip Balm,7600,INNISFREE,100110575,INNISFREE,306000,360000,2900,629,TRUE,4.96,Vietnam,https://www.lazada.vn/products/pdp-i1836684680.html
1799100678,Innisfree Perfect 9 Intensive Cream 60ml,7600,INNISFREE,100110575,INNISFREE,1170000,1300000,1500,268,TRUE,4.93,Vietnam,https://www.lazada.vn/products/pdp-i1799100678.html
672220086,Innisfree No Sebum Mineral Pact 8.5g,7600,INNISFREE,100110575,INNISFREE,246500,290000,2200,385,TRUE,4.86,Vietnam,https://www.lazada.vn/products/pdp-i672220086.html
622660688,Innisfree Auto Eyebrow Pencil 0.3g,7600,INNISFREE,100110575,INNISFREE,92650,109000,12900,1915,TRUE,4.91,Vietnam,https://www.lazada.vn/products/pdp-i622660688.html
2620744258,Set of 2 Innisfree Green Tea Hydramino Cleansing Foam Cleansing and Moisturizing Facial Cleanser 150g*2,7600,INNISFREE,100110575,INNISFREE,476000,560000,513,122,TRUE,4.97,Bình Dương,https://www.lazada.vn/products/pdp-i2620744258.html
2620789853,Set of 2 Innisfree Volcanic Pore Bha Cleansing Foam 150g*2,7600,INNISFREE,100110575,INNISFREE,442000,520000,495,112,TRUE,4.94,Bình Dương,https://www.lazada.vn/products/pdp-i2620789853.html
1806580801,Dark Purple Intensive Anti-Aging Essence with 9 Herbs Innisfree Perfect 9 Repair Serum Ex 50ml,7600,INNISFREE,100110575,INNISFREE,1417600,1600000,823,161,TRUE,4.98,Vietnam,https://www.lazada.vn/products/pdp-i1806580801.html
1820823515,Innisfree Airy Matte Lipstick Is a Thin and Lightweight Stick Lipstick.,7600,INNISFREE,100110575,INNISFREE,323000,380000,1500,277,TRUE,4.89,Vietnam,https://www.lazada.vn/products/pdp-i1820823515.html
730972615,Innisfree Volcanic Pore Bha Cleansing Foam Deep Cleansing Volcanic Ash Facial Cleanser That Tightens Pores,7600,INNISFREE,100110575,INNISFREE,221000,260000,15400,2335,TRUE,4.94,Vietnam,https://www.lazada.vn/products/pdp-i730972615.html
300414202,"Innisfree No Sebum Mineral Powder 5g, Oil-Controling, Smooth, Long-Lasting Powder",7600,INNISFREE,100110575,INNISFREE,153000,180000,13500,1926,TRUE,4.93,Vietnam,https://www.lazada.vn/products/pdp-i300414202.html
335290416,Innisfree Canola Honey Lip Balm 3.5g Colorless Moisturizer,7600,INNISFREE,100110575,INNISFREE,153000,180000,2300,397,TRUE,4.96,Vietnam,https://www.lazada.vn/products/pdp-i335290416.html
2364769898,INNISFREE Vitamin C Green Tea Enzyme Brightening Serum 30ml,7600,INNISFREE,100110575,INNISFREE,782000,920000,2400,478,TRUE,4.93,Vietnam,https://www.lazada.vn/products/pdp-i2364769898.html
2498578397,Innisfree No Sebum Ac Powder,7600,INNISFREE,100110575,INNISFREE,212500,250000,288,63,TRUE,4.94,Vietnam,https://www.lazada.vn/products/pdp-i2498578397.html
1742211975,Vanilla Innisfree No Sebum Powder Cushion 14 g,7600,INNISFREE,100110575,INNISFREE,450500,530000,732,116,TRUE,4.91,Vietnam,https://www.lazada.vn/products/pdp-i1742211975.html
3230665165,"Innisfree Green Tea Ceramide Cream 50ml, Moisturizing and Restorative Cream",7600,INNISFREE,100110575,INNISFREE,540000,,37,5,TRUE,5,Vietnam,https://www.lazada.vn/products/pdp-i3230665165.html
1652741037,Anti-Aging Lotion from Black Tea Innisfree Black Tea Youth Enhancing Lotion,7600,INNISFREE,100110575,INNISFREE,501500,590000,335,51,TRUE,4.86,Vietnam,https://www.lazada.vn/products/pdp-i1652741037.html
2627702450,Combo of 2 Innisfree No Sebum Mineral Powder 5g*2,7600,INNISFREE,100110575,INNISFREE,270000,360000,216,40,TRUE,4.95,Bình Dương,https://www.lazada.vn/products/pdp-i2627702450.html
263338635,INNISFREE Green Tea Hydramino Cleansing Foam 150g [NEW 2023],7600,INNISFREE,100110575,INNISFREE,238000,280000,21200,2852,TRUE,4.9,Vietnam,https://www.lazada.vn/products/pdp-i263338635.html
2945336209,"Innisfree Blueberry Rebalancing 5.5 Cleanser, a Balancing and Moisturizing Facial Cleanser",7600,INNISFREE,100110575,INNISFREE,221000,260000,136,42,TRUE,4.81,Vietnam,https://www.lazada.vn/products/pdp-i2945336209.html
300394734,Innisfree My Perfumed Body Lotion 330ml,7600,INNISFREE,100110575,INNISFREE,306000,360000,1400,203,TRUE,4.92,Vietnam,https://www.lazada.vn/products/pdp-i300394734.html
2509685224,"Innisfree Perfect 9 Intensive Eye Cream 30 Ml, Intensive Anti-Aging Eye Cream",7600,INNISFREE,100110575,INNISFREE,990000,1100000,264,61,TRUE,5,Vietnam,https://www.lazada.vn/products/pdp-i2509685224.html
2495654960,Innisfree Volcanic Pha Pore Refining Toner,7600,INNISFREE,100110575,INNISFREE,374000,440000,495,132,TRUE,5,Vietnam,https://www.lazada.vn/products/pdp-i2495654960.html
675384810,Innisfree My Perfumed Hand Cream,7600,INNISFREE,100110575,INNISFREE,93500,110000,5700,957,TRUE,4.96,Vietnam,https://www.lazada.vn/products/pdp-i675384810.html
673756241,Innisfree Jeju Cherry Blossom Skin-Fit Tone-Up Cream Spf 50+Pa++++ 50ml,7600,INNISFREE,100110575,INNISFREE,513000,570000,3600,613,TRUE,4.89,Vietnam,https://www.lazada.vn/products/pdp-i673756241.html
13363354731,Innisfree Vitamin C Brightening Mask-To-Foam Facial Cleanser 120g,7600,INNISFREE,100110575,INNISFREE,376200,380000,8,,TRUE,,Vietnam,https://www.lazada.vn/products/pdp-i13363354731.html
2541792604,Innisfree Perfect 9 Intensive Skin Intensive Anti-Aging Toner,7600,INNISFREE,100110575,INNISFREE,810000,900000,208,42,TRUE,4.98,Vietnam,https://www.lazada.vn/products/pdp-i2541792604.html
1539047928,Innisfree Airy Matte Tint Is a Thin and Light Lip Cream.,7600,INNISFREE,100110575,INNISFREE,297500,350000,619,104,TRUE,4.64,Vietnam,https://www.lazada.vn/products/pdp-i1539047928.html
3160887297,Vitamin C Cream for Brightening Skin and Reducing Dark Spots in Gel Form Innisfree Green Tea Enzyme Brightening Cream 50ml,7600,INNISFREE,100110575,INNISFREE,544000,640000,139,28,TRUE,5,Vietnam,https://www.lazada.vn/products/pdp-i3160887297.html
1705375455,Innisfree Retinol Cica Repair Ampoule Oil-Control Serum for Smooth Skin,7600,INNISFREE,100110575,INNISFREE,765000,900000,2600,506,TRUE,4.9,Vietnam,https://www.lazada.vn/products/pdp-i1705375455.html
2945218871,Innisfree Dewy Glowy Lipstick 3.5g Stick Lip Gloss,7600,INNISFREE,100110575,INNISFREE,391000,460000,12,4,TRUE,4.5,Vietnam,https://www.lazada.vn/products/pdp-i2945218871.html
3175996558,Innisfree Vitamin C Tone up Sunscreen Spf50+ Pa++++,7600,INNISFREE,100110575,INNISFREE,520000,,41,8,TRUE,5,Vietnam,https://www.lazada.vn/products/pdp-i3175996558.html
1652674058,Innisfree Simple Label Lasting Pencil Brow 0.15g Long-Lasting Vegan Eyebrow Pencil,7600,INNISFREE,100110575,INNISFREE,238000,280000,625,107,TRUE,4.84,Vietnam,https://www.lazada.vn/products/pdp-i1652674058.html
300400505,Innisfree My Perfumed Body Cleanser 330ml,7600,INNISFREE,100110575,INNISFREE,263500,310000,1200,169,TRUE,4.94,Vietnam,https://www.lazada.vn/products/pdp-i300400505.html
263352419,INNISFREE Green Tea Seed Hyaluronic Serum 80mL,7600,INNISFREE,100110575,INNISFREE,568000,670000,14900,2347,TRUE,4.88,Vietnam,https://www.lazada.vn/products/pdp-i263352419.html
2945277362,Multi-Purpose Skin Care Cream from Orchids Innisfree Jeju Orchid Enriched Cream 50ml,7600,INNISFREE,100110575,INNISFREE,726110,770000,29,8,TRUE,5,Vietnam,https://www.lazada.vn/products/pdp-i2945277362.html
2935599288,"Green Tea Stem Cell Retinol Pdrn Serum for Smooth, Elastic Skin",7600,INNISFREE,100110575,INNISFREE,765000,900000,272,58,TRUE,4.92,Vietnam,https://www.lazada.vn/products/pdp-i2935599288.html
263338633,Innisfree Green Tea Hyaluronic Skin Toner 170ml,7600,INNISFREE,100110575,INNISFREE,365500,430000,2400,387,TRUE,4.93,Vietnam,https://www.lazada.vn/products/pdp-i263338633.html
319764737,"Innisfree Cherry Blossom Tone up Cream 50ml, Skin Tone-Enhancing and Brightening Cream from Cherry Blossoms",7600,INNISFREE,100110575,INNISFREE,455800,530000,10800,1698,TRUE,4.91,Vietnam,https://www.lazada.vn/products/pdp-i319764737.html
1273811387,Innisfree Jeju Cherry Blossom Jelly Cream - (Jelly Texture),7600,INNISFREE,100110575,INNISFREE,450000,500000,5200,746,TRUE,4.89,Vietnam,https://www.lazada.vn/products/pdp-i1273811387.html
3230636183,Innisfree Green Tea Ceramide Milk Moisturizing and Restorative Milk Toner,7600,INNISFREE,100110575,INNISFREE,440000,460000,90,22,TRUE,5,Vietnam,https://www.lazada.vn/products/pdp-i3230636183.html
2658720172,Cream That Helps Reduce Signs of Aging on the Skin Innisfree Collagen Green Tea Ceramide Bounce Cream 50ml,7600,INNISFREE,100110575,INNISFREE,756500,890000,555,128,TRUE,4.96,Vietnam,https://www.lazada.vn/products/pdp-i2658720172.html
263352418,Innisfree Green Tea Hyaluronic Mist Moisturizing Spray from Green Tea,7600,INNISFREE,100110575,INNISFREE,297500,350000,842,166,TRUE,4.89,Vietnam,https://www.lazada.vn/products/pdp-i263352418.html
13347864614,Combo of 2 Innisfree Intensive Long Lasting Sunscreen Ex 60ml,7600,INNISFREE,100110575,INNISFREE,900000,,0,,TRUE,,Bình Dương,https://www.lazada.vn/products/pdp-i13347864614.html
2519459504,INNISFREE UV Active Poreless Sunscreen SPF50+ PA++++ 50mL,7600,INNISFREE,100110575,INNISFREE,478500,550000,622,147,TRUE,4.99,Vietnam,https://www.lazada.vn/products/pdp-i2519459504.html
1819299160,Anti-Aging Lotion from Black Tea Innisfree Black Tea Youth Enhancing Treatment Essence 145ml,7600,INNISFREE,100110575,INNISFREE,825600,960000,387,57,TRUE,4.98,Vietnam,https://www.lazada.vn/products/pdp-i1819299160.html
300398690,Innisfree Bija Trouble Cleansing Foam 150g Facial Cleanser for Acne-Prone Skin,7600,INNISFREE,100110575,INNISFREE,212500,250000,9200,1307,TRUE,4.89,Vietnam,https://www.lazada.vn/products/pdp-i300398690.html
1036102746,Nighttime Skin Care Essence That Prevents Aging from Black Tea Innisfree Black Tea Youth Enhancing Ampoule,7600,INNISFREE,100110575,INNISFREE,810000,900000,6600,999,TRUE,4.85,Vietnam,https://www.lazada.vn/products/pdp-i1036102746.html
319674604,Innisfree Aloe Revital Soothing Gel 300ml,7600,INNISFREE,100110575,INNISFREE,212500,250000,3700,733,TRUE,4.91,Vietnam,https://www.lazada.vn/products/pdp-i319674604.html
2661410196,Combo of 2 Innisfree Tone up No Sebum Sunscreen Ex Spf 50+ Pa++++,7600,INNISFREE,100110575,INNISFREE,900000,,121,50,TRUE,4.98,Bình Dương,https://www.lazada.vn/products/pdp-i2661410196.html
1652663392,Innisfree Black Tea Youth Enhancing Skin Toner Prevents Aging from Black Tea 170ml,7600,INNISFREE,100110575,INNISFREE,501500,590000,1100,180,TRUE,4.94,Vietnam,https://www.lazada.vn/products/pdp-i1652663392.html
2541657576,"Innisfree Retinol Cica Barrier Defense Cream, a Soothing and Restorative Skin Care Cream",7600,INNISFREE,100110575,INNISFREE,711000,790000,109,23,TRUE,5,Vietnam,https://www.lazada.vn/products/pdp-i2541657576.html
912232842,Innisfree Intensive Long Lasting Sunscreen Ex 60ml,7600,INNISFREE,100110575,INNISFREE,391500,450000,4900,771,TRUE,4.88,Vietnam,https://www.lazada.vn/products/pdp-i912232842.html
263350392,Innisfree Green Tea Hyaluronic Lotion Moisturizing Milk from Green Tea,7600,INNISFREE,100110575,INNISFREE,365500,430000,595,122,TRUE,4.95,Vietnam,https://www.lazada.vn/products/pdp-i263350392.html
336298016,Innisfree My Hair Recipe Strength Treatment for Hair Roots Care 200ml,7600,INNISFREE,100110575,INNISFREE,263500,310000,265,37,TRUE,4.89,Vietnam,https://www.lazada.vn/products/pdp-i336298016.html
1992026913,Innisfree Hyaluron Moist Sunscreen Spf50+ Pa++++,7600,INNISFREE,100110575,INNISFREE,600000,,985,207,TRUE,4.96,Vietnam,https://www.lazada.vn/products/pdp-i1992026913.html
1372169132,"Innisfree Perfect 9 Repair Lotion Ex 160ml, Intensive Anti-Aging Moisturizing Lotion",7600,INNISFREE,100110575,INNISFREE,882000,980000,416,74,TRUE,4.78,Vietnam,https://www.lazada.vn/products/pdp-i1372169132.html
1036132205,Night Cream to Prevent Aging from Black Tea Innisfree Black Tea Enhancing Cream 50 ml,7600,INNISFREE,100110575,INNISFREE,720000,800000,5400,846,TRUE,4.92,Vietnam,https://www.lazada.vn/products/pdp-i1036132205.html
263334669,Moisturizing Cream Made from Green Tea and Fresh Green Tea Seed Oil Innisfree Green Tea Seed Hyaluronic Cream,7600,INNISFREE,100110575,INNISFREE,510000,600000,6000,919,TRUE,4.92,Vietnam,https://www.lazada.vn/products/pdp-i263334669.html
2239946474,INNISFREE Tone Up No Sebum Sunscreen EX SPF 50+ PA++++ 50 mL,7600,INNISFREE,100110575,INNISFREE,391500,450000,4900,1033,TRUE,4.96,Vietnam,https://www.lazada.vn/products/pdp-i2239946474.html
263344512,Innisfree Green Tea Amino Hydrating Cleansing Oil,7600,INNISFREE,100110575,INNISFREE,433500,510000,799,114,TRUE,4.96,Vietnam,https://www.lazada.vn/products/pdp-i263344512.html
13347890607,Combo of 2 Sunscreen and Pore-Smoothing Primer Innisfree Uv Active Poreless Sunscreen Spf50+ Pa++++ 50ml,7600,INNISFREE,100110575,INNISFREE,1100000,,0,,TRUE,,Bình Dương,https://www.lazada.vn/products/pdp-i13347890607.html
1036004566,Innisfree Apple Seed Cleansing Oil 150ml,7600,INNISFREE,100110575,INNISFREE,348500,410000,2300,372,TRUE,4.91,Vietnam,https://www.lazada.vn/products/pdp-i1036004566.html
3160803202,New Generation 2-Core Tornado Clay Mask Innisfree Volcanic Swirl Pore Mask 110g,7600,INNISFREE,100110575,INNISFREE,425000,500000,27,4,TRUE,5,Vietnam,https://www.lazada.vn/products/pdp-i3160803202.html
1495366580,Korean Skin Care Paper Mask Innisfree Energy Mask,7600,INNISFREE,100110575,INNISFREE,30600,36000,35500,1795,TRUE,4.97,Vietnam,https://www.lazada.vn/products/pdp-i1495366580.html
2497688703,Combo of 20 Innisfree Energy Mask Natural Juice Paper Masks - Random Delivery,7600,INNISFREE,100110575,INNISFREE,612000,720000,798,185,TRUE,4.79,Vietnam,https://www.lazada.vn/products/pdp-i2497688703.html
2945239610,Innisfree Light Fitting Concealer 7 g,7600,INNISFREE,100110575,INNISFREE,255000,300000,56,18,TRUE,5,Vietnam,https://www.lazada.vn/products/pdp-i2945239610.html
2907214841,Vitamin C Skin Brightening Pad 60 Pieces Innisfree Vitamin C Greentea Brightening Pad 60Ea,7600,INNISFREE,100110575,INNISFREE,518500,610000,143,31,TRUE,5,Vietnam,https://www.lazada.vn/products/pdp-i2907214841.html
263340569,Innisfree Green Tea Amino Hydrating Cleansing Water,7600,INNISFREE,100110575,INNISFREE,331500,390000,5800,916,TRUE,4.89,Vietnam,https://www.lazada.vn/products/pdp-i263340569.html
13350600065,Combo of 15 Korean Skin Care Paper Masks Innisfree Energy Mask - Rose Hoa Hong,7600,INNISFREE,100110575,INNISFREE,540000,,0,,TRUE,,Bình Dương,https://www.lazada.vn/products/pdp-i13350600065.html
13350324350,Combo of 15 Korean Skin Care Paper Masks Innisfree Energy Mask - Centella Gotu Kola,7600,INNISFREE,100110575,INNISFREE,534600,540000,0,,TRUE,,Bình Dương,https://www.lazada.vn/products/pdp-i13350324350.html
2622232493,Combo of 5 Korean Skin Care Paper Masks Innisfree Energy Mask - Kombucha,7600,INNISFREE,100110575,INNISFREE,153000,180000,57,12,TRUE,5,Bình Dương,https://www.lazada.vn/products/pdp-i2622232493.html
290676662,Super Volcanic Pore Clay Mask Reduces Oiliness and Shrinks Pores Innisfree Super Volcanic Pore Clay Mask 100ml,7600,INNISFREE,100110575,INNISFREE,305000,360000,14800,2548,TRUE,4.89,Vietnam,https://www.lazada.vn/products/pdp-i290676662.html
319686281,Innisfree Green Barley Gommage Gel 120ml,7600,INNISFREE,100110575,INNISFREE,238000,280000,5600,925,TRUE,4.94,Vietnam,https://www.lazada.vn/products/pdp-i319686281.html
2945311205,Innisfree Blueberry Rebalancing Cleansing Water 200 ml,7600,INNISFREE,100110575,INNISFREE,229500,270000,81,21,TRUE,4.76,Vietnam,https://www.lazada.vn/products/pdp-i2945311205.html
300416130,Innisfree Bija Trouble Lotion 100ml for Acne-Prone Skin,7600,INNISFREE,100110575,INNISFREE,360000,,526,129,FALSE,4.93,Bình Dương,https://www.lazada.vn/products/pdp-i300416130.html
1431316626,Innisfree Black Tea Youth Enhancing Ampoule Mask,7600,INNISFREE,100110575,INNISFREE,109000,,337,24,FALSE,5,Bình Dương,https://www.lazada.vn/products/pdp-i1431316626.html
291662638,Innisfree Powerproof Pen Liner Long-Lasting Liquid Eyeliner,7600,INNISFREE,100110575,INNISFREE,217500,250000,557,84,FALSE,4.85,Bình Dương,https://www.lazada.vn/products/pdp-i291662638.html
300404407,Innisfree Powerproof Brush Liner Long-Lasting Liquid Eyeliner - Black 0.6g,7600,INNISFREE,100110575,INNISFREE,217500,250000,710,78,FALSE,4.9,Bình Dương,https://www.lazada.vn/products/pdp-i300404407.html
1968874028,Anti-Aging Lotion from Black Tea Innisfree Black Tea Youth Enhancing Treatment Essence 75 ml,7600,INNISFREE,100110575,INNISFREE,467500,550000,502,82,FALSE,4.94,Bình Dương,https://www.lazada.vn/products/pdp-i1968874028.html
300396710,Innisfree Powerproof Brush Liner Long-Lasting Liquid Eyeliner - Brown 0.6g,7600,INNISFREE,100110575,INNISFREE,212500,250000,272,35,FALSE,4.66,Bình Dương,https://www.lazada.vn/products/pdp-i300396710.html
975028348,"Mascara thuần chay, làm dài và cong mi INNISFREE Simple Label Long & Curl Mascara",7600,INNISFREE,100110575,INNISFREE,396000,400000,250,38,FALSE,4.87,Bình Dương,https://www.lazada.vn/products/pdp-i975028348.html
1742218945,Innisfree No Sebum Powder Cushion Refill 14 g,7600,INNISFREE,100110575,INNISFREE,340000,,106,17,FALSE,5,Bình Dương,https://www.lazada.vn/products/pdp-i1742218945.html
300406405,Toner for Acne-Prone Skin Innisfree Bija Trouble Toner 170ml,7600,INNISFREE,100110575,INNISFREE,348500,410000,1300,253,FALSE,4.94,Bình Dương,https://www.lazada.vn/products/pdp-i300406405.html
2924962879,[Hàng tặng không bán - HB Gift] Kem mắt cho mặt Chống lão hóa PROSHOT COLLA-JUVENATION LIFT 4 5ML,12103,AHC,2.00158E+11,AHC,1000000,,463,85,TRUE,4.95,Vietnam,https://www.lazada.vn/products/pdp-i2924962879.html
2823226290,[Hàng tặng không bán - HB Gift] Mặt nạ dưỡng da cao cấp cấp ẩm dịu da HYDRA SOOTHER (1 miếng) 27ML (Giao màu ngẫu nhiên),12103,AHC,2.00158E+11,AHC,10000000,,1300,217,TRUE,4.99,Vietnam,https://www.lazada.vn/products/pdp-i2823226290.html
2925044501,[Hàng tặng không bán - HB Gift] Kem mắt cho mặt mờ nám sáng da AHC PRO SHOT GLUTA-CTIVATION BRIGHT 3 5ML,12103,AHC,2.00158E+11,AHC,1000000,,355,75,TRUE,4.93,Vietnam,https://www.lazada.vn/products/pdp-i2925044501.html
2807646161,"Eye Cream for Face, Moisturizing, Plumping, Reducing Wrinkles Proshot Hyaluro-Deep Volume 5 Ahc 4 30ml",12103,AHC,2.00158E+11,AHC,465000,498000,796,145,TRUE,4.98,Vietnam,https://www.lazada.vn/products/pdp-i2807646161.html
2925041549,[Hàng tặng không bán - HB Gift] Tinh chất Serum mờ nám sáng da AHC PRO SHOT GLUTA-CTIVATION BRIGHT 3 5ML,12103,AHC,2.00158E+11,AHC,1000000,,1800,282,TRUE,4.94,Vietnam,https://www.lazada.vn/products/pdp-i2925041549.html
2807484823,Eye Cream for Face with Dark Spots and Brightening Skin Proshot Gluta-Ctivation Bright 3 Ahc 30ml,12103,AHC,2.00158E+11,AHC,516000,553000,400,81,TRUE,4.99,Vietnam,https://www.lazada.vn/products/pdp-i2807484823.html
2807630305,Prep + Reset Gentle Makeup Remover 255ml,12103,AHC,2.00158E+11,AHC,460000,488000,26,7,TRUE,5,Vietnam,https://www.lazada.vn/products/pdp-i2807630305.html
2826740622,[Hàng tặng không bán - HB Gift] Combo 2 Nước thần chống lão hóa COLLA-JUVENATION LIFT 4 20ML,12103,AHC,2.00158E+11,AHC,1000000,,648,102,TRUE,5,Hồ Chí Minh,https://www.lazada.vn/products/pdp-i2826740622.html
997184573,"Eye Cream for Face, Anti-Aging and Firming Skin Proshot Colla-Juvenation Lift 4 Ahc 30ml",12103,AHC,2.00158E+11,AHC,716000,767000,11600,1950,TRUE,4.93,Vietnam,https://www.lazada.vn/products/pdp-i997184573.html
2825803990,[Hàng tặng không bán - HB Gift] Nước thần chống lão hóa COLLA-JUVENATION LIFT 4 20ML,12103,AHC,2.00158E+11,AHC,1000000,,1100,184,TRUE,4.98,Vietnam,https://www.lazada.vn/products/pdp-i2825803990.html
2825927173,[Hàng tặng không bán - HB Gift] Nước thần mờ nám sáng da AHC GLUTA-CTIVATION BRIGHT 3 20ML,12103,AHC,2.00158E+11,AHC,1000000,,785,133,TRUE,4.83,Vietnam,https://www.lazada.vn/products/pdp-i2825927173.html
2826967145,[Hàng tặng không bán - HB Gift] Combo 2 Tinh chất Serum mờ nám sáng da AHC PRO SHOT GLUTA-CTIVATION BRIGHT 3 10ML,12103,AHC,2.00158E+11,AHC,1000000,,170,33,TRUE,4.88,Hồ Chí Minh,https://www.lazada.vn/products/pdp-i2826967145.html
2826970146,[Hàng tặng không bán - HB Gift] Combo 2 Tinh chất Serum cấp ẩm sâu căng bóng AHC PROSHOT HYALURO-DEEP VOLUME 5 10ML,12103,AHC,2.00158E+11,AHC,1000000,,84,16,TRUE,4.88,Hồ Chí Minh,https://www.lazada.vn/products/pdp-i2826970146.html
2924992849,[Hàng tặng không bán - HB Gift] Tinh chất Serum Chống lão hóa PROSHOT COLLA-JUVENATION LIFT 4 5ML,12103,AHC,2.00158E+11,AHC,1000000,,578,102,TRUE,4.99,Vietnam,https://www.lazada.vn/products/pdp-i2924992849.html
2819157805,Duo of Eye Cream for Face + Ahc Skin Brightening Sunscreen Serum 30ml + 40ml,12103,AHC,2.00158E+11,AHC,997000,1046000,17,3,TRUE,5,Hồ Chí Minh,https://www.lazada.vn/products/pdp-i2819157805.html
2819239523,Proshot Hyaluro-Deep Volume 5 40ml + 30ml Serum + Eye Cream Duo for Moisturizing and Smoothing Wrinkles,12103,AHC,2.00158E+11,AHC,1226000,1357000,79,11,TRUE,4.64,Hồ Chí Minh,https://www.lazada.vn/products/pdp-i2819239523.html
2826686922,[Hàng tặng không bán - HB Gift] Combo 2 Tinh chất Serum Chống lão hóa PROSHOT COLLA-JUVENATION LIFT 4 10ML,12103,AHC,2.00158E+11,AHC,1000000,,129,25,TRUE,5,Hồ Chí Minh,https://www.lazada.vn/products/pdp-i2826686922.html
2819111965,Duo of Eye Cream for Face + Ahc Moisturizing Sunscreen Serum 30ml + 40ml,12103,AHC,2.00158E+11,AHC,935000,991000,33,12,TRUE,5,Hồ Chí Minh,https://www.lazada.vn/products/pdp-i2819111965.html
2826686973,[Hàng tặng không bán - HB Gift] Combo 2 Nước thần cấp ẩm sâu căng bóng AHC HYALURO-DEEP VOLUME 5 20ML,12103,AHC,2.00158E+11,AHC,1000000,,253,53,TRUE,4.98,Hồ Chí Minh,https://www.lazada.vn/products/pdp-i2826686973.html
3024225676,[Hàng tặng không bán - HB Gift] Combo 3 Mặt nạ dưỡng da cao cấp cấp ẩm dịu da HYDRA SOOTHER (1 miếng) 27ML (Giao màu ngẫu nhiên),12103,AHC,2.00158E+11,AHC,1000000,,92,19,TRUE,4.58,Hồ Chí Minh,https://www.lazada.vn/products/pdp-i3024225676.html
2819482132,Duo of Eye Cream for Face + Ahc Anti-Aging Sunscreen Serum 30ml + 40ml,12103,AHC,2.00158E+11,AHC,1200000,1260000,15,4,TRUE,5,Hồ Chí Minh,https://www.lazada.vn/products/pdp-i2819482132.html
2807630603,Ahc Safe on Sunscreen Lotion 50ml,12103,AHC,2.00158E+11,AHC,465000,493000,84,23,TRUE,4.78,Vietnam,https://www.lazada.vn/products/pdp-i2807630603.html
3058409886,Ahc Broad Spectrum Sunscreen Oil Control 24H Masters Air Rich Sun Stick 22g,12103,AHC,2.00158E+11,AHC,460000,493000,91,26,TRUE,5,Vietnam,https://www.lazada.vn/products/pdp-i3058409886.html
2807646373,Ahc Safe on Sunscreen Serum 40ml,12103,AHC,2.00158E+11,AHC,465000,493000,143,34,TRUE,4.91,Vietnam,https://www.lazada.vn/products/pdp-i2807646373.html
13388458334,"Serum Chống Nắng Hiệu Chỉnh Sắc Da, Nâng Tone Chuẩn Hàn (50 ml) AHC MASTERS TONE UP SUN SERUM",12103,AHC,2.00158E+11,AHC,639000,666000,0,,TRUE,,Vietnam,https://www.lazada.vn/products/pdp-i13388458334.html
2807706606,Proshot Colla-Juvenation Lift 4 Ahc 40ml Anti-Aging Skin Firming Serum,12103,AHC,2.00158E+11,AHC,1276000,1367000,169,30,TRUE,5,Vietnam,https://www.lazada.vn/products/pdp-i2807706606.html
2807541359,Proshot Gluta-Ctivation Bright 3 Ahc 40ml Skin Brightening Serum Essence,12103,AHC,2.00158E+11,AHC,891000,955000,569,96,TRUE,4.94,Vietnam,https://www.lazada.vn/products/pdp-i2807541359.html
3023916842,[Hàng tặng không bán - HB Gift] Combo 2 Mặt nạ dưỡng da cao cấp cấp ẩm dịu da HYDRA SOOTHER (1 miếng) 27ML (Giao màu ngẫu nhiên),12103,AHC,2.00158E+11,AHC,1000000,,795,142,TRUE,4.94,Hồ Chí Minh,https://www.lazada.vn/products/pdp-i3023916842.html
2819237519,Proshot Colla-Juvenation Lift Anti-Aging and Firming Facial Serum + Eye Cream Duo 4 40ml + 30ml,12103,AHC,2.00158E+11,AHC,1907000,2134000,148,28,TRUE,5,Vietnam,https://www.lazada.vn/products/pdp-i2819237519.html
2807533214,Colla-Juventation Lift 4 Ahc 50ml Anti-Aging Firming Cream and Sleeping Mask,12103,AHC,2.00158E+11,AHC,866000,928000,550,99,TRUE,4.91,Vietnam,https://www.lazada.vn/products/pdp-i2807533214.html
2807629175,Proshot Hyaluro-Deep Volume 5 Ahc 4 40ml Wrinkle-Filling Serum Essence,12103,AHC,2.00158E+11,AHC,802000,859000,304,52,TRUE,4.96,Vietnam,https://www.lazada.vn/products/pdp-i2807629175.html
2807689455,Box of 5 Ahc Premium Skin Care Mask Patches 27ml X 5,12103,AHC,2.00158E+11,AHC,684000,725000,169,35,TRUE,4.89,Vietnam,https://www.lazada.vn/products/pdp-i2807689455.html
2807530674,Proshot Gluta-Ctivation Bright 3 Ahc 50ml Skin Brightening Cream and Sleeping Mask,12103,AHC,2.00158E+11,AHC,743000,796000,511,115,TRUE,4.9,Vietnam,https://www.lazada.vn/products/pdp-i2807530674.html
13397068257,Ahc Pro Shot Pore Eraser Serum,12103,AHC,2.00158E+11,AHC,675840,,0,,FALSE,,Hồ Chí Minh,https://www.lazada.vn/products/pdp-i13397068257.html
2819465169,Proshot Gluta-Ctivation Bright 3 40ml + 30ml Serum + Eye Cream Set for Brightening Skin with Melasma,12103,AHC,2.00158E+11,AHC,1348000,1508000,113,20,FALSE,5,Hồ Chí Minh,https://www.lazada.vn/products/pdp-i2819465169.html
3058592347,Kem chống nắng AHC phổ rộng 400nm căng mướt da chuẩn Hàn Masters Aqua Rich Sun Cream,12103,AHC,2.00158E+11,AHC,528000,550000,705,129,FALSE,4.98,Hồ Chí Minh,https://www.lazada.vn/products/pdp-i3058592347.html
442144924,"Vichy Collagen 16 Day Cream Improves 16 Signs of Aging, Reduces Wrinkles, Firms, and Brightens Skin 50ml",3657,Vichy,1000035113,Vichy Flagship Store,1121000,1260000,7700,1432,TRUE,4.84,Vietnam,https://www.lazada.vn/products/pdp-i442144924.html
255634687,Vichy Purete Thermal One Step Cleanser 3-in-1 Makeup Remover Facial Cleanser,3657,Vichy,1000035113,Vichy Flagship Store,627000,705000,2200,366,TRUE,4.85,Vietnam,https://www.lazada.vn/products/pdp-i255634687.html
305214050,Vichy Laboratoires Normaderm Intensive Pur Deep Cleansing Facial Cleanser 200ml,3657,Vichy,1000035113,Vichy Flagship Store,485000,510000,2200,381,TRUE,4.86,Vietnam,https://www.lazada.vn/products/pdp-i305214050.html
255639374,"Vichy Mineral 89 50ml specifically restores and moisturizes mineral serum 50ml, anti-cloning skin implants",3657,Vichy,1000035113,Vichy Flagship Store,1081000,1215000,16800,2719,TRUE,4.92,Vietnam,https://www.lazada.vn/products/pdp-i255639374.html
926214101,Vichy Normaderm Phytosolution Deep Cleansing Gel Cleanser Reduces Sebum,3657,Vichy,1000035113,Vichy Flagship Store,668000,750000,5100,958,TRUE,4.88,Vietnam,https://www.lazada.vn/products/pdp-i926214101.html
1294869452,Vichy Laboratoires Dercos Technique Stimulating Shampoo Complements Anti-Hair Loss Treatments 200ml,3657,Vichy,1000035113,Vichy Flagship Store,394000,415000,3800,665,TRUE,4.94,Vietnam,https://www.lazada.vn/products/pdp-i1294869452.html
259815903,Vichy Liftactiv Supreme Day Cream Prevents Signs of Aging and Firms the Skin (Daytime),3657,Vichy,1000035113,Vichy Flagship Store,1644000,1730000,439,85,TRUE,4.87,Vietnam,https://www.lazada.vn/products/pdp-i259815903.html
1219399173,"[Kol My Thuan Family - Exclusive Deal] Vichy Collagen 16 Night Cream Helps Improve All 16 Signs of Aging, Reduces Wrinkles, Brightens Skin, for Use at Night 50ml",3657,Vichy,1000035113,Vichy Flagship Store,1121000,1260000,8100,1434,TRUE,4.94,Vietnam,https://www.lazada.vn/products/pdp-i1219399173.html
1294875385,"100% Anti-Dandruff Shampoo after Just 1 Wash, Helps Clean Dandruff for Oily and Itchy Scalp Vichy Dercos Anti Dandruff 200ml",3657,Vichy,1000035113,Vichy Flagship Store,369000,415000,5900,991,TRUE,4.94,Vietnam,https://www.lazada.vn/products/pdp-i1294875385.html
255641255,Vichy Mineralizing Thermal Water 300ml Helps Moisturize and Protect the Skin,3657,Vichy,1000035113,Vichy Flagship Store,499000,525000,7300,1331,TRUE,4.84,Vietnam,https://www.lazada.vn/products/pdp-i255641255.html
255627768,Vichy Mineral 89 Deep Recovery Mineral Serum,3657,Vichy,1000035113,Vichy Flagship Store,722000,760000,3700,631,TRUE,4.9,Vietnam,https://www.lazada.vn/products/pdp-i255627768.html
305202126,Normaderm Phytosolution Double-Correction Daily Care Milk Gel Cream for Acne Skin with Dual Action 50ml,3657,Vichy,1000035113,Vichy Flagship Store,637000,670000,4900,907,TRUE,4.89,Vietnam,https://www.lazada.vn/products/pdp-i305202126.html
2350372560,Makeup Remover for Sensitive Skin Vichy Mineral Micellar Water Pureté Thermale 400ml,3657,Vichy,1000035113,Vichy Flagship Store,570000,600000,122,23,TRUE,5,Vietnam,https://www.lazada.vn/products/pdp-i2350372560.html
2708787113,Lifactiv B3 Pure Retinol foundation night cream 50ml,3657,Vichy,1000035113,Vichy Flagship Store,1197000,1260000,265,77,TRUE,4.9,Vietnam,https://www.lazada.vn/products/pdp-i2708787113.html
255631768,Vichy Mineralizing Thermal Water,3657,Vichy,1000035113,Vichy Flagship Store,342000,360000,4600,1053,TRUE,4.87,Vietnam,https://www.lazada.vn/products/pdp-i255631768.html
1651162445,"Serum Helps Brighten Skin, Improve, and Prevent Dark Spots and Brown Spots Comprehensively Vichy Liftactiv B3 Dark Spots Serum 30ml",3657,Vichy,1000035113,Vichy Flagship Store,1139000,1280000,5800,993,TRUE,4.94,Vietnam,https://www.lazada.vn/products/pdp-i1651162445.html
273102595,Sunscreen Protects and Helps Reduce Signs of Aging Capital Soleil Anti-Age Spf50,3657,Vichy,1000035113,Vichy Flagship Store,603000,635000,3800,605,TRUE,4.86,Vietnam,https://www.lazada.vn/products/pdp-i273102595.html
2272749268,"[New Version] Sunscreen Gel Protects the Skin from Uv Rays, Pollution, Fine Dust, Reduces Dark Spots, Brown Spots, Wrinkles Vichy Uv Age 40ml",3657,Vichy,1000035113,Vichy Flagship Store,580000,610000,1100,227,TRUE,4.91,Vietnam,https://www.lazada.vn/products/pdp-i2272749268.html
255634683,Sunscreen to Reduce Dark Spots Spf 50+ Vichy Capital Soleil Uvb+Uva Anti Dark Spot 3 in 1,3657,Vichy,1000035113,Vichy Flagship Store,603000,635000,2700,486,TRUE,4.78,Vietnam,https://www.lazada.vn/products/pdp-i255634683.html
3101741434,"Serum Vichy Collagen 16 Rejuvenates & Tightens Skin, Improves 16/16 Signs of Aging 30ml",3657,Vichy,1000035113,Vichy Flagship Store,1202000,1350000,272,62,TRUE,4.9,Vietnam,https://www.lazada.vn/products/pdp-i3101741434.html
1940307961,"Conditioner Enhances Hair Health, Reduces Breakage and Hair Loss Vichy Dercos Energisant 200ml",3657,Vichy,1000035113,Vichy Flagship Store,394000,415000,797,162,TRUE,4.99,Vietnam,https://www.lazada.vn/products/pdp-i1940307961.html
2508763270,Set of 2 Anti-Dandruff Shampoos for Oily & Itchy Scalp Vichy Dercos Anti Dandruff 200ml X2,3657,Vichy,1000035113,Vichy Flagship Store,738000,830000,914,172,TRUE,4.96,Bình Dương,https://www.lazada.vn/products/pdp-i2508763270.html
3314254237,"Vichy Dercos Serum Increases Hair Density, Reduces Hair Loss, and Effectively Thickens Hair 90ml - for Thin, Sparse, and Weak Hair",3657,Vichy,1000035113,Vichy Flagship Store,1200000,,8,1,TRUE,5,Vietnam,https://www.lazada.vn/products/pdp-i3314254237.html
255639376,SPF 50 UVA + posvichy Capital Soleil mattifying Dry Touch face cream fluid,3657,Vichy,1000035113,Vichy Flagship Store,525000,590000,25100,4297,TRUE,4.91,Vietnam,https://www.lazada.vn/products/pdp-i255639376.html
1973255246,Vichy Ideal Soleil Dry Touch SPF 50 harmful UVA rays + code50 ml,3657,Vichy,1000035113,Vichy Flagship Store,1050000,1180000,2200,414,TRUE,4.94,Vietnam,https://www.lazada.vn/products/pdp-i1973255246.html
255634686,"Dry Deodorant Roll-On, Prevents Underarm Sweat for up to 48H Vichy Traitement Anti - Perspirant 50ml",3657,Vichy,1000035113,Vichy Flagship Store,320000,360000,6300,1050,TRUE,4.91,Vietnam,https://www.lazada.vn/products/pdp-i255634686.html
255636695,Deodorant Helps Keep the Skin Dry and Prevents Sweating in the Underarm Area up to 72H Vichy Détranspirant Intensif 50ml,3657,Vichy,1000035113,Vichy Flagship Store,320000,360000,6100,878,TRUE,4.92,Vietnam,https://www.lazada.vn/products/pdp-i255636695.html
1968112779,Liftactiv Supreme H.A. Concentrated Essence to Improve Wrinkles. Epidermic Filler 30ml,3657,Vichy,1000035113,Vichy Flagship Store,1758000,1850000,337,74,FALSE,4.93,Bình Dương,https://www.lazada.vn/products/pdp-i1968112779.html
255639377,Vichy Liftactive Night Cream Reduces Wrinkles and Firms the Skin at Night,3657,Vichy,1000035113,Vichy Flagship Store,1644000,1730000,1100,215,FALSE,4.84,Bình Dương,https://www.lazada.vn/products/pdp-i255639377.html
763798553,"Sunscreen for Oily and Acne-Prone Skin, Reduces Signs of Aging and Controls Oil Shine Vichy Capital Soleil Mattifying 3-in-1 50ml",3657,Vichy,1000035113,Vichy Flagship Store,594000,625000,6400,1058,FALSE,4.85,Bình Dương,https://www.lazada.vn/products/pdp-i763798553.html
1935453215,"[Belif Official] Belif Multi Vitamin Mask 75ml, a Deep Moisturizing and Skin-Restoring Sleeping Mask",12468,belif,1000494382,belif Flagship Store,750000,850000,3100,467,TRUE,4.96,Vietnam,https://www.lazada.vn/products/pdp-i1935453215.html
2663543815,"[Belif Official] New Generation Multi-Purpose Lip Balm, Moisturizing and Plumping Belif Lipcerin Super Knights 15ml",12468,belif,1000494382,belif Flagship Store,465000,530000,248,46,TRUE,4.98,Vietnam,https://www.lazada.vn/products/pdp-i2663543815.html
3113115503,[Belif Official] Belif Super Knights Vegan Soothing and Moisturizing Facial Cleanser (150ml),12468,belif,1000494382,belif Flagship Store,519000,590000,12,3,TRUE,5,Vietnam,https://www.lazada.vn/products/pdp-i3113115503.html
13392727504,[Belif Official] Belif Skin Soothing and Pore Minimizing Cream Set 50ml + 10Mlx2,12468,belif,1000494382,belif Flagship Store,690000,,0,,TRUE,,Vietnam,https://www.lazada.vn/products/pdp-i13392727504.html
437226781,Belif The True Cream Aqua Bomb 50ml,12468,belif,1000494382,belif Flagship Store,1012000,1150000,2800,443,TRUE,4.93,Vietnam,https://www.lazada.vn/products/pdp-i437226781.html
2397800132,"[Belif Official] Belif Regenerating Mask 75ml, a Regenerating and Anti-Aging Sleeping Mask",12468,belif,1000494382,belif Flagship Store,750000,850000,549,101,TRUE,4.97,Vietnam,https://www.lazada.vn/products/pdp-i2397800132.html
3205222350,Belif Frozen Cream 50ml Skin Soothing and Pore Minimizing Cream,12468,belif,1000494382,belif Flagship Store,586000,690000,33,6,TRUE,5,Vietnam,https://www.lazada.vn/products/pdp-i3205222350.html
3205222399,[Belif Official] Soothing and Pore-Minimizing Toner for Sensitive Skin Belif Frozen Toner 300ml,12468,belif,1000494382,belif Flagship Store,586000,690000,28,4,TRUE,5,Vietnam,https://www.lazada.vn/products/pdp-i3205222399.html
3205238252,[Belif Official] Jelly Mask That Soothes and Brightens Belif Aqua Bomb Frozen Modeling Mask,12468,belif,1000494382,belif Flagship Store,149000,175000,19,3,TRUE,5,Vietnam,https://www.lazada.vn/products/pdp-i3205238252.html
3113213037,[Belif Official] Belif Super Knights Vegan Facial Cleanser Helps Tighten Pores (150ml),12468,belif,1000494382,belif Flagship Store,519000,590000,22,9,FALSE,5,Hồ Chí Minh,https://www.lazada.vn/products/pdp-i3113213037.html
3113135354,[Belif Official] Belif Super Knights Vegan Skin Brightening Facial Cleanser (150ml),12468,belif,1000494382,belif Flagship Store,531000,590000,12,6,FALSE,5,Hồ Chí Minh,https://www.lazada.vn/products/pdp-i3113135354.html
1393414401,[Belif Official] Belif the True Cream Moisturizing Bomb 48-Hour Moisturizer 50ml,12468,belif,1000494382,belif Flagship Store,607000,650000,1100,153,FALSE,4.95,Vietnam,https://www.lazada.vn/products/pdp-i1393414401.html
1881050718,[Belif Official] Moisturizing Set for Oily Skin the True Cream Aqua Bomb Jumbo Size 125ml,12468,belif,1000494382,belif Flagship Store,1659000,2450000,107,11,FALSE,5,Hồ Chí Minh,https://www.lazada.vn/products/pdp-i1881050718.html
2758887822,[Belif Official] Belif Super Drops Moisturizing and Soothing Essence - Multi7-Hyaluron Serum 30ml,12468,belif,1000494382,belif Flagship Store,747000,830000,42,8,FALSE,5,Hồ Chí Minh,https://www.lazada.vn/products/pdp-i2758887822.html
2049997307,[Belif Official] Belif Super Drops Hyalucid 11% 30ml Anti-Oxidant Intensive Moisturizing Essence,12468,belif,1000494382,belif Flagship Store,1800000,2000000,47,2,FALSE,5,Hồ Chí Minh,https://www.lazada.vn/products/pdp-i2049997307.html
2758897865,[Belif Official] Belif Super Drops - Peptide Firming Serum 30ml,12468,belif,1000494382,belif Flagship Store,801000,890000,51,17,FALSE,5,Hồ Chí Minh,https://www.lazada.vn/products/pdp-i2758897865.html
3049037074,DrCeutics Bộ Chăm Sóc Dưỡng Sáng Da B3 12% (30g) + Vitamin A Cream 200.000 IU (50g) và Hyaluronic Serum + NMFs (30g) Skincare,124212687,DrCeutics,2.00377E+11,DrCeutics,685000,,0,,TRUE,,Vietnam,https://www.lazada.vn/products/pdp-i3049037074.html
2964881195,"Drceutics Sữa Tẩy Trang Olive - Gentle OLIVE Milky Micellar Water Dành Cho Mọi Loại Da, Da nhạy cảm 310ml",124212687,DrCeutics,2.00377E+11,DrCeutics,210000,,9,2,TRUE,5,Vietnam,https://www.lazada.vn/products/pdp-i2964881195.html
2276654516,Tinh Chất Làm Mờ Nám Sáng Da Giảm Đỏ DrCeutics Tranexamic 3% (30g),124212687,DrCeutics,2.00377E+11,DrCeutics,540000,,52,13,TRUE,5,Vietnam,https://www.lazada.vn/products/pdp-i2276654516.html
2276699094,"Sữa Dưỡng Thể Trắng Da DrCeutics Body Lotion Healthy White (150ml, 300g)",124212687,DrCeutics,2.00377E+11,DrCeutics,440000,,110,26,TRUE,5,Vietnam,https://www.lazada.vn/products/pdp-i2276699094.html
3329831949,Drceutics Upgraded Version Niacinamide Essence Drceutics Intensive Niacinamide 20% Supports Skin Brightening and Dark Spot Reduction (40g),124212687,DrCeutics,2.00377E+11,DrCeutics,325000,,0,1,TRUE,5,Vietnam,https://www.lazada.vn/products/pdp-i3329831949.html
2316226943,DRCEUTICS Gel Dưỡng Ẩm Kiềm Dầu Và Phục Hồi Da Dual Urea 10% Mattifying Hydro Boost (35g),124212687,DrCeutics,2.00377E+11,DrCeutics,225000,,124,29,TRUE,5,Vietnam,https://www.lazada.vn/products/pdp-i2316226943.html
2279892319,DRCEUTICS Dung Dịch Làm Sạch Và Cân Bằng Da BHA 2% ACOLHOLIC (Nền Cồn) - 200ml,124212687,DrCeutics,2.00377E+11,DrCeutics,135000,,34,7,TRUE,4.71,Vietnam,https://www.lazada.vn/products/pdp-i2279892319.html
2276682315,Tinh Chất Alpha Arbutin Làm Sáng Da Mờ Nám DrCeutics Alpha Arbutin 5% Và Kojic Dipalmitate 2% (30gram),124212687,DrCeutics,2.00377E+11,DrCeutics,340000,,236,40,TRUE,4.92,Vietnam,https://www.lazada.vn/products/pdp-i2276682315.html
3136570780,"DrCeutics Serum Phiên Bản Nâng Cấp Basic Panthenol 5% & Saccharide Hydrolysate 2% - Hỗ Trợ Cấp Ẩm, Làm Dịu Da 30g",124212687,DrCeutics,2.00377E+11,DrCeutics,175000,,9,2,TRUE,5,Vietnam,https://www.lazada.vn/products/pdp-i3136570780.html
2277041164,DRCEUTICS Serum Vitamin C 16% DrCeutics Ngăn Ngừa Lão Hóa Và Làm Sáng Da (30g),124212687,DrCeutics,2.00377E+11,DrCeutics,340000,,185,54,TRUE,4.98,Vietnam,https://www.lazada.vn/products/pdp-i2277041164.html
2276434521,DRCEUTICS Tinh Chất HA Drceutics Cấp Ẩm Và Căng Bóng Da Hyaluronic Acid + NMFs 30ml,124212687,DrCeutics,2.00377E+11,DrCeutics,210000,,87,29,TRUE,5,Vietnam,https://www.lazada.vn/products/pdp-i2276434521.html
2276974858,DRCEUTICS - Kem Dưỡng Vitamin A Trẻ Hoá Và Căng Mịn Da (35g),124212687,DrCeutics,2.00377E+11,DrCeutics,250000,,338,80,TRUE,4.94,Vietnam,https://www.lazada.vn/products/pdp-i2276974858.html
2274463915,"DRCEUTICS Serum B5 DrCeutics Cấp Ẩm Và Phục Hồi Da Dexpanthenol 10% + Centella Extract + HA (30g, 100g)",124212687,DrCeutics,2.00377E+11,DrCeutics,210000,,541,108,TRUE,4.95,Vietnam,https://www.lazada.vn/products/pdp-i2274463915.html
2276460281,"DRCEUTICS Tinh Chất Niacinamide Basic 8% DrCeutics Cho Da Dầu Mụn (30g, 100g)",124212687,DrCeutics,2.00377E+11,DrCeutics,175000,,267,57,TRUE,4.91,Vietnam,https://www.lazada.vn/products/pdp-i2276460281.html
13331933070,Drceutics Upgraded Version Drceutics Ha Basic Hydration Essence for Oily and Acne-Prone Skin (40g),124212687,DrCeutics,2.00377E+11,DrCeutics,180000,,0,1,TRUE,5,Vietnam,https://www.lazada.vn/products/pdp-i13331933070.html
2332661188,DRCEUTICS Kem Dưỡng Trẻ Hóa và Căng Mịn Da Chứa Vitamin A Intensive Cream 300.000 IU (35 g),124212687,DrCeutics,2.00377E+11,DrCeutics,250000,,122,22,TRUE,4.91,Vietnam,https://www.lazada.vn/products/pdp-i2332661188.html
2276432908,"DRCEUTICS Tinh chất Niacinamide DrCeutics Intensive Niacinamide 20% Mờ Thâm Sáng Da (30g, 100g)",124212687,DrCeutics,2.00377E+11,DrCeutics,325000,,156,37,TRUE,4.97,Vietnam,https://www.lazada.vn/products/pdp-i2276432908.html
3013939261,"DrCeutics Gel Rửa Mặt Tạo Bọt Gentle OLIVE Facial Cleansing Gel – Dịu Nhẹ, Dành Cho Mọi Loại Da, Da Nhạy Cảm (250g)",124212687,DrCeutics,2.00377E+11,DrCeutics,240000,,6,2,TRUE,5,Vietnam,https://www.lazada.vn/products/pdp-i3013939261.html
2276599774,"Tinh Chất HA Basic Hydration Drceutics Cho Da Dầu Mụn (30g), (100g)",124212687,DrCeutics,2.00377E+11,DrCeutics,140000,,1300,148,TRUE,4.95,Vietnam,https://www.lazada.vn/products/pdp-i2276599774.html
13331835341,Drceutic Upgraded Version Intensive Dexpanthenol 15% Hydration Moisturizes & Restores Dry Skin (40g),124212687,DrCeutics,2.00377E+11,DrCeutics,320000,,0,1,TRUE,4,Vietnam,https://www.lazada.vn/products/pdp-i13331835341.html
2933250122,"DrCeutics Sữa Rửa Mặt Tạo Bọt Gentle Olive Foaming Facial Wash - Lành Tính Cho Mọi Loại Da, Da Nhạy Cảm 420g",124212687,DrCeutics,2.00377E+11,DrCeutics,266000,280000,39,10,TRUE,5,Vietnam,https://www.lazada.vn/products/pdp-i2933250122.html
3185048578,Drceutics Serum Upgraded Version Basic Panthenol 5% & Saccharide Hydrolysate 2% - Moisturizing and Soothing Skin 40g,124212687,DrCeutics,2.00377E+11,DrCeutics,175000,,0,,TRUE,,Vietnam,https://www.lazada.vn/products/pdp-i3185048578.html
2277249031,"DRCEUTICS Serum Niacinamide 12% DrCeutics Giảm Thâm Sáng Da Kiềm Dầu (30g, 100g)",124212687,DrCeutics,2.00377E+11,DrCeutics,225000,,482,104,TRUE,4.93,Vietnam,https://www.lazada.vn/products/pdp-i2277249031.html
2495012336,"DrCeutics Tinh Chất Vitamin B5 Intensive Dexpanthenol 15% X2 Hydration Cấp Ẩm & Phục Hồi Cho Da Treatment, Da Khô (30g, 100g)",124212687,DrCeutics,2.00377E+11,DrCeutics,320000,,31,10,TRUE,5,Vietnam,https://www.lazada.vn/products/pdp-i2495012336.html
2274558063,"DRCEUTICS Tinh Chất B5 Basic Hydration 5% DrCeutics Cho Da Dầu Mụn (30g, 100g)",124212687,DrCeutics,2.00377E+11,DrCeutics,140000,,642,146,TRUE,4.99,Vietnam,https://www.lazada.vn/products/pdp-i2274558063.html
2276747072,DRCEUTICS Basic Toner Và Standard Toner Cấp Ẩm Cho Da (200ml),124212687,DrCeutics,2.00377E+11,DrCeutics,180000,,231,50,TRUE,5,Vietnam,https://www.lazada.vn/products/pdp-i2276747072.html
3216392264,Drceutics Upgraded Version Drceutics Serum B5 Moisturizes and Restores Skin Dexpanthenol 10% + Centella Extract + Ha 40g,124212687,DrCeutics,2.00377E+11,DrCeutics,210000,,9,3,TRUE,5,Vietnam,https://www.lazada.vn/products/pdp-i3216392264.html
2279562019,Drceutics Basic Bha 2% in Alcohol Exfoliating Solution - Alcohol Base (100ml - 200ml),124212687,DrCeutics,2.00377E+11,DrCeutics,120000,,303,61,TRUE,5,Vietnam,https://www.lazada.vn/products/pdp-i2279562019.html
2279838724,DRCEUTICS Dung Dịch Làm Sạch Và Cân Bằng Da BHA 2% AQUALIC (Nền Nước) - 200ml,124212687,DrCeutics,2.00377E+11,DrCeutics,210000,,93,10,TRUE,5,Vietnam,https://www.lazada.vn/products/pdp-i2279838724.html
3152341852,DRCEUTICS REFILL TẨY TRANG OLIVE - DẠNG NƯỚC VÀ SỮA 480ML| TIẾT KIỆM - TIỆN LỢI DÀNH CHO MỌI LOẠI DA,124212687,DrCeutics,2.00377E+11,DrCeutics,95000,,111,19,TRUE,4.84,Vietnam,https://www.lazada.vn/products/pdp-i3152341852.html
3081106159,"DrCeutics Nước Tẩy Trang Làm Dịu Da OLIVE - Gentle OLIVE Soothing Micellar Water Dành Cho Mọi Loại Da, Da nhạy cảm 500ml",124212687,DrCeutics,2.00377E+11,DrCeutics,190000,,10,1,TRUE,5,Vietnam,https://www.lazada.vn/products/pdp-i3081106159.html
2404037118,"Drceutics Ultra-Mild Olive Cleansing Water for All Skin Types, Sensitive Skin",124212687,DrCeutics,2.00377E+11,DrCeutics,170000,,665,159,TRUE,4.99,Vietnam,https://www.lazada.vn/products/pdp-i2404037118.html
2276658182,"Kem Dưỡng Chống Lão DrCeutics Chứa Retinol Niacinamide Và Dịch Chiết Tế Bào Gốc Quả Táo (0.5%, 1% -30ml)",124212687,DrCeutics,2.00377E+11,DrCeutics,650000,,39,9,FALSE,5,Cần Thơ,https://www.lazada.vn/products/pdp-i2276658182.html
2276573936,Tinh Chất EGF DrCeutics Phục Hồi Và Trẻ Hóa Da (30g),124212687,DrCeutics,2.00377E+11,DrCeutics,390000,,17,2,FALSE,4,Cần Thơ,https://www.lazada.vn/products/pdp-i2276573936.html
3305555277,Drceutics Upgraded Version Vitamin C Serum 16% Drceutics Prevents Aging and Brightens Skin 40g,124212687,DrCeutics,2.00377E+11,DrCeutics,340000,,0,1,FALSE,5,Cần Thơ,https://www.lazada.vn/products/pdp-i3305555277.html
2276455928,Serum AHA DrCeutics Tẩy Da Chết Làm Sáng Và Chống Lão Hóa Da AHA 10% Exfoliating 30g,124212687,DrCeutics,2.00377E+11,DrCeutics,180000,,275,63,FALSE,5,Vietnam,https://www.lazada.vn/products/pdp-i2276455928.html
2316324267,DRCEUTICS Kem Dưỡng Ẩm Và Phục Hồi Da Dual Urea 15% Moisture Replenishing Cream (35g),124212687,DrCeutics,2.00377E+11,DrCeutics,180000,,193,48,FALSE,4.96,Cần Thơ,https://www.lazada.vn/products/pdp-i2316324267.html
2398882855,"DRCEUTICS Kem Dưỡng Giảm Nám, Giảm Đỏ Và Làm Sáng Da Ultimate Tranexamic Cream (30g)",124212687,DrCeutics,2.00377E+11,DrCeutics,680000,,45,10,FALSE,5,Cần Thơ,https://www.lazada.vn/products/pdp-i2398882855.html
2316308284,DRCEUTICS Gel Dưỡng Ẩm Và Phục Hồi Da Dual Urea 5% Invisible Hydrating Gel (35g),124212687,DrCeutics,2.00377E+11,DrCeutics,120000,,68,15,FALSE,5,Cần Thơ,https://www.lazada.vn/products/pdp-i2316308284.html
2921894247,"Bộ Chăm Sóc Da Dầu, Mụn Viêm Drceutics - BHA 2% + Zinc PCA 1% (30g) + Niacinamide 8% (30g) + Gel Dưỡng Ẩm Dual Urea 5% (50g)",124212687,DrCeutics,2.00377E+11,DrCeutics,530000,,10,7,FALSE,5,Cần Thơ,https://www.lazada.vn/products/pdp-i2921894247.html
2275873030,DRCEUTICS Serum Kẽm BHA 2% + Zinc PCA 1% DrCeutics giảm mụn và giảm tiết dầu 30g,124212687,DrCeutics,2.00377E+11,DrCeutics,190000,,321,78,FALSE,4.9,Cần Thơ,https://www.lazada.vn/products/pdp-i2275873030.html
13398365791,[Date 03.2027][Gift] Jumiso Super Soothing Cica & Aloe Facial Serum 5ml,127367096,Jumiso,2.01094E+11,JUMISO,500000,,0,,TRUE,,Vietnam,https://www.lazada.vn/products/pdp-i13398365791.html
13398447711,[Date 12.2026][Gift] Trouble Kit (Cleanser + Snail Essence),127367096,Jumiso,2.01094E+11,JUMISO,1000000,,0,,TRUE,,Vietnam,https://www.lazada.vn/products/pdp-i13398447711.html
3302736466,"Jumiso Waterfull Ha Facial Cleanser Deeply Cleanses, Removes Sunscreen Residue and Moisturizes the Skin",127367096,Jumiso,2.01094E+11,JUMISO,249000,,5,1,TRUE,5,Vietnam,https://www.lazada.vn/products/pdp-i3302736466.html
3316759990,[Giveaway Not for Sale] Sample Low Ph Facial Cleanser for Deep Pore Cleansing 1ml,127367096,Jumiso,2.01094E+11,JUMISO,100000,,37,9,TRUE,5,Vietnam,https://www.lazada.vn/products/pdp-i3316759990.html
3316873271,[10 Low Ph Facial Cleanser for Deep Pore Cleansing 20g,127367096,Jumiso,2.01094E+11,JUMISO,500000,,0,,TRUE,,Vietnam,https://www.lazada.vn/products/pdp-i3316873271.html
13398830623,Jumiso Niacinamide 2% Oil Control Cream 80ml,127367096,Jumiso,2.01094E+11,JUMISO,459000,680000,0,,TRUE,,Vietnam,https://www.lazada.vn/products/pdp-i13398830623.html
3316895098,"[Gift] Jumiso Niacinamide 20% Serum 1ml, a Brightening and Dark Spots Fading Support Essence",127367096,Jumiso,2.01094E+11,JUMISO,100000,,43,8,TRUE,4.5,Vietnam,https://www.lazada.vn/products/pdp-i3316895098.html
3302761487,[Buy 1 Get 4 Free] Low Ph Facial Cleanser for Deep Pore Cleansing for Oily and Acne-Prone Skin Jumiso Pore Purifying Salicylic Foaming Cleanser 120g,127367096,Jumiso,2.01094E+11,JUMISO,323000,353500,0,1,TRUE,5,Vietnam,https://www.lazada.vn/products/pdp-i3302761487.html
13387376322,[Date 09.2026][Gift] Jumiso Super Soothing Cica & Aloe Facial Serum - Soothes Skin 1ml,127367096,Jumiso,2.01094E+11,JUMISO,100000,,0,0,TRUE,,Vietnam,https://www.lazada.vn/products/pdp-i13387376322.html
13358151108,"[Buy 1 Get 3 Free] Deeply Cleansing and Skin-Restoring Makeup Remover Milk for Super Sensitive Skin, Oily Skin Jumiso D-Panthenol Barrier Soothing Cleansing Milk",127367096,Jumiso,2.01094E+11,JUMISO,441000,580000,0,,TRUE,,Vietnam,https://www.lazada.vn/products/pdp-i13358151108.html
3302808819,"[Buy 2 Get 4 Free] the Jumiso Bright & Bouncy Duo Helps Brighten Skin, Reduce Dark Spots, and Lock in Moisture on the Skin.",127367096,Jumiso,2.01094E+11,JUMISO,949000,1150000,0,,TRUE,,Vietnam,https://www.lazada.vn/products/pdp-i3302808819.html
3305781809,"[Buy 2 Get 4 Free] Jumiso D-Panthenol Skin Restoration Combo (Serum + Cream) Soothes Weak Skin, Moisturizes, Supports Recovery after Treatment",127367096,Jumiso,2.01094E+11,JUMISO,919000,1178000,0,,TRUE,,Vietnam,https://www.lazada.vn/products/pdp-i3305781809.html
3302625024,[Minisize 20ml] Jumiso Waterfull Gel Cream Moisturizing Cream Provides Moisture and Locks in Moisture for the Skin,127367096,Jumiso,2.01094E+11,JUMISO,130000,140000,0,,TRUE,,Vietnam,https://www.lazada.vn/products/pdp-i3302625024.html
3302738922,[Buy 2 Get 4 Free] the Duo of Facial Cleanser and Toner Provides Deep Cleansing and Comprehensive Hydration.,127367096,Jumiso,2.01094E+11,JUMISO,598000,671700,0,,TRUE,,Vietnam,https://www.lazada.vn/products/pdp-i3302738922.html
13398816621,"[Kits] Niacinamide Starter Kit Jumiso Brightens, Controls Oil, and Reduces Dark Spots",127367096,Jumiso,2.01094E+11,JUMISO,600000,,0,,TRUE,,Vietnam,https://www.lazada.vn/products/pdp-i13398816621.html
3302877444,"Triple Cleanse Duo Combo Helps Deep Cleanse, Remove Blackheads and Maintain Smooth Skin.",127367096,Jumiso,2.01094E+11,JUMISO,925000,1118400,0,,TRUE,,Vietnam,https://www.lazada.vn/products/pdp-i3302877444.html
3302904204,[Buy 2 Get 4 Free] Jumiso Glow-Up Duo Set Helps Moisturize and Brighten Sensitive Skin Toner Ha 250ml and Niacinamide 20% 40ml,127367096,Jumiso,2.01094E+11,JUMISO,863000,1051800,0,1,TRUE,5,Vietnam,https://www.lazada.vn/products/pdp-i3302904204.html
3302807770,[Buy 2 Get 4 Free] Blackhead Be Gone Duo Jumiso Blackhead and Ha Toner Duo for Blackhead Removal and Skin Soothing,127367096,Jumiso,2.01094E+11,JUMISO,728000,795400,0,,TRUE,,Vietnam,https://www.lazada.vn/products/pdp-i3302807770.html
3302791580,"[Buy 2 Get 4 Free] Jumiso Toner Ha and All Day Serum, a Duo for Brightening and Intensively Moisturizing Sensitive Skin.",127367096,Jumiso,2.01094E+11,JUMISO,617000,777700,0,,TRUE,,Vietnam,https://www.lazada.vn/products/pdp-i3302791580.html
3302500605,"[Buy 1 Get 3 Free] Gel Moisturizing Cream That Soothes and Hydrates Dry Skin, Jumiso Waterfull Hyaluronic Acid Cream 100ml",127367096,Jumiso,2.01094E+11,JUMISO,423000,491000,0,0,TRUE,,Vietnam,https://www.lazada.vn/products/pdp-i3302500605.html
3302793681,[Buy 2 Get 4 Free] Cleansing & Hydrating Combo – Ha Toner 250ml and Ha Facial Cleanser 150ml Hydra Cleanse Duo,127367096,Jumiso,2.01094E+11,JUMISO,549000,669000,0,,TRUE,,Vietnam,https://www.lazada.vn/products/pdp-i3302793681.html
3302499594,"[Kits] Waterfull Hyaluronic Acid Trail Kits Combo Skincare Deeply Moisturizes, Soothes Sensitive Skin, Restores Skin during Treatment",127367096,Jumiso,2.01094E+11,JUMISO,509000,,5,,TRUE,,Vietnam,https://www.lazada.vn/products/pdp-i3302499594.html
3302778713,[Buy 2 Get 4 Free] Set of 2 Products: Toner and Jumiso Hyaluronic Acid Cream 250Ml/100Ml for Deep Hydration and Optimal Moisture Retention,127367096,Jumiso,2.01094E+11,JUMISO,692000,795500,0,,TRUE,,Vietnam,https://www.lazada.vn/products/pdp-i3302778713.html
13328711710,[Date 04.2027][Gift] Jumiso Snail Mucin 88 + Peptide Facial Cream 30ml,127367096,Jumiso,2.01094E+11,JUMISO,700000,,0,,TRUE,,Vietnam,https://www.lazada.vn/products/pdp-i13328711710.html
3302778435,[Buy 1 Get 4 Free] Jumiso All Day Vitamin Brightening & Balancing Serum 30ml,127367096,Jumiso,2.01094E+11,JUMISO,384000,471300,0,,TRUE,,Vietnam,https://www.lazada.vn/products/pdp-i3302778435.html
3302885211,[Buy 2 Get 4 Free] Combo of 2 Bottles of Jumiso All Day Vitamin Brightening&Balancing Facial Serum 30ml,127367096,Jumiso,2.01094E+11,JUMISO,696000,848300,7,,TRUE,,Vietnam,https://www.lazada.vn/products/pdp-i3302885211.html
3302437975,"[Buy 1 Get 4 Free][Niacinamide 20%] Jumiso Brightening Serum, Reduces Dark Spots, Controls Oil, and Shrinks Pores 40ml",127367096,Jumiso,2.01094E+11,JUMISO,561000,659000,7,1,TRUE,5,Vietnam,https://www.lazada.vn/products/pdp-i3302437975.html
3302929069,[Buy 2 Get 4 Free] Combo of 2 Tubes of Jumiso Pore Purifying Salicylic Acid Foaming Cleanser 120g,127367096,Jumiso,2.01094E+11,JUMISO,547000,636300,0,1,TRUE,5,Vietnam,https://www.lazada.vn/products/pdp-i3302929069.html
3302454946,"[Buy 1 Get 4 Free] B5 Cream Helps Restore Skin, Soothe and Reduce Irritation, and Reduce Redness Jumiso D-Panthenol Barrier Cream 80ml",127367096,Jumiso,2.01094E+11,JUMISO,441000,579000,6,1,TRUE,5,Vietnam,https://www.lazada.vn/products/pdp-i3302454946.html
3302764668,"[Buy 1 Get 4 Free] B5 Essence Restores Skin, Soothes and Helps Reduce Irritation and Redness Jumiso D-Panthenol Barrier Soothing Serum 70ml",127367096,Jumiso,2.01094E+11,JUMISO,471000,599000,0,2,TRUE,5,Vietnam,https://www.lazada.vn/products/pdp-i3302764668.html
3302747448,[Buy 1 Get 4 Free] Snail Extract Toner to Help Restore and Control Oil on the Skin Jumiso Snail Mucin 95+ Peptide Facial Toner 205ml,127367096,Jumiso,2.01094E+11,JUMISO,457000,554400,0,,TRUE,,Vietnam,https://www.lazada.vn/products/pdp-i3302747448.html
3302930077,[Buy 2 Get 4 Free] Cleanse & Glow Du Jumiso Cleansing Oil and Pore Purifying Salicylic Foaming Cleanser 120g,127367096,Jumiso,2.01094E+11,JUMISO,640000,742300,0,,TRUE,,Vietnam,https://www.lazada.vn/products/pdp-i3302930077.html
3302725498,Snail Skin Care Essence Helps Prevent Aging Jumiso Snail Mucin 95 + Peptide 50Ml/140Ml,127367096,Jumiso,2.01094E+11,JUMISO,370000,392800,0,,TRUE,,Vietnam,https://www.lazada.vn/products/pdp-i3302725498.html
3302464866,[Minisize 20ml] Jumiso Waterfull Hyaluronic Acid Serum Moisturizing Essence,127367096,Jumiso,2.01094E+11,JUMISO,140000,170000,0,,TRUE,,Vietnam,https://www.lazada.vn/products/pdp-i3302464866.html
3301632290,"[Buy 1 Get 3 Free] Jumiso Waterfull Hyaluronic Acid Deep Moisturizing, Balancing, and Restoring Sensitive Skin Toner 250ml",127367096,Jumiso,2.01094E+11,JUMISO,381000,392800,0,,TRUE,,Vietnam,https://www.lazada.vn/products/pdp-i3301632290.html
3302431940,[Buy 1 Get 4 Free] Sunscreen Wax That Instantly Soothes the Skin Jumiso Waterfull Ha Cooling Sunstick 18g Spf 50+ Pa++++,127367096,Jumiso,2.01094E+11,JUMISO,446000,540000,0,0,TRUE,5,Vietnam,https://www.lazada.vn/products/pdp-i3302431940.html
3302542432,"[Buy 1 Get 4 Free][Niacinamide 10%] Jumiso Brightening Serum, Reduces Dark Spots, Controls Oil, Shrinks Pores 40ml",127367096,Jumiso,2.01094E+11,JUMISO,498000,580000,8,1,TRUE,5,Vietnam,https://www.lazada.vn/products/pdp-i3302542432.html
3302790378,Jumiso Antioxidant Glow Facial Essence 40ml,127367096,Jumiso,2.01094E+11,JUMISO,520000,628400,0,,TRUE,,Vietnam,https://www.lazada.vn/products/pdp-i3302790378.html
3302631010,[Buy 1 Get 4 Free] Makeup Remover Oil Extracted from Plant Oils to Help Clean Pores Jumiso Pore Clearing Cleansing Oil 200ml,127367096,Jumiso,2.01094E+11,JUMISO,420000,471300,0,,TRUE,,Vietnam,https://www.lazada.vn/products/pdp-i3302631010.html
3302585266,"[Minisize 20ml] Jumiso Waterfull Hyaluronic Acid Facial Cleanser Deeply Cleanses, Removes Sunscreen Residue and Moisturizes the Skin",127367096,Jumiso,2.01094E+11,JUMISO,105000,110000,29,1,TRUE,5,Vietnam,https://www.lazada.vn/products/pdp-i3302585266.html
3302785354,[Buy 1 Get 4 Free] Jumiso Blackhead Melting Softener 150ml,127367096,Jumiso,2.01094E+11,JUMISO,469000,491000,0,,TRUE,,Vietnam,https://www.lazada.vn/products/pdp-i3302785354.html
3302517536,"[99K Only Today] [20ml*3] Mini Skincare Combo 3 Steps Toner Serum Cream Deeply Moisturizes, Soothes Sensitive Skin, Restores Treating Skin",127367096,Jumiso,2.01094E+11,JUMISO,378000,,0,,FALSE,,Vietnam,https://www.lazada.vn/products/pdp-i3302517536.html
3302913092,Soothe & Brighten Duo 140ml / 30ml - Effective Moisturizing and Whitening Glass Skin,127367096,Jumiso,2.01094E+11,JUMISO,672000,883800,9,,FALSE,,Vietnam,https://www.lazada.vn/products/pdp-i3302913092.html
3302808866,"Set of 3 Products to Help Whiten, Moisturize and Prevent Aging Jumiso Best Seller Set",127367096,Jumiso,2.01094E+11,JUMISO,923000,1168500,0,,FALSE,,Vietnam,https://www.lazada.vn/products/pdp-i3302808866.html
3302888421,"Waterfull Jumiso Set - Toner, Serum, Ha Cream 250Ml,50Ml,100Ml",127367096,Jumiso,2.01094E+11,JUMISO,1151900,,0,,FALSE,,Vietnam,https://www.lazada.vn/products/pdp-i3302888421.html
3302723931,Sooth & Hydrate Duo 140ml / 250ml - Deep Moisturizing and Multi-Layer Glass Skin,127367096,Jumiso,2.01094E+11,JUMISO,689000,813100,7,,FALSE,,Vietnam,https://www.lazada.vn/products/pdp-i3302723931.html
3302791610,"Intensive Moisturizing Duo, Restores Weak Dry Skin, Sensitive Skin Jumiso Toner Ha and Jumiso Serum Ha",127367096,Jumiso,2.01094E+11,JUMISO,795500,,0,,FALSE,,Vietnam,https://www.lazada.vn/products/pdp-i3302791610.html
3302979018,"Set of 3 Products That Help Deeply Cleanse, Hydrate and Help Prevent Aging Jumiso Total Moisture Set",127367096,Jumiso,2.01094E+11,JUMISO,901000,1068400,0,,FALSE,,Vietnam,https://www.lazada.vn/products/pdp-i3302979018.html
3302494633,[Minisize 20ml] Jumiso Waterfull Hyaluronic Acid Toner,127367096,Jumiso,2.01094E+11,JUMISO,125000,130000,0,,FALSE,,Vietnam,https://www.lazada.vn/products/pdp-i3302494633.html
3302530105,"Ha Essence Deeply Moisturizes, Soothes, and Restores Weak Skin Jumiso Waterfull Hyaluronic Acid Serum 50ml",127367096,Jumiso,2.01094E+11,JUMISO,491000,,8,2,FALSE,5,Vietnam,https://www.lazada.vn/products/pdp-i3302530105.html
2604247663,"[Shocking Deal] Combo Deep Cleansing, Moisturizing, Non-Drying from Pennywort - G.G.G Cica Makeup Remover 400ml & Cica Facial Cleanser 125Gr",210551,G.G.G,1000169589,GGG Cosmetics,764000,955000,14,2,TRUE,5,Vietnam,https://www.lazada.vn/products/pdp-i2604247663.html
2702304259,"Gotu Kola Aha/Bha/Pha Facial Cleanser Deeply Cleans, Moisturizes and Smooths Skin Without Drying It - G.G.G Cica Deep Foam Cleanser 125g",210551,G.G.G,1000169589,GGG Cosmetics,450000,490000,12,5,TRUE,5,Vietnam,https://www.lazada.vn/products/pdp-i2702304259.html
3293990872,"Box of 12 Soft-Bristled Toothbrushes, Cleans and Cares for Gums, Helps Reduce Inflammation Monthly Toothbrush-Breath of Life",210551,G.G.G,1000169589,GGG Cosmetics,159000,259000,0,,TRUE,,Vietnam,https://www.lazada.vn/products/pdp-i3293990872.html
3293988744,"Box of 6 Soft-Bristled Toothbrushes, Cleans and Cares for Gums, Helps Reduce Inflammation Monthly Toothbrush-Breath of Life",210551,G.G.G,1000169589,GGG Cosmetics,99000,150000,0,,TRUE,,Vietnam,https://www.lazada.vn/products/pdp-i3293988744.html
2810940553,"[HÀNG TẶNG] Nước Tẩy Trang Rau Má Hỗ Trợ Làm Sạch Sâu Cấp Ẩm, Mát Dịu Da - G.G.G Cica Micellar Cleansing Water 400ml",210551,G.G.G,1000169589,GGG Cosmetics,418000,465000,0,0,TRUE,5,Vietnam,https://www.lazada.vn/products/pdp-i2810940553.html
3234266386,[Giveaway Goods Not for Sale] Soft and Smooth Cotton Makeup Remover Pads 120 Pieces/Box,210551,G.G.G,1000169589,GGG Cosmetics,150000,,0,,TRUE,,Vietnam,https://www.lazada.vn/products/pdp-i3234266386.html
2967468861,"[HÀNG TẶNG KHÔNG BÁN] Serum Xanh Cấp ẩm, Hỗ Trợ Ngăn ngừa lão hóa - Wonder Glow Rejuvenating Serum 40ml",210551,G.G.G,1000169589,GGG Cosmetics,547000,595000,22,9,TRUE,5,Vietnam,https://www.lazada.vn/products/pdp-i2967468861.html
3065253730,"[HÀNG TẶNG KHÔNG BÁN] Serum Cam Hỗ Trợ Ngừa Mụn, Mờ Thâm - Wonder Glow Healing Serum 40ml",210551,G.G.G,1000169589,GGG Cosmetics,547000,595000,0,,TRUE,,Vietnam,https://www.lazada.vn/products/pdp-i3065253730.html
2406438829,Combo Comprehensive and Intensive Moisturizing to Help Restore Healthy Skin - G.G.G Mushroom Set,210551,G.G.G,1000169589,GGG Cosmetics,1374000,1718000,39,10,TRUE,5,Vietnam,https://www.lazada.vn/products/pdp-i2406438829.html
3105663988,"Combo G.G.G Skin Brightening, Balancing, Smoothing Essence - Pink Toner Pha 150ml X Pink Serum 40ml",210551,G.G.G,1000169589,GGG Cosmetics,1034000,,0,,TRUE,,Vietnam,https://www.lazada.vn/products/pdp-i3105663988.html
2941492180,[HÀNG TẶNG KHÔNG BÁN] QUÀ TẶNG BÍ MẬT TỪ G.G.G,210551,G.G.G,1000169589,GGG Cosmetics,99000,,11,5,TRUE,5,Vietnam,https://www.lazada.vn/products/pdp-i2941492180.html
2640255800,[HÀNG TẶNG]Bộ 2 Chăm Da Từ Nấm 80ml x 30ml - Hỗ Trợ Làm dịu cấp ẩm tức thì G.G.G Toner Nấm 80ml & Booster Chaga 30ml,210551,G.G.G,1000169589,GGG Cosmetics,738000,,51,19,TRUE,5,Vietnam,https://www.lazada.vn/products/pdp-i2640255800.html
2390941589,"Combo Soothes Skin, Moisturizes, Supports Recovery, Nourishes Healthy Skin - G.G.G Mushroom Toner Soothes Skin 200ml & Chaga Mushroom Serum Booster 50ml",210551,G.G.G,1000169589,GGG Cosmetics,863000,1079000,33,9,TRUE,5,Vietnam,https://www.lazada.vn/products/pdp-i2390941589.html
2937829089,"Chaga Mushroom Booster Serum Provides Intensive Hydration, Soothes & Supports the Skin Instantly G.G.G Booster Chaga 50ml",210551,G.G.G,1000169589,GGG Cosmetics,486000,540000,166,50,TRUE,5,Vietnam,https://www.lazada.vn/products/pdp-i2937829089.html
2116732909,Wonder Glow PHA Brightening Toner 150ml,210551,G.G.G,1000169589,GGG Cosmetics,403000,439000,77,16,TRUE,5,Vietnam,https://www.lazada.vn/products/pdp-i2116732909.html
3174109161,[HÀNG TẶNG KHÔNG BÁN] Bông tẩy trang cotton mềm mịn 30 miếng / hộp,210551,G.G.G,1000169589,GGG Cosmetics,99000,,5,2,TRUE,5,Vietnam,https://www.lazada.vn/products/pdp-i3174109161.html
2474517388,Toner Nấm Không Cồn Cấp Ẩm Dịu Da Tức Thì - G.G.G Calming Mushroom Toner 80ml,210551,G.G.G,1000169589,GGG Cosmetics,319000,,126,43,TRUE,4.95,Vietnam,https://www.lazada.vn/products/pdp-i2474517388.html
2405254895,Set of 2 Alcohol-Free Mushroom Toners to Instantly Moisturize & Soothe Skin - G.G.G Calming Mushroom Toner 200ml,210551,G.G.G,1000169589,GGG Cosmetics,864000,1078000,0,2,TRUE,5,Vietnam,https://www.lazada.vn/products/pdp-i2405254895.html
3065420243,"[HÀNG TẶNG KHÔNG BÁN] Serum Hồng Hỗ Trợ Dưỡng Sáng, Căng Bóng, Ẩm Mượt - G.G.G Wonder Glow Brightening Serum 40ml",210551,G.G.G,1000169589,GGG Cosmetics,547000,595000,7,2,TRUE,5,Vietnam,https://www.lazada.vn/products/pdp-i3065420243.html
2885145735,"Pink Serum, Whitening, Brightening, Moisturizing - G.G.G Wonder Glow Brightening Serum 40ml",210551,G.G.G,1000169589,GGG Cosmetics,547000,595000,35,9,TRUE,5,Vietnam,https://www.lazada.vn/products/pdp-i2885145735.html
2137300684,"Combo Moisturizing, Restoring & Regenerating Skin - G.G.G Fungus Cream 50g & Chaga Mushroom Booster 50ml",210551,G.G.G,1000169589,GGG Cosmetics,943000,1179000,18,5,TRUE,4.8,Vietnam,https://www.lazada.vn/products/pdp-i2137300684.html
2481839846,[TRIAL SET] COMBO Chăm Da Từ Nấm Chagga Giúp Làm Dịu Cấp Ẩm Và Phục Hồi - G.G.G Toner Nấm 80ml & Serum Booster Nấm Chaga 30ml,210551,G.G.G,1000169589,GGG Cosmetics,319000,,12,8,TRUE,5,Vietnam,https://www.lazada.vn/products/pdp-i2481839846.html
2612872044,[HÀNG TẶNG] Booster Nấm Chaga serum cấp ẩm chuyên sâu làm dịu & phục hồi da tức thì G.G.G Booster Chaga 30ml,210551,G.G.G,1000169589,GGG Cosmetics,419000,,72,23,TRUE,4.83,Vietnam,https://www.lazada.vn/products/pdp-i2612872044.html
2623499313,Wonder Glow PHA Brightening Toner 150ml,210551,G.G.G,1000169589,GGG Cosmetics,403000,439000,56,17,TRUE,5,Vietnam,https://www.lazada.vn/products/pdp-i2623499313.html
2886072113,"Green Serum, Deeply Hydrates, Supports Fading Wrinkles, Prevents Aging, - G.G.G Wonder Glow Rejuvenating Serum 40ml",210551,G.G.G,1000169589,GGG Cosmetics,547000,595000,24,9,TRUE,5,Vietnam,https://www.lazada.vn/products/pdp-i2886072113.html
2885405161,"Glass Serum for Brightening, Preventing Acne, and Fading Dark Spots - Wonder Glow Healing Serum 40ml",210551,G.G.G,1000169589,GGG Cosmetics,547000,595000,8,2,TRUE,5,Vietnam,https://www.lazada.vn/products/pdp-i2885405161.html
2642158354,GGG Calming Mushroom Toner 200ml,210551,G.G.G,1000169589,GGG Cosmetics,485000,539000,79,17,TRUE,5,Vietnam,https://www.lazada.vn/products/pdp-i2642158354.html
3302755400,"[Newly Launched] Cooling Mask to Support Soothing, Brightening, Smooth and Shiny Skin - G.G.G Wonder Glow Cooling Dewy Mask 50g",210551,G.G.G,1000169589,GGG Cosmetics,476000,595000,0,,TRUE,,Vietnam,https://www.lazada.vn/products/pdp-i3302755400.html
2405990287,"Gotu Kola Makeup Remover Deeply Cleanses, Moisturizes, and Soothes the Skin - G.G.G Cica Micellar Cleansing Water 400ml",210551,G.G.G,1000169589,GGG Cosmetics,427000,465000,15,5,TRUE,5,Vietnam,https://www.lazada.vn/products/pdp-i2405990287.html
2391075190,GGG Calming Mushroom Toner 200ml,210551,G.G.G,1000169589,GGG Cosmetics,495000,539000,167,43,TRUE,5,Vietnam,https://www.lazada.vn/products/pdp-i2391075190.html
2405292034,Set of 2 Chaga Mushroom Booster 50ml Supports Intensive Moisturization & Instant Skin Soothing - G.G.G Uniq Booster Chagga 50ml,210551,G.G.G,1000169589,GGG Cosmetics,864000,1080000,19,6,FALSE,5,Hồ Chí Minh,https://www.lazada.vn/products/pdp-i2405292034.html
2125427866,"Lip Care Set to Reduce Dark Lips, Soften and Smooth Pink Lips, Outstanding Safety, Soft Grass 200g",149555,Cỏ Mềm,2.00164E+11,Cỏ Mềm Official,435000,495000,113,31,TRUE,5,Vietnam,https://www.lazada.vn/products/pdp-i2125427866.html
2420476650,"[10% Price Support] Soft, Smooth, Long-Lasting Lipstick That Is Safe and Natural from Soft Grass 3.4g",149555,Cỏ Mềm,2.00164E+11,Cỏ Mềm Official,344000,362000,907,272,TRUE,4.92,Vietnam,https://www.lazada.vn/products/pdp-i2420476650.html
886494148,Soft Grass Silk Lipstick Natural Lipstick Is Safe for Sensitive Lips and for Pregnant Women,149555,Cỏ Mềm,2.00164E+11,Cỏ Mềm Official,219000,230000,9600,2513,TRUE,4.89,Vietnam,https://www.lazada.vn/products/pdp-i886494148.html
2420624014,"Nhien Co Moi Lip Balm Contains Maxilip to Help Moisturize, Reduce Wrinkles and Prevent Lip Aging 3g",149555,Cỏ Mềm,2.00164E+11,Cỏ Mềm Official,201000,212000,1400,454,TRUE,4.94,Vietnam,https://www.lazada.vn/products/pdp-i2420624014.html
13314859054,"[Random] Skin Cleansing Makeup Remover Cotton Pads, 30g Box, Deeply Cleans, Soft and Smooth, Cao Mien",149555,Cỏ Mềm,2.00164E+11,Cỏ Mềm Official,80000,,324,95,TRUE,4.99,Vietnam,https://www.lazada.vn/products/pdp-i13314859054.html
2052261260,Silky Lipstick Soft and Smooth Lips Safe from Natural Grass Soft 4g,149555,Cỏ Mềm,2.00164E+11,Cỏ Mềm Official,219000,230000,2300,692,TRUE,4.9,Vietnam,https://www.lazada.vn/products/pdp-i2052261260.html
2090000681,Pink Lip Combo Includes Lip Balm and Soft Grass Lip Sleeping Mask,149555,Cỏ Mềm,2.00164E+11,Cỏ Mềm Official,280000,300000,354,107,TRUE,4.97,Vietnam,https://www.lazada.vn/products/pdp-i2090000681.html
1496440786,Cloud Hair Conditioner Shampoo Set Reduces Hair Loss and Stimulates Hair Growth with Soft Grass,149555,Cỏ Mềm,2.00164E+11,Cỏ Mềm Official,610000,735000,897,181,TRUE,4.92,Vietnam,https://www.lazada.vn/products/pdp-i1496440786.html
886450449,Beautiful Lip Care Set - Beautiful Lip Combo (Silk Lipstick + Lip Balm) Soft Grass,149555,Cỏ Mềm,2.00164E+11,Cỏ Mềm Official,348000,398000,1400,367,TRUE,4.93,Vietnam,https://www.lazada.vn/products/pdp-i886450449.html
2413156907,"Ginseng Eye Cream 1700 Reduces Dark Eyes, Puffiness and Wrinkles Prevents Skin Aging Soft Grass 10g",149555,Cỏ Mềm,2.00164E+11,Cỏ Mềm Official,311000,327000,1200,355,TRUE,4.95,Vietnam,https://www.lazada.vn/products/pdp-i2413156907.html
2125430781,"Pink Lip Sleeping Mask Moisturizes, Reduces Dark Circles, Softens and Shines, Prevents Cracking, Soft Grass 8g",149555,Cỏ Mềm,2.00164E+11,Cỏ Mềm Official,159000,167000,895,282,TRUE,4.97,Vietnam,https://www.lazada.vn/products/pdp-i2125430781.html
2186773271,Combo of Body Lotion and Soft Grass Hand Cream,149555,Cỏ Mềm,2.00164E+11,Cỏ Mềm Official,360000,450000,135,41,TRUE,4.98,Vietnam,https://www.lazada.vn/products/pdp-i2186773271.html
886444498,[10% Price Support] Lip Balm Rice Lip Balm as Good as Rice Moisturizes and Softens Lips Reduces Dark Lips Homelab Soft Grass,149555,Cỏ Mềm,2.00164E+11,Cỏ Mềm Official,119000,130000,5800,1478,TRUE,4.96,Vietnam,https://www.lazada.vn/products/pdp-i886444498.html
1781536163,"Lip Balm for Children, Safe and Soft, Soft Grass",149555,Cỏ Mềm,2.00164E+11,Cỏ Mềm Official,119000,130000,2600,734,TRUE,4.95,Vietnam,https://www.lazada.vn/products/pdp-i1781536163.html
2420576421,"Nha Nhien Premium Lipstick Combo Set for Beautiful, Plump Lips to Prevent Lip Aging with Soft Grass",149555,Cỏ Mềm,2.00164E+11,Cỏ Mềm Official,550000,700000,176,51,TRUE,5,Vietnam,https://www.lazada.vn/products/pdp-i2420576421.html
2785915956,"Vitamin C Foaming Facial Cleanser with Sorghum Extract Helps Cleanse Skin and Maintain Moisture for Bright, Clean, Smooth Skin Soft Grass 150ml",149555,Cỏ Mềm,2.00164E+11,Cỏ Mềm Official,201000,212000,260,80,TRUE,4.96,Vietnam,https://www.lazada.vn/products/pdp-i2785915956.html
1560542203,"Velvet Lipstick and Non-Silicone Lip Balm Combo, Soft and Silky Grass Soft",149555,Cỏ Mềm,2.00164E+11,Cỏ Mềm Official,335000,485000,722,182,TRUE,4.9,Vietnam,https://www.lazada.vn/products/pdp-i1560542203.html
2750946664,"Combo of Lip Balm and Matte Lipstick, Long-Lasting, Safe, Natural Color from Soft Grass",149555,Cỏ Mềm,2.00164E+11,Cỏ Mềm Official,480000,540000,26,6,TRUE,4.33,Vietnam,https://www.lazada.vn/products/pdp-i2750946664.html
886490224,"Essential Oil for Car Hanging, Bedroom Hanging, Toilet Hanging, Wardrobe Hanging Pure Natural - Multi-Safe Fragrance Soft Grass 8.5ml",149555,Cỏ Mềm,2.00164E+11,Cỏ Mềm Official,200000,212000,254,32,TRUE,4.84,Vietnam,https://www.lazada.vn/products/pdp-i886490224.html
1635318736,Lip Balm to Reduce Dark Lips Super Nourishing Vitamin E Soft Grass 3.6g,149555,Cỏ Mềm,2.00164E+11,Cỏ Mềm Official,124000,130000,1500,381,TRUE,4.96,Vietnam,https://www.lazada.vn/products/pdp-i1635318736.html
2091441566,Skin Care Set Includes Sunscreen and Soft Grass Foaming Facial Cleanser 250g,149555,Cỏ Mềm,2.00164E+11,Cỏ Mềm Official,385000,410000,180,54,TRUE,4.96,Vietnam,https://www.lazada.vn/products/pdp-i2091441566.html
1720445792,[8% Price Support] Silk Foaming Facial Cleanser Moisturizing Deep Cleansing for Skin Does Not Cause Dry Skin Soft Grass 150ml,149555,Cỏ Mềm,2.00164E+11,Cỏ Mềm Official,120000,150000,9200,2585,TRUE,4.98,Vietnam,https://www.lazada.vn/products/pdp-i1720445792.html
886480246,[Random Color] Homelab Soft Grass Anti-Dryness Rice Lip Balm,149555,Cỏ Mềm,2.00164E+11,Cỏ Mềm Official,119000,130000,4400,1104,TRUE,4.92,Vietnam,https://www.lazada.vn/products/pdp-i886480246.html
2649657564,"[8% Price Support] Avocado Shampoo Smooths and Restores, Helps Clean Hair and Scalp, Restores Damaged Hair Soft Grass 350g",149555,Cỏ Mềm,2.00164E+11,Cỏ Mềm Official,287000,302000,155,41,TRUE,5,Vietnam,https://www.lazada.vn/products/pdp-i2649657564.html
2779695153,"Combo Anti-Dandruff Shampoo and Conditioner Cloud Hair Conditioner Balances Oil and Sebum, Restores Damaged Hair, Prevents Hair Loss Soft Grass",149555,Cỏ Mềm,2.00164E+11,Cỏ Mềm Official,510000,635000,35,9,TRUE,5,Vietnam,https://www.lazada.vn/products/pdp-i2779695153.html
886458594,Pure Essential Oil for Natural Aromatherapy Soft Grass 20ml,149555,Cỏ Mềm,2.00164E+11,Cỏ Mềm Official,220000,,284,42,TRUE,4.9,Vietnam,https://www.lazada.vn/products/pdp-i886458594.html
2039155694,"Combo of Hanging Essential Oil and Pure Refill Essential Oil, Safe and Natural from Soft Grass",149555,Cỏ Mềm,2.00164E+11,Cỏ Mềm Official,420000,540000,36,2,TRUE,5,Vietnam,https://www.lazada.vn/products/pdp-i2039155694.html
2751134234,Silk Lipstick Combo Natural Lip Balm Contains Maxilip for Plump Lips Helps Moisturize Prevents Wrinkles Soft Grass Lips,149555,Cỏ Mềm,2.00164E+11,Cỏ Mềm Official,418000,568000,53,23,TRUE,5,Vietnam,https://www.lazada.vn/products/pdp-i2751134234.html
2186420222,"Kitchen Cleaner, Dining Table Cleaner, Multi-Purpose Glass Cleaner, Soapberry, Natural Rice Bran, Safe and Healthy Homecare Soft Grass 500ml",149555,Cỏ Mềm,2.00164E+11,Cỏ Mềm Official,152000,,83,12,TRUE,5,Vietnam,https://www.lazada.vn/products/pdp-i2186420222.html
2789592989,Deep Cleansing Duo Brightens and Lightens Dark Spots Facial Cleanser and Soft Grass Vitamin C Toner 300ml,149555,Cỏ Mềm,2.00164E+11,Cỏ Mềm Official,470000,590000,32,13,TRUE,4.85,Vietnam,https://www.lazada.vn/products/pdp-i2789592989.html
2735007474,"Mulberry Shampoo Prevents Hair Loss and Improves the Condition of Broken, Split Ends, Soft Grass 350ml",149555,Cỏ Mềm,2.00164E+11,Cỏ Mềm Official,287000,302000,345,94,TRUE,4.94,Vietnam,https://www.lazada.vn/products/pdp-i2735007474.html
886484271,Pure Melaleuca Essential Oil Soft Grass,149555,Cỏ Mềm,2.00164E+11,Cỏ Mềm Official,232000,,145,33,TRUE,4.88,Vietnam,https://www.lazada.vn/products/pdp-i886484271.html
2828044682,Combo of Pink Cloud Cleansing Foam and Safe Facial Cleansing Foam from Natural Soft Grass,149555,Cỏ Mềm,2.00164E+11,Cỏ Mềm Official,290000,320000,18,3,TRUE,5,Vietnam,https://www.lazada.vn/products/pdp-i2828044682.html
3283868538,"[Random] Skin Cleansing Makeup Remover Cotton, 30g Box, Deep Cleansing, Soft and Smooth, Soft Grass",149555,Cỏ Mềm,2.00164E+11,Cỏ Mềm Official,80000,,512,142,TRUE,4.97,Vietnam,https://www.lazada.vn/products/pdp-i3283868538.html
886474305,Colorless Lip Balm Rice Grass Soft - Safe Natural Lip Balm Effectively Reduces Dark Lips,149555,Cỏ Mềm,2.00164E+11,Cỏ Mềm Official,119000,130000,709,165,TRUE,4.93,Vietnam,https://www.lazada.vn/products/pdp-i886474305.html
2042279117,Set of 2 Bottles of Deep Cleansing Foaming Facial Cleanser That Doesn'T Dry Skin for Normal Dry Oily Skin Soft Grass 300ml,149555,Cỏ Mềm,2.00164E+11,Cỏ Mềm Official,205000,300000,2200,696,TRUE,4.97,Vietnam,https://www.lazada.vn/products/pdp-i2042279117.html
2250689183,[36K Support Price] Ginseng Sunscreen 1700 Spf50 Pa++++ Broad Spectrum Anti-Aging Protective Moisturizing Soft Grass Skin 60g,149555,Cỏ Mềm,2.00164E+11,Cỏ Mềm Official,406000,427000,5200,1679,TRUE,4.96,Vietnam,https://www.lazada.vn/products/pdp-i2250689183.html
2186453012,Homecare Healthy Natural Dishwashing Liquid Extracted from Rice Yeast Safe Soft Grass 500ml,149555,Cỏ Mềm,2.00164E+11,Cỏ Mềm Official,144000,152000,100,30,TRUE,5,Vietnam,https://www.lazada.vn/products/pdp-i2186453012.html
1165622273,"Herbal Shampoo for Cloud Hair with Concentrated Soapberry Extract, Safe from Nature, Prevents Hair Loss, Reduces Dandruff, Soft Grass 300g",149555,Cỏ Mềm,2.00164E+11,Cỏ Mềm Official,339000,357000,2000,426,TRUE,4.92,Vietnam,https://www.lazada.vn/products/pdp-i1165622273.html
2364378649,[Price Support 39K] Ginseng 1700 Facial Moisturizer Prevents Skin Aging Helps Reduce Wrinkles and Brown Spots Soft Grass 50g,149555,Cỏ Mềm,2.00164E+11,Cỏ Mềm Official,524000,552000,1200,419,TRUE,4.95,Vietnam,https://www.lazada.vn/products/pdp-i2364378649.html
2126987718,Soft and Moisturizing Hand Cream and Nail Care Soft Grass Hand Cream 50g,149555,Cỏ Mềm,2.00164E+11,Cỏ Mềm Official,159000,167000,1500,383,TRUE,4.97,Vietnam,https://www.lazada.vn/products/pdp-i2126987718.html
2328484985,[Buy 1 Get 1 Free] Homecare Soft Grass Household Care Kitchen Cleaning Water Bag for Hand Washing and Dishwashing 1 Liter,149555,Cỏ Mềm,2.00164E+11,Cỏ Mềm Official,242000,,203,67,TRUE,5,Vietnam,https://www.lazada.vn/products/pdp-i2328484985.html
2834490508,Foaming Facial Cleanser for All Skin Types Soft Grass 50ml,149555,Cỏ Mềm,2.00164E+11,Cỏ Mềm Official,120000,132000,394,128,TRUE,4.98,Vietnam,https://www.lazada.vn/products/pdp-i2834490508.html
1653298046,Moisturizing Shower Gel to Brighten Skin and Prevent Skin Aging from Natural Soft Grass 350ml,149555,Cỏ Mềm,2.00164E+11,Cỏ Mềm Official,216000,227000,731,161,TRUE,4.96,Vietnam,https://www.lazada.vn/products/pdp-i1653298046.html
3094749353,"Rosemary Dry Shampoo Cleanses the Scalp and Prevents Hair Frizz Instantly for Fragrant, Clean, and Bouncy Hair for up to 24 Hours Soft Grass",149555,Cỏ Mềm,2.00164E+11,Cỏ Mềm Official,206000,217000,66,20,TRUE,4.95,Vietnam,https://www.lazada.vn/products/pdp-i3094749353.html
3068791085,Sunscreen Milk Tone Enhancer Vitamin C Broad Spectrum Spf 50+ Pa++++ Soft Grass 60Gr,149555,Cỏ Mềm,2.00164E+11,Cỏ Mềm Official,406000,427000,205,56,TRUE,5,Vietnam,https://www.lazada.vn/products/pdp-i3068791085.html
3055610259,"Combo of 2 Deep Cleansing Steps to Remove Dead Cells, Sebum, Makeup Remover and Facial Exfoliation Serum Vitamin C Soft Grass",149555,Cỏ Mềm,2.00164E+11,Cỏ Mềm Official,395000,430000,17,4,TRUE,5,Vietnam,https://www.lazada.vn/products/pdp-i3055610259.html
2034778497,[Random] Random Soft Grass Gift Box Cover,149555,Cỏ Mềm,2.00164E+11,Cỏ Mềm Official,20000,,2900,691,TRUE,4.96,Vietnam,https://www.lazada.vn/products/pdp-i2034778497.html
2394371890,Travelkit Skincare Cosmetic Set for All Skin Types Silk Gotu Kola Soft Grass,149555,Cỏ Mềm,2.00164E+11,Cỏ Mềm Official,322000,,203,72,TRUE,4.99,Vietnam,https://www.lazada.vn/products/pdp-i2394371890.html
2786114429,Honey Coffee Shower Gel Cleanses Skin and Maintains Natural Moisture for Soft and Smooth Skin Soft Grass 350g,149555,Cỏ Mềm,2.00164E+11,Cỏ Mềm Official,216000,227000,86,25,TRUE,5,Vietnam,https://www.lazada.vn/products/pdp-i2786114429.html
886494152,Hoang Lan Night Skin Care Serum Reduces Dark Spots and Acne Prevents Melasma Prevents Acne Homelab Soft Grass 10ml,149555,Cỏ Mềm,2.00164E+11,Cỏ Mềm Official,201000,212000,2000,502,TRUE,4.96,Vietnam,https://www.lazada.vn/products/pdp-i886494152.html
2928355880,Natural Makeup Duo Set Cushion Thin & Smooth Cushion Powder & Multi-Purpose Glass Makeup Cream 3in1 Soft Grass,149555,Cỏ Mềm,2.00164E+11,Cỏ Mềm Official,485000,635000,136,44,TRUE,4.82,Vietnam,https://www.lazada.vn/products/pdp-i2928355880.html
2789690532,Vitamin C Skin Care Set to Prevent Melasma and Brighten Skin with Soft Grassberry Extract,149555,Cỏ Mềm,2.00164E+11,Cỏ Mềm Official,1410000,1650000,30,6,TRUE,5,Vietnam,https://www.lazada.vn/products/pdp-i2789690532.html
2779181821,"[Random Smell] Body Mist Fragrance Spray for Men's and Women's Clothing Sweet, Cool, Mild, Soft Grass Fragrance 50ml",149555,Cỏ Mềm,2.00164E+11,Cỏ Mềm Official,120000,,231,77,TRUE,4.96,Vietnam,https://www.lazada.vn/products/pdp-i2779181821.html
2801988427,"Glass Lip Gloss Lipstick for Plump, Soft, Smooth Lips from Maxi Lip Helps Prevent Lip Aging Soft Grass 5g",149555,Cỏ Mềm,2.00164E+11,Cỏ Mềm Official,206000,217000,244,70,TRUE,4.91,Vietnam,https://www.lazada.vn/products/pdp-i2801988427.html
2730995589,Skin Care Duo Helps Deep Cleanse and Reduce Acne Includes Facial Cleansing Foam and Soft Grass Acne Spot Treatment 160ml,149555,Cỏ Mềm,2.00164E+11,Cỏ Mềm Official,300000,315000,33,11,TRUE,5,Vietnam,https://www.lazada.vn/products/pdp-i2730995589.html
2672855324,Combo Moisturizing Oil Control Serum Gotu Kola Cream 80g,149555,Cỏ Mềm,2.00164E+11,Cỏ Mềm Official,670000,835000,290,90,TRUE,4.99,Vietnam,https://www.lazada.vn/products/pdp-i2672855324.html
2091320847,"Dry Skin Care Set Moisturizing, Restoring, Softening, Smoothing and Softening Grass 80g",149555,Cỏ Mềm,2.00164E+11,Cỏ Mềm Official,620000,830000,748,214,TRUE,4.99,Vietnam,https://www.lazada.vn/products/pdp-i2091320847.html
2126098978,Silk Intensive Skin Care Set 6 Products Intensive Skin Moisturizing Soft Grass Silk 800g,149555,Cỏ Mềm,2.00164E+11,Cỏ Mềm Official,1195000,1555000,75,29,TRUE,5,Vietnam,https://www.lazada.vn/products/pdp-i2126098978.html
886468375,Homelab Natural Long-Lasting Fragrance Dried Perfume with Long-Lasting Fragrance of Soft Grass 10g (Free Small Cloth Bag),149555,Cỏ Mềm,2.00164E+11,Cỏ Mềm Official,220000,232000,545,128,TRUE,4.9,Vietnam,https://www.lazada.vn/products/pdp-i886468375.html
1720699053,Combo of 3 Soft Grass Silk Skin Care Steps,149555,Cỏ Mềm,2.00164E+11,Cỏ Mềm Official,660000,825000,207,42,TRUE,4.98,Vietnam,https://www.lazada.vn/products/pdp-i1720699053.html
2664789031,"Gotu Kola Oil Control Serum Moisturizes, Shrinks Pores, Improves Shine, Soft Grass Oil 30ml",149555,Cỏ Mềm,2.00164E+11,Cỏ Mềm Official,311000,327000,440,133,TRUE,4.92,Vietnam,https://www.lazada.vn/products/pdp-i2664789031.html
2458068537,Vitamin C Skin Brightening Cream to Fade Melasma and Freckles with Soft Grass Sori Extract 50Gr,149555,Cỏ Mềm,2.00164E+11,Cỏ Mềm Official,444000,467000,482,173,TRUE,4.98,Vietnam,https://www.lazada.vn/products/pdp-i2458068537.html
3096108126,"Combo of 2 Rosemary Dry Shampoo Powder to Prevent Hair Frizz Instantly for Fragrant, Clean, and Bouncy Hair for up to 24 Hours Soft Grass",149555,Cỏ Mềm,2.00164E+11,Cỏ Mềm Official,410000,470000,0,,TRUE,,Vietnam,https://www.lazada.vn/products/pdp-i3096108126.html
2750946674,"Combo of 2 Bottles of Mouthwash to Reduce Bad Breath and Heat in the Mouth, Effectively Prevents Tooth Cavities, Can Be Used for Adults and Children Soft Grass",149555,Cỏ Mềm,2.00164E+11,Cỏ Mềm Official,300000,450000,85,31,TRUE,5,Vietnam,https://www.lazada.vn/products/pdp-i2750946674.html
2580848374,"[Random] Skin Cleansing Makeup Remover Cotton, 30g Box, Deep Cleansing, Soft and Smooth, Soft Grass",149555,Cỏ Mềm,2.00164E+11,Cỏ Mềm Official,80000,100000,6000,1942,TRUE,4.97,Vietnam,https://www.lazada.vn/products/pdp-i2580848374.html
2801887508,"[New Version] Velvet Matte Lipstick, Non-Silicone, Soft, Long-Lasting, Safe from Nature, 5g",149555,Cỏ Mềm,2.00164E+11,Cỏ Mềm Official,206000,217000,608,177,TRUE,4.95,Vietnam,https://www.lazada.vn/products/pdp-i2801887508.html
1968257285,"[Price Support 22K] Moisturizing Serum to Restore Skin, Shrink Pores, Prevent Aging, Soft Grass Silk Skin Care 30ml",149555,Cỏ Mềm,2.00164E+11,Cỏ Mềm Official,273000,287000,2800,722,TRUE,4.96,Vietnam,https://www.lazada.vn/products/pdp-i1968257285.html
2337622002,Moisturizing Mineral Spray Skin Balancing Water Moisturizing Oil Control Soft Grass 120ml,149555,Cỏ Mềm,2.00164E+11,Cỏ Mềm Official,187000,197000,1300,415,TRUE,4.98,Vietnam,https://www.lazada.vn/products/pdp-i2337622002.html
2458094512,"Vitamin C Serum Brightens Skin, Reduces Dark Spots, Freckles, and Nourishes Skin with Soft Grass Seri Extract 30Gr",149555,Cỏ Mềm,2.00164E+11,Cỏ Mềm Official,472000,497000,334,117,TRUE,4.99,Vietnam,https://www.lazada.vn/products/pdp-i2458094512.html
2365081245,"Ginseng Toner 1700 Moisturizes, Replenishes Nutrients and Prevents Skin Aging Soft Grass 150ml",149555,Cỏ Mềm,2.00164E+11,Cỏ Mềm Official,287000,302000,913,270,TRUE,4.98,Vietnam,https://www.lazada.vn/products/pdp-i2365081245.html
2091393862,Combo of Facial Cleansing Foam and Soft Grass Lip Balm,149555,Cỏ Mềm,2.00164E+11,Cỏ Mềm Official,235000,240000,272,70,TRUE,4.94,Vietnam,https://www.lazada.vn/products/pdp-i2091393862.html
3050330784,"Wings up 24H Deodorant Spray Eliminates Underarm Odor, Foot Odor, Reduces Sweating and Prevents Bacteria That Cause Odor, Soft Grass 100ml",149555,Cỏ Mềm,2.00164E+11,Cỏ Mềm Official,201000,212000,284,80,TRUE,4.91,Vietnam,https://www.lazada.vn/products/pdp-i3050330784.html
2801928485,"Velvet Lipstick and Matte Lip Gloss Combo, Long-Lasting, Colorful, Safe, Non-Silicone, Soft Grass",149555,Cỏ Mềm,2.00164E+11,Cỏ Mềm Official,410000,560000,32,8,TRUE,5,Vietnam,https://www.lazada.vn/products/pdp-i2801928485.html
2364996482,Ginseng Facial Moisturizing Serum 1700 Prevents Skin Aging Helps Fade Wrinkles and Brown Spots Soft Grass 30ml,149555,Cỏ Mềm,2.00164E+11,Cỏ Mềm Official,581000,612000,477,153,TRUE,4.99,Vietnam,https://www.lazada.vn/products/pdp-i2364996482.html
2368521844,"Combo 2 Steps Intensive Ginseng 1700 Moisturizes, Prevents Aging, Reduces Brown Spots and Wrinkles on Soft Grass Skin",149555,Cỏ Mềm,2.00164E+11,Cỏ Mềm Official,1140000,1370000,642,172,TRUE,4.96,Vietnam,https://www.lazada.vn/products/pdp-i2368521844.html
2319247214,Complete Set of Intensive Skin Care to Control Oil and Reduce Acne with Gotu Kola,149555,Cỏ Mềm,2.00164E+11,Cỏ Mềm Official,1495000,1865000,38,14,TRUE,5,Vietnam,https://www.lazada.vn/products/pdp-i2319247214.html
2458213281,[Price Support 67K] Skin Brightening Duo to Reduce Dark Spots and Freckles with Vitamin C Extract from Soft Grass Series,149555,Cỏ Mềm,2.00164E+11,Cỏ Mềm Official,940000,1210000,636,217,TRUE,5,Vietnam,https://www.lazada.vn/products/pdp-i2458213281.html
2779320092,"Set of 3 Products: Facial Cleanser, Serum and Soft Grass Pennywort Cream",149555,Cỏ Mềm,2.00164E+11,Cỏ Mềm Official,800000,1015000,116,36,TRUE,4.97,Vietnam,https://www.lazada.vn/products/pdp-i2779320092.html
2186314585,Natural Hand Sanitizer Protects and Moisturizes Hand Skin Safely and Healthily Homecare Soft Grass 350ml,149555,Cỏ Mềm,2.00164E+11,Cỏ Mềm Official,116000,122000,174,44,TRUE,5,Vietnam,https://www.lazada.vn/products/pdp-i2186314585.html
2701672777,Sunscreen Combo Skin Care Sunscreen Ginseng Cream Prevents Skin Aging Helps Fade Wrinkles and Brown Spots Soft Grass 1700,149555,Cỏ Mềm,2.00164E+11,Cỏ Mềm Official,955000,985000,19,3,TRUE,5,Vietnam,https://www.lazada.vn/products/pdp-i2701672777.html
2822869829,Skin Cleansing Duo Body Shower Gel and Exfoliator Honey Coffee Removes Dead Cells Moisturizes Soft Grass Skin,149555,Cỏ Mềm,2.00164E+11,Cỏ Mềm Official,454000,480000,48,12,TRUE,5,Vietnam,https://www.lazada.vn/products/pdp-i2822869829.html
2678210670,[Random]Combo of 2 Natural Makeup Remover Pads to Clean and Soften Skin Soft Grass,149555,Cỏ Mềm,2.00164E+11,Cỏ Mềm Official,120000,160000,274,106,TRUE,4.99,Vietnam,https://www.lazada.vn/products/pdp-i2678210670.html
2828353085,Combo of 2 Mây Hồng Cỏ Mềm Feminine Hygiene Foam,149555,Cỏ Mềm,2.00164E+11,Cỏ Mềm Official,370000,490000,142,47,TRUE,5,Vietnam,https://www.lazada.vn/products/pdp-i2828353085.html
2649922268,"Keratin Hair Treatment Cream Restores Natural Soft and Smooth Hair, Improves Dryness and Split Ends, Soft Grass Avocado 100g",149555,Cỏ Mềm,2.00164E+11,Cỏ Mềm Official,133000,152000,933,242,TRUE,4.98,Vietnam,https://www.lazada.vn/products/pdp-i2649922268.html
2735112253,Mulberry Conditioner Shampoo Combo Prevents Hair Loss Helps Stimulate Hair Growth Improves Damaged Hair Soft Grass,149555,Cỏ Mềm,2.00164E+11,Cỏ Mềm Official,604000,700000,300,75,TRUE,5,Vietnam,https://www.lazada.vn/products/pdp-i2735112253.html
1595852615,"Pippi Herbal Shower Gel for Newborn Babies, Non-Stinging, Soft Grass, 250g",149555,Cỏ Mềm,2.00164E+11,Cỏ Mềm Official,227000,,329,66,TRUE,4.97,Vietnam,https://www.lazada.vn/products/pdp-i1595852615.html
2735081347,"Mulberry Serum Improves Damaged Hair, Thick, Smooth, Strong, Healthy, Soft Hair 30ml",149555,Cỏ Mềm,2.00164E+11,Cỏ Mềm Official,463000,487000,46,20,TRUE,4.85,Vietnam,https://www.lazada.vn/products/pdp-i2735081347.html
3068616934,Broad Spectrum Oil Control Sunscreen Milk with Gotu Kola for Oily and Acne-Prone Skin Spf 50+ Pa++++ Soft Grass 60Gr,149555,Cỏ Mềm,2.00164E+11,Cỏ Mềm Official,406000,427000,185,52,TRUE,5,Vietnam,https://www.lazada.vn/products/pdp-i3068616934.html
2789735325,"Two-Step Deep Cleansing Combo Makeup Remover and Vitamin C Foaming Facial Cleanser to Maintain Moisture for Bright, Clean Skin Soft Grass",149555,Cỏ Mềm,2.00164E+11,Cỏ Mềm Official,340000,370000,17,4,TRUE,5,Vietnam,https://www.lazada.vn/products/pdp-i2789735325.html
3209946242,"Rosemary Conditioner for Dandruff Hair Nourishes Hair to Make It Smooth, Shiny, and Soft",149555,Cỏ Mềm,2.00164E+11,Cỏ Mềm Official,287000,302000,0,1,TRUE,5,Vietnam,https://www.lazada.vn/products/pdp-i3209946242.html
2312925747,"Gotu Kola Acne Treatment Reduces Acne Inflammation, Swelling, Redness, Warts, Pimples, Acne, Soft Grass 10Gr",149555,Cỏ Mềm,2.00164E+11,Cỏ Mềm Official,197000,207000,1700,467,TRUE,4.99,Vietnam,https://www.lazada.vn/products/pdp-i2312925747.html
2084069730,Makeup Remover and Cleanser for All Skin Types Soft Grass Silk 150ml,149555,Cỏ Mềm,2.00164E+11,Cỏ Mềm Official,144000,152000,1200,361,TRUE,4.98,Vietnam,https://www.lazada.vn/products/pdp-i2084069730.html
2127069286,"Body Mist Body Fragrance Spray for Men's and Women's Clothing Sweet, Cool, Mild, Soft Grass Fragrance 100ml",149555,Cỏ Mềm,2.00164E+11,Cỏ Mềm Official,235000,247000,260,80,TRUE,4.89,Vietnam,https://www.lazada.vn/products/pdp-i2127069286.html
2193685647,Kitchen Combo Set of Household Cleaning Products Natural Safety from Soapberry Soft Grass 1800Gr,149555,Cỏ Mềm,2.00164E+11,Cỏ Mềm Official,530000,740000,14,5,TRUE,5,Vietnam,https://www.lazada.vn/products/pdp-i2193685647.html
2042061069,"[8% Price Support] Soft and Smooth Foaming Facial Cleanser Deep Cleansing Gotu Kola for Acne-Prone, Oily, Sensitive Skin Soft Grass 150ml",149555,Cỏ Mềm,2.00164E+11,Cỏ Mềm Official,160000,180000,3700,1150,TRUE,4.97,Vietnam,https://www.lazada.vn/products/pdp-i2042061069.html
2927323480,3in1 Glass Makeup Cream Integrated Blush Eyeshadow Long-Lasting Lipstick Brightens Natural Color Soft Grass 5g,149555,Cỏ Mềm,2.00164E+11,Cỏ Mềm Official,173000,182000,368,119,TRUE,4.92,Vietnam,https://www.lazada.vn/products/pdp-i2927323480.html
1653251358,Body Lotion Brightening Body Lotion Moisturizing Prevents Aging Long-Lasting Fragrance Soft Grass Skin Whitening 150ml,149555,Cỏ Mềm,2.00164E+11,Cỏ Mềm Official,216000,227000,742,185,TRUE,4.95,Vietnam,https://www.lazada.vn/products/pdp-i1653251358.html
2649866324,"[8% Price Support] Avocado Conditioner Smooth and Smooth Restores Soft, Strong and Healthy Hair Soft Grass 350g",149555,Cỏ Mềm,2.00164E+11,Cỏ Mềm Official,287000,302000,104,40,TRUE,4.88,Vietnam,https://www.lazada.vn/products/pdp-i2649866324.html
2654125344,"[Buy 3 Get 1 Free]Wings up Deodorant Powder Eliminates Foot Odor, Underarm Odor, Shoe Odor, Reduces Sweat Odor, Soft Grass 25g",149555,Cỏ Mềm,2.00164E+11,Cỏ Mềm Official,375000,500000,565,177,TRUE,4.98,Vietnam,https://www.lazada.vn/products/pdp-i2654125344.html
2751168090,"Velvet Lipstick and Natural Lip Balm Combo, Safe Silicone-Free, Made from Soft Grass",149555,Cỏ Mềm,2.00164E+11,Cỏ Mềm Official,405000,555000,14,2,TRUE,5,Vietnam,https://www.lazada.vn/products/pdp-i2751168090.html
3227313127,Baby Warming Wax Helps Moisturize and Warm from Soft Grass Ginger Extract 4Gr,149555,Cỏ Mềm,2.00164E+11,Cỏ Mềm Official,116000,122000,85,25,TRUE,5,Vietnam,https://www.lazada.vn/products/pdp-i3227313127.html
2701906082,3-Step Skin Care Set Serum Cream and Ginseng Sunscreen 1700 Soft Grass,149555,Cỏ Mềm,2.00164E+11,Cỏ Mềm Official,1555000,1845000,37,9,TRUE,5,Vietnam,https://www.lazada.vn/products/pdp-i2701906082.html
2928511412,Natural Makeup and Skin Cleansing Combo Soft Grass Natural Makeup Remover and Cushion,149555,Cỏ Mềm,2.00164E+11,Cỏ Mềm Official,455000,480000,0,0,TRUE,,Vietnam,https://www.lazada.vn/products/pdp-i2928511412.html
2041981636,"[8% Price Support] Gotu Kola Oil Control Moisturizing Cream for Acne-Prone, Oily, Sensitive Skin Soft Grass 50g",149555,Cỏ Mềm,2.00164E+11,Cỏ Mềm Official,349000,367000,2000,630,TRUE,4.98,Vietnam,https://www.lazada.vn/products/pdp-i2041981636.html
2042126501,"[19K Support Price] Active Toner Moisturizing Anti-Acne Gotu Kola for Acne-Prone, Oily, Sensitive Skin Soft Grass 150ml",149555,Cỏ Mềm,2.00164E+11,Cỏ Mềm Official,239000,252000,1600,451,TRUE,4.96,Vietnam,https://www.lazada.vn/products/pdp-i2042126501.html
2158974890,Baby Cream Moisturizing Prevents Diaper Rash Eczema Milk Soothes Itchy Skin Due to Insects Soft Grass 30g,149555,Cỏ Mềm,2.00164E+11,Cỏ Mềm Official,140000,147000,576,173,TRUE,5,Vietnam,https://www.lazada.vn/products/pdp-i2158974890.html
2114064674,Deep Cleansing Skin Care Set for Soft and Smooth Skin Includes Skin Care Cream and Soft Grass Facial Cleansing Foam 200g,149555,Cỏ Mềm,2.00164E+11,Cỏ Mềm Official,450000,465000,105,32,TRUE,5,Vietnam,https://www.lazada.vn/products/pdp-i2114064674.html
2750987612,Mouthwash and Fragrance Spray Combo Set for Oral Care to Prevent Bad Breath Soft Grass 600g,149555,Cỏ Mềm,2.00164E+11,Cỏ Mềm Official,260000,320000,31,5,TRUE,5,Vietnam,https://www.lazada.vn/products/pdp-i2750987612.html
886468387,Homelab Soft Grass Natural Safe Bath and Facial Cleansing Soap Safe for Sensitive Skin,149555,Cỏ Mềm,2.00164E+11,Cỏ Mềm Official,162000,,429,102,TRUE,4.99,Vietnam,https://www.lazada.vn/products/pdp-i886468387.html
3301229552,"[Random Color] Soft Grass Lucky Horse Charm - Decorative Accessories for Handbags, Backpacks, Cute Keychains with Meaning for Tet 2026",149555,Cỏ Mềm,2.00164E+11,Cỏ Mềm Official,80000,120000,52,13,TRUE,5,Vietnam,https://www.lazada.vn/products/pdp-i3301229552.html
2928363966,Natural Makeup Combo Non-Silicone Velvet Matte Lipstick and Soft Grass Glass Makeup Cream,149555,Cỏ Mềm,2.00164E+11,Cỏ Mềm Official,375000,525000,11,7,TRUE,5,Vietnam,https://www.lazada.vn/products/pdp-i2928363966.html
2088991871,Soft Grass Skin Brightening Body Wash and Body Lotion Set,149555,Cỏ Mềm,2.00164E+11,Cỏ Mềm Official,454000,540000,161,35,TRUE,5,Vietnam,https://www.lazada.vn/products/pdp-i2088991871.html
1165822451,"Premium Herbal Conditioner for Cloud Hair, Non-Silicone, Safe, Smoothes Hair, Helps Repair Damaged Hair, Prevents Hair Loss, Soft Grass 200g",149555,Cỏ Mềm,2.00164E+11,Cỏ Mềm Official,277000,,478,113,TRUE,5,Vietnam,https://www.lazada.vn/products/pdp-i1165822451.html
3055375873,"[Minisize] Wings up 24H Deodorant Spray Eliminates Underarm Odor, Foot Odor, Reduces Sweating and Prevents Bacteria That Cause Odor Soft Grass 10ml",149555,Cỏ Mềm,2.00164E+11,Cỏ Mềm Official,80000,,203,59,TRUE,5,Vietnam,https://www.lazada.vn/products/pdp-i3055375873.html
2042623949,Soft Grass Intensive Skin Care Set for Oily and Acne-Prone Skin,149555,Cỏ Mềm,2.00164E+11,Cỏ Mềm Official,865000,965000,196,62,TRUE,4.94,Vietnam,https://www.lazada.vn/products/pdp-i2042623949.html
2928659018,Natural Makeup Combo: Soft and Smooth Natural Cushion and Lipstick with Soft Grass Shine,149555,Cỏ Mềm,2.00164E+11,Cỏ Mềm Official,520000,670000,31,11,TRUE,5,Vietnam,https://www.lazada.vn/products/pdp-i2928659018.html
1720598571,Active Toner Silk Moisturizing Grass Soft Skin 150ml,149555,Cỏ Mềm,2.00164E+11,Cỏ Mềm Official,211000,222000,1900,497,TRUE,4.98,Vietnam,https://www.lazada.vn/products/pdp-i1720598571.html
2250586677,Tone up Physical Sunscreen Spf50 Pa++++ Tone up Safe for Sensitive Skin Pregnant Women Children Soft Grass 60g,149555,Cỏ Mềm,2.00164E+11,Cỏ Mềm Official,363000,382000,2600,733,TRUE,4.93,Vietnam,https://www.lazada.vn/products/pdp-i2250586677.html
2786222207,Vitamin C Toner for Brightening Skin with Melasma and Freckles with Soft Grass Extract 150ml,149555,Cỏ Mềm,2.00164E+11,Cỏ Mềm Official,268000,282000,538,183,TRUE,4.98,Vietnam,https://www.lazada.vn/products/pdp-i2786222207.html
2125475138,Tea Tree Foaming Facial Cleanser for Men Deep Cleansing Yeast Standard Oil Control Acne Reduction Soft Grass 150ml,149555,Cỏ Mềm,2.00164E+11,Cỏ Mềm Official,160000,180000,615,197,TRUE,4.99,Vietnam,https://www.lazada.vn/products/pdp-i2125475138.html
2735127281,Hair Care Set to Prevent Hair Loss and Stimulate Hair Growth Mulberry Soft Grass 730ml,149555,Cỏ Mềm,2.00164E+11,Cỏ Mềm Official,1030000,1275000,17,5,TRUE,4.4,Vietnam,https://www.lazada.vn/products/pdp-i2735127281.html
2928540459,"Combo of 2 3-in-1 Glass Makeup Jars with Integrated Blush, Eyeshadow, Long-Lasting Lipstick, Highlighter, Natural Color, Soft Grass",149555,Cỏ Mềm,2.00164E+11,Cỏ Mềm Official,340000,420000,16,4,TRUE,5,Vietnam,https://www.lazada.vn/products/pdp-i2928540459.html
2042080484,"Gotu Kola Anti-Acne Clay Mask for Acne-Prone, Oily, Sensitive Skin Soft Grass 120g",149555,Cỏ Mềm,2.00164E+11,Cỏ Mềm Official,216000,227000,887,244,TRUE,4.95,Vietnam,https://www.lazada.vn/products/pdp-i2042080484.html
1720644576,[8% Price Support] Intensive Moisturizing Moisturizer with Coenzyme Q10 to Prevent Skin Aging Soft Grass Silk 50g,149555,Cỏ Mềm,2.00164E+11,Cỏ Mềm Official,339000,357000,4300,1212,TRUE,4.97,Vietnam,https://www.lazada.vn/products/pdp-i1720644576.html
2258759745,Moisturizing Mineral Spray Skin Balancing Water Moisturizing Oil Control Soft Grass 180ml,149555,Cỏ Mềm,2.00164E+11,Cỏ Mềm Official,216000,227000,351,100,TRUE,4.98,Vietnam,https://www.lazada.vn/products/pdp-i2258759745.html
1175702989,Pink Cloud Feminine Hygiene Foam with Aloe Vera Essence Moisturizing Soft Grass 150ml,149555,Cỏ Mềm,2.00164E+11,Cỏ Mềm Official,187000,197000,1000,243,TRUE,4.96,Vietnam,https://www.lazada.vn/products/pdp-i1175702989.html
2649721430,[38K Support Price] Soft and Smooth Restorative Shampoo and Conditioner Combo with Avocado and Soft Grass,149555,Cỏ Mềm,2.00164E+11,Cỏ Mềm Official,604000,640000,171,50,TRUE,5,Vietnam,https://www.lazada.vn/products/pdp-i2649721430.html
1495467276,[Combo of 10 Bags]Convenient Mesh Bag for Foaming Bath Soap with Drawstring Soft Grass 2g,149555,Cỏ Mềm,2.00164E+11,Cỏ Mềm Official,50000,,1100,98,TRUE,4.98,Vietnam,https://www.lazada.vn/products/pdp-i1495467276.html
2186351883,Homecare Safe Soft Grass Rice Bran Floor Cleaner 500ml,149555,Cỏ Mềm,2.00164E+11,Cỏ Mềm Official,152000,,48,15,TRUE,5,Vietnam,https://www.lazada.vn/products/pdp-i2186351883.html
2734978658,"Mulberry Conditioner Prevents Hair Loss, Helps Make Hair Soft and Smooth, Improves the Condition of Broken, Falling, Split Ends Hair for Strong, Healthy, Thick, Silky, Soft Hair 350ml",149555,Cỏ Mềm,2.00164E+11,Cỏ Mềm Official,287000,302000,53,16,TRUE,5,Vietnam,https://www.lazada.vn/products/pdp-i2734978658.html
2015939624,Mint Flavored Mouth Freshener Spray for Fresh Breath Soft Grass 10ml,149555,Cỏ Mềm,2.00164E+11,Cỏ Mềm Official,122000,,643,130,TRUE,4.96,Vietnam,https://www.lazada.vn/products/pdp-i2015939624.html
2672941108,Oil Control Combo to Reduce Acne and Dark Spots Acne Spot Serum with Gotu Kola 40g,149555,Cỏ Mềm,2.00164E+11,Cỏ Mềm Official,510000,525000,35,6,TRUE,5,Vietnam,https://www.lazada.vn/products/pdp-i2672941108.html
2968046372,Complete Hair Care Set for Smooth and Restored Hair Shampoo Conditioner Soft Grass Avocado Serum,149555,Cỏ Mềm,2.00164E+11,Cỏ Mềm Official,880000,1110000,0,,TRUE,,Vietnam,https://www.lazada.vn/products/pdp-i2968046372.html
2649760390,Soft Grass Avocado Restorative Smooth Hair Care Set,149555,Cỏ Mềm,2.00164E+11,Cỏ Mềm Official,744000,830000,13,4,TRUE,5,Vietnam,https://www.lazada.vn/products/pdp-i2649760390.html
13346634265,Combo of 10 Fresh Coconut Masks Fermented with Soft Grass,149555,Cỏ Mềm,2.00164E+11,Cỏ Mềm Official,240000,450000,9,,TRUE,,Vietnam,https://www.lazada.vn/products/pdp-i13346634265.html
2779718072,Premium Cloud Hair Care Set Reduces Hair Loss Soft Grass,149555,Cỏ Mềm,2.00164E+11,Cỏ Mềm Official,870000,1115000,22,6,TRUE,5,Vietnam,https://www.lazada.vn/products/pdp-i2779718072.html
2743517886,Moisturizing Clay Mask to Prevent Acne and Exfoliate Soft Grass Skin 120g,149555,Cỏ Mềm,2.00164E+11,Cỏ Mềm Official,216000,227000,95,29,TRUE,4.9,Vietnam,https://www.lazada.vn/products/pdp-i2743517886.html
2415075635,Soft Grass Moisturizing and Brightening Mask That Reduces Dark Spots and Prevents Wrinkles,149555,Cỏ Mềm,2.00164E+11,Cỏ Mềm Official,45000,,5900,757,TRUE,4.99,Vietnam,https://www.lazada.vn/products/pdp-i2415075635.html
1321407884,"[8% Price Support] Hay Hay Natural Sunscreen for Normal, Oily, Acne-Prone Skin Spf 40, Pa++ Fast Absorbing, Non-Greasy, Safe, Soft Grass 60g",149555,Cỏ Mềm,2.00164E+11,Cỏ Mềm Official,277000,292000,8200,2290,TRUE,4.96,Vietnam,https://www.lazada.vn/products/pdp-i1321407884.html
2928534276,Natural Makeup Combo Soft and Smooth Silk Lipstick and Soft Grass Glass Water Powder,149555,Cỏ Mềm,2.00164E+11,Cỏ Mềm Official,533000,628000,36,12,TRUE,5,Vietnam,https://www.lazada.vn/products/pdp-i2928534276.html
3065375690,"Combo of 2 Natural Tone-Enhancing Sunscreen, Fast Absorbing, Safe for All Skin Types, Dry, Oily, or Combination, Spf 40, Pa++ Soft Grass 60g",149555,Cỏ Mềm,2.00164E+11,Cỏ Mềm Official,560000,640000,8,1,TRUE,4,Vietnam,https://www.lazada.vn/products/pdp-i3065375690.html
13365269077,"Body Exfoliator Honey Coffee Skin Cleanser for Smooth, Bright, Clean Skin Soft Grass 120g",149555,Cỏ Mềm,2.00164E+11,Cỏ Mềm Official,114000,120000,257,62,TRUE,5,Vietnam,https://www.lazada.vn/products/pdp-i13365269077.html
2779142893,3-Step Skin Care Set Deep Cleansing Facial Cleanser Serum Moisturizing Cream Soft Grass Silk,149555,Cỏ Mềm,2.00164E+11,Cỏ Mềm Official,725000,900000,64,24,TRUE,5,Vietnam,https://www.lazada.vn/products/pdp-i2779142893.html
1573086248,"Essential Oil Roll-On Solution to Balance Life, Tran Nhansa Thuc Co Moc 10ml",149555,Cỏ Mềm,2.00164E+11,Cỏ Mềm Official,212000,,221,33,TRUE,4.91,Vietnam,https://www.lazada.vn/products/pdp-i1573086248.html
3055657065,"Facial Exfoliator Vitamin C Series Cleanses Skin Removes Dead Cells Sebum Fibers for Soft, Bright, Smooth Skin Soft Grass 120g",149555,Cỏ Mềm,2.00164E+11,Cỏ Mềm Official,206000,217000,447,139,TRUE,4.94,Vietnam,https://www.lazada.vn/products/pdp-i3055657065.html
2822884636,"Body Exfoliator Honey Coffee Skin Cleanser for Smooth, Bright, Clean Skin Soft Grass 180g",149555,Cỏ Mềm,2.00164E+11,Cỏ Mềm Official,206000,227000,108,33,TRUE,5,Vietnam,https://www.lazada.vn/products/pdp-i2822884636.html
2928314983,Natural Makeup Combo Silky Lipstick Smooth and Luscious Multi-Purpose Glass Makeup Cream Soft Grass,149555,Cỏ Mềm,2.00164E+11,Cỏ Mềm Official,388000,538000,15,4,TRUE,5,Vietnam,https://www.lazada.vn/products/pdp-i2928314983.html
886470299,Pink Cloud Feminine Hygiene Foam Soft Betel Grass Essence 150ml,149555,Cỏ Mềm,2.00164E+11,Cỏ Mềm Official,187000,197000,3900,907,TRUE,4.97,Vietnam,https://www.lazada.vn/products/pdp-i886470299.html
2365150010,"Ginseng Makeup Remover 1700 Helps Clean Quickly, Maintains Moisture, Prevents Skin Aging, Soft Grass 150ml",149555,Cỏ Mềm,2.00164E+11,Cỏ Mềm Official,249000,262000,329,102,TRUE,5,Vietnam,https://www.lazada.vn/products/pdp-i2365150010.html
1794885958,Lip Scrub Lip Scrub Pink Lips Reduces Dark Spots Moisturizes Soft Grass Lips 18g,149555,Cỏ Mềm,2.00164E+11,Cỏ Mềm Official,154000,162000,768,183,TRUE,4.95,Vietnam,https://www.lazada.vn/products/pdp-i1794885958.html
2930243728,Avocado Hair Serum Smooth and Smooth Restores Improves Frizz and Split Ends Maximum Protection from Heat and Uv Rays Soft Grass 30ml,149555,Cỏ Mềm,2.00164E+11,Cỏ Mềm Official,337000,,11,3,TRUE,5,Vietnam,https://www.lazada.vn/products/pdp-i2930243728.html
1968338254,Soft Grass Skin Restoring Silk Moisturizing Clay Mask 120g,149555,Cỏ Mềm,2.00164E+11,Cỏ Mềm Official,216000,389000,472,133,TRUE,4.92,Vietnam,https://www.lazada.vn/products/pdp-i1968338254.html
2957825524,Combo of 5 Fresh Coconut Masks Fermented with Soft Grass,149555,Cỏ Mềm,2.00164E+11,Cỏ Mềm Official,120000,225000,2000,518,TRUE,4.98,Vietnam,https://www.lazada.vn/products/pdp-i2957825524.html
3215282612,[Giveaway Goods Not for Sale] Minisize Gift Soft Grass 25g,149555,Cỏ Mềm,2.00164E+11,Cỏ Mềm Official,80000,,1500,420,TRUE,4.99,Vietnam,https://www.lazada.vn/products/pdp-i3215282612.html
2016023448,"Mouthwash to Reduce Bad Breath and Heat in the Mouth, Effectively Prevents Tooth Decay, Can Be Used for Adults and Children, Soft Grass 500ml",149555,Cỏ Mềm,2.00164E+11,Cỏ Mềm Official,154000,162000,476,113,TRUE,4.93,Vietnam,https://www.lazada.vn/products/pdp-i2016023448.html
2042022468,"[10% Price Support] Makeup Remover and Deep Cleanser for Acne-Prone Skin, Dry Skin, Normal Skin, Oily Sensitive Skin, Safe from Natural Soft Grass",149555,Cỏ Mềm,2.00164E+11,Cỏ Mềm Official,144000,152000,4300,1320,TRUE,4.97,Vietnam,https://www.lazada.vn/products/pdp-i2042022468.html
2522093378,Ginseng 1700 Skin Care Mask Moisturizes and Prevents Skin Aging Soft Grass 18g,149555,Cỏ Mềm,2.00164E+11,Cỏ Mềm Official,50000,,1400,164,TRUE,4.99,Vietnam,https://www.lazada.vn/products/pdp-i2522093378.html
886462432,"3S Facial Cleansing Oil Cleans Sebum and Makeup Residue on the Skin, Brightens and Smooths Skin Homelab Soft Grass",149555,Cỏ Mềm,2.00164E+11,Cỏ Mềm Official,202000,,709,149,TRUE,4.93,Vietnam,https://www.lazada.vn/products/pdp-i886462432.html
3006295347,[Free Gift Not for Sale] Makeup Remover and Cleanser for All Skin Types Soft Grass Silk 50ml,149555,Cỏ Mềm,2.00164E+11,Cỏ Mềm Official,120000,,108,24,TRUE,4.83,Vietnam,https://www.lazada.vn/products/pdp-i3006295347.html
2922064881,Cushion Concealer Makeup Foundation Thin Smooth Glassy Spf 35 Pa+++ Soft Grass 15Gr,149555,Cỏ Mềm,2.00164E+11,Cỏ Mềm Official,311000,327000,342,110,TRUE,5,Vietnam,https://www.lazada.vn/products/pdp-i2922064881.html
3050438065,"Vitamin C Series Makeup Remover Helps Deeply Cleanse, Moisturize, Brighten Skin Soft Grass 150ml",149555,Cỏ Mềm,2.00164E+11,Cỏ Mềm Official,202000,,32,8,TRUE,5,Vietnam,https://www.lazada.vn/products/pdp-i3050438065.html
2091398518,Gentle Facial Cleansing and Exfoliating Combo to Clean Acne and Blackheads Soft Grass 200g,149555,Cỏ Mềm,2.00164E+11,Cỏ Mềm Official,230000,,46,14,TRUE,5,Vietnam,https://www.lazada.vn/products/pdp-i2091398518.html
886496079,[Price Support 27K] Wings up Deodorant Powder Effectively Eliminates Underarm Odor and Foot Odor for Men and Women Effectively Reduces Sweat Odor Soft Grass 25g,149555,Cỏ Mềm,2.00164E+11,Cỏ Mềm Official,130000,137000,8200,1823,TRUE,4.96,Vietnam,https://www.lazada.vn/products/pdp-i886496079.html
2193738453,"Combo of 2 Wings up Deodorant Powder to Eliminate Foot Odor, Underarm Odor, Reduce Sweating, Soft Grass Odor 25g",149555,Cỏ Mềm,2.00164E+11,Cỏ Mềm Official,240000,310000,556,170,TRUE,5,Vietnam,https://www.lazada.vn/products/pdp-i2193738453.html
886470325,Homelab Natural Bath Soap with Fragrant Seeds That Arrive All Year Round Soft Grass for Soft and Smooth Skin,149555,Cỏ Mềm,2.00164E+11,Cỏ Mềm Official,212000,,47,9,FALSE,4.89,Hà Nội,https://www.lazada.vn/products/pdp-i886470325.html
2742025805,Foaming Facial Cleanser for All Skin Types Soft Grass 30ml,149555,Cỏ Mềm,2.00164E+11,Cỏ Mềm Official,82000,,109,33,FALSE,5,Hà Nội,https://www.lazada.vn/products/pdp-i2742025805.html
2365030354,Ginseng Foaming Facial Cleanser 1700 Cleanses Skin and Unclogs Pores Soft Grass 150ml,149555,Cỏ Mềm,2.00164E+11,Cỏ Mềm Official,239000,252000,634,206,FALSE,4.98,Hà Nội,https://www.lazada.vn/products/pdp-i2365030354.html
3305119744,Set of 5 New Year Lucky Money Envelopes with Green Lucky Fortune and Soft Grass for 2026,149555,Cỏ Mềm,2.00164E+11,Cỏ Mềm Official,60000,,183,44,FALSE,5,Hà Nội,https://www.lazada.vn/products/pdp-i3305119744.html
13347039802,"Pink Moisturizing Lip Balm Reduces Dark Lips, Helps Make Lips Plump, Soft, and Smooth 3.6g",149555,Cỏ Mềm,2.00164E+11,Cỏ Mềm Official,119000,130000,15,3,FALSE,5,Hà Nội,https://www.lazada.vn/products/pdp-i13347039802.html
2372036079,Complete Combo Set of Ginseng Skin Care 1700 Moisturizes and Nourishes Skin Prevents Aging Dull Skin Wrinkles Brown Spots Soft Grass,149555,Cỏ Mềm,2.00164E+11,Cỏ Mềm Official,1920000,2200000,90,29,FALSE,4.9,Hà Nội,https://www.lazada.vn/products/pdp-i2372036079.html
3209923450,"Rosemary Anti-Dandruff Shampoo Helps Improve Dandruff, Itchy Scalp, Reduces Oiliness and Helps Prevent Soft Grass Dandruff",149555,Cỏ Mềm,2.00164E+11,Cỏ Mềm Official,287000,302000,29,10,FALSE,5,Hà Nội,https://www.lazada.vn/products/pdp-i3209923450.html
1826109821,Safe Anti-Dandruff Shampoo Balancing Soft Grass Oil 250ml,149555,Cỏ Mềm,2.00164E+11,Cỏ Mềm Official,244000,257000,935,221,FALSE,4.94,Vietnam,https://www.lazada.vn/products/pdp-i1826109821.html
2503079836,2-Step Skin Care Set: Makeup Remover and Anti-Aging Facial Cleanser with Ginseng 1700,149555,Cỏ Mềm,2.00164E+11,Cỏ Mềm Official,490000,510000,59,22,FALSE,4.95,Hà Nội,https://www.lazada.vn/products/pdp-i2503079836.html
886448479,Taptap Natural Herbal Facial Cleansing Powder Reduces Acne and Blackheads Homelab Soft Grass 50g,149555,Cỏ Mềm,2.00164E+11,Cỏ Mềm Official,122000,,1600,355,FALSE,4.95,Vietnam,https://www.lazada.vn/products/pdp-i886448479.html
3209892954,"Rosemary Hair Shampoo and Conditioner Combo Cleans Dandruff, Reduces Dandruff and Itching for Smooth, Bouncy Hair with Soft Grass",149555,Cỏ Mềm,2.00164E+11,Cỏ Mềm Official,604000,665000,14,4,FALSE,5,Vietnam,https://www.lazada.vn/products/pdp-i3209892954.html
2801962264,"Keratin Hair Conditioner Restores Natural Soft and Smooth Hair, Improves Dryness and Split Ends, Soft Grass Avocado 200g",149555,Cỏ Mềm,2.00164E+11,Cỏ Mềm Official,257000,260000,66,16,FALSE,5,Hà Nội,https://www.lazada.vn/products/pdp-i2801962264.html
2372049277,Combo of 3 Facial Cleansing Foam Serum and Ginseng Cream 1700 Anti-Aging Soft Grass Skin 500Gr,149555,Cỏ Mềm,2.00164E+11,Cỏ Mềm Official,1380000,1670000,109,40,FALSE,5,Hà Nội,https://www.lazada.vn/products/pdp-i2372049277.html
2828387129,[Mini Size] Pink Cloud Feminine Hygiene Foam with Soft Betel Grass Essence 50ml,149555,Cỏ Mềm,2.00164E+11,Cỏ Mềm Official,132000,,124,35,FALSE,4.91,Hà Nội,https://www.lazada.vn/products/pdp-i2828387129.html
2701678852,"Combo Ginseng Serum Facial Cleanser 1700 Cleanses Skin, Moisturizes, Prevents Skin Aging, Softens Grass Skin",149555,Cỏ Mềm,2.00164E+11,Cỏ Mềm Official,840000,960000,0,2,FALSE,5,Hà Nội,https://www.lazada.vn/products/pdp-i2701678852.html
